关卡牌局代码,地形编号,开始次数,净过关次数,在线胜率(%),模拟胜率(%),差值(sim-online),绝对差值,模拟胜利,模拟失败,模拟平均步数,耗时ms,地形总牌数
5-2-2-9-56717259,100002,39215,37582,95.84,100.00,4.16,4.16,200,0,39.0,80,39
7-3-7-13-1627787459,200012,34833,21463,61.62,96.00,34.38,34.38,192,8,54.0,170,54
5-7-9-14-284673124,200007,34618,30330,87.61,100.00,12.39,12.39,200,0,57.0,166,57
4-3-2-11-894424826,100008,34103,32053,93.99,100.00,6.01,6.01,200,0,42.0,64,42
5-3-2-8-2055937765,100009,33934,26729,78.77,96.00,17.23,17.23,192,8,42.0,103,42
6-5-8-8-1378250419,200003,33836,29429,86.98,100.00,13.02,13.02,200,0,42.0,100,42
5-9-3-10-474961651,100002,33621,31579,93.93,100.00,6.07,6.07,200,0,39.0,67,39
3-8-9-12-73570277,200004,33142,25011,75.47,99.50,24.03,24.03,199,1,48.0,131,48
3-6-3-11-1506752473,100010,32719,21741,66.45,97.50,31.05,31.05,195,5,54.0,173,54
2-5-7-12-20644418,100026,32706,27179,83.10,100.00,16.90,16.90,200,0,54.0,189,54
7-7-3-10-1569851149,200015,31924,29921,93.73,100.00,6.27,6.27,200,0,54.0,387,54
3-1-4-7-63798979,100040,29441,27411,93.10,100.00,6.90,6.90,200,0,48.0,547,48
5-2-8-6-1618774090,100040,28978,26074,89.98,100.00,10.02,10.02,200,0,48.0,441,48
9-5-9-12-852990572,200007,28915,20595,71.23,74.50,3.27,3.27,149,51,57.0,178,57
1-5-9-14-306970427,200012,28808,25337,87.95,100.00,12.05,12.05,200,0,54.0,219,54
3-5-4-11-283739285,100008,28787,25037,86.97,100.00,13.03,13.03,200,0,42.0,72,42
2-5-2-9-1418056602,100009,28302,21259,75.11,98.50,23.39,23.39,197,3,42.0,94,42
5-8-4-10-2065905104,200003,28236,23693,83.91,100.00,16.09,16.09,200,0,42.0,76,42
1-8-9-14-815256076,200015,27739,24348,87.78,100.00,12.22,12.22,200,0,54.0,336,54
8-9-7-9-1220514995,200004,26996,24004,88.92,97.00,8.08,8.08,194,6,48.0,134,48
9-6-7-12-1172693894,100026,26756,20055,74.96,99.00,24.04,24.04,198,2,54.0,134,54
2-5-6-13-417806506,100010,24833,17915,72.14,99.00,26.86,26.86,198,2,54.0,138,54
8-9-5-10-1231195455,100002,24551,23366,95.17,100.00,4.83,4.83,200,0,39.0,47,39
3-6-5-9-141460796,100008,23503,17532,74.59,99.00,24.41,24.41,198,2,42.0,102,42
8-4-5-13-165749961,100026,23246,14992,64.49,98.00,33.51,33.51,196,4,54.0,114,54
8-4-2-12-256858201,200012,23244,14004,60.25,98.50,38.25,38.25,197,3,54.0,145,54
9-9-5-14-476160617,200007,23023,5149,22.36,14.50,-7.86,7.86,29,171,57.0,132,57
3-6-3-11-368073261,100010,22895,16593,72.47,96.50,24.03,24.03,193,7,54.0,181,54
4-9-6-8-234806128,100009,22656,21481,94.81,100.00,5.19,5.19,200,0,42.0,133,42
3-7-9-9-25160818,200003,22456,18220,81.14,99.50,18.36,18.36,199,1,42.0,122,42
9-2-8-9-964359838,100040,22352,18900,84.56,99.50,14.94,14.94,199,1,48.0,427,48
9-5-1-13-2008390322,200015,22178,13994,63.10,94.50,31.40,31.40,189,11,54.0,269,54
3-8-9-12-1455592508,200004,20968,9977,47.58,84.00,36.42,36.42,168,32,48.0,123,48
8-1-7-10-1616385220,200012,12357,8767,70.95,96.50,25.55,25.55,193,7,54.0,217,54
2-5-1-10-1447252652,100002,12172,10863,89.25,100.00,10.75,10.75,200,0,39.0,71,39
2-5-6-13-1948683737,100010,11982,9100,75.95,100.00,24.05,24.05,200,0,54.0,141,54
7-5-8-9-1207295261,100009,11924,8318,69.76,94.50,24.74,24.74,189,11,42.0,80,42
5-7-9-14-1898185760,200007,11771,9780,83.09,100.00,16.91,16.91,200,0,57.0,181,57
2-2-2-12-1290794734,200004,11649,6625,56.87,81.50,24.63,24.63,163,37,48.0,95,48
1-6-3-8-155844256,100008,11630,11087,95.33,100.00,4.67,4.67,200,0,42.0,176,42
3-6-9-12-1793236849,100010,11608,8857,76.30,100.00,23.70,23.70,200,0,54.0,201,54
8-9-7-9-650494639,200004,11174,9655,86.41,100.00,13.59,13.59,200,0,48.0,151,48
6-5-8-8-2112527324,200003,11155,9468,84.88,100.00,15.12,15.12,200,0,42.0,100,42
9-5-2-8-640786469,100009,11150,9024,80.93,68.00,-12.93,12.93,136,64,42.0,119,42
5-8-9-11-446647845,200003,11138,3117,27.99,58.50,30.51,30.51,117,83,42.0,67,42
8-2-5-13-1898227314,200007,11042,5649,51.16,66.50,15.34,15.34,133,67,57.0,167,57
5-8-3-11-1185362931,100008,11025,8876,80.51,93.00,12.49,12.49,186,14,42.0,77,42
7-7-3-10-1253062599,200015,10958,9066,82.73,99.50,16.77,16.77,199,1,54.0,318,54
9-5-1-13-1977128911,200015,10904,7712,70.73,89.50,18.77,18.77,179,21,54.0,242,54
5-9-6-10-366667489,200012,10883,2062,18.95,33.00,14.05,14.05,66,134,54.0,165,54
4-7-8-8-1175318129,100040,10859,6640,61.15,74.50,13.35,13.35,149,51,48.0,369,48
4-7-8-8-1318715517,100040,10455,6294,60.20,94.50,34.30,34.30,189,11,48.0,383,48
8-4-5-13-1590830761,100026,9854,7571,76.83,99.50,22.67,22.67,199,1,54.0,118,54
8-5-9-14-1720496447,100026,9574,2660,27.78,73.50,45.72,45.72,147,53,54.0,102,54
6-2-6-14-1637285911,200010,9467,1056,11.15,5.50,-5.65,5.65,11,189,57.0,129,57
6-3-5-10-140999069,100002,9378,6631,70.71,86.00,15.29,15.29,172,28,39.0,54,39
5-6-7-8-524450595,100040,9377,6731,71.78,99.50,27.72,27.72,199,1,48.0,330,48
8-3-9-13-598872161,100010,9232,5923,64.16,94.50,30.34,30.34,189,11,54.0,157,54
9-5-9-12-49368688,200007,9028,1300,14.40,23.50,9.10,9.10,47,153,57.0,166,57
2-9-7-11-1102392293,200003,8632,6512,75.44,99.00,23.56,23.56,198,2,42.0,96,42
3-5-7-10-282103655,100008,8590,6107,71.09,99.00,27.91,27.91,198,2,42.0,94,42
5-9-8-11-1550551944,200004,8457,4505,53.27,69.00,15.73,15.73,138,62,48.0,97,48
1-5-9-14-1638733117,200012,8427,4884,57.96,74.00,16.04,16.04,148,52,54.0,210,54
2-5-2-9-373579457,100009,8363,4768,57.01,100.00,42.99,42.99,200,0,42.0,110,42
9-5-5-14-646473892,100026,8262,4592,55.58,93.50,37.92,37.92,187,13,54.0,100,54
2-9-7-10-1324820564,200015,8147,5888,72.27,94.50,22.23,22.23,189,11,54.0,325,54
4-9-6-8-792171460,100009,7216,6810,94.37,100.00,5.63,5.63,200,0,42.0,131,42
3-7-9-9-1592283681,200003,7095,6425,90.56,100.00,9.44,9.44,200,0,42.0,116,42
7-2-1-12-1442763123,200007,7008,6573,93.79,100.00,6.21,6.21,200,0,57.0,259,57
6-6-9-8-904838019,100008,6976,5349,76.68,99.50,22.82,22.82,199,1,42.0,103,42
3-6-9-6-1513937923,100001,6906,6541,94.71,100.00,5.29,5.29,200,0,22.0,46,24
4-9-6-10-1453691158,200012,6879,5456,79.31,100.00,20.69,20.69,200,0,54.0,246,54
9-2-5-12-59138711,100040,6749,4146,61.43,97.00,35.57,35.57,194,6,48.0,241,48
3-2-5-12-611651086,100010,6745,3172,47.03,77.00,29.97,29.97,154,46,54.0,192,54
4-3-3-8-870315622,100040,6548,4750,72.54,99.50,26.96,26.96,199,1,48.0,353,48
3-2-6-11-126216040,200010,6535,3692,56.50,80.00,23.50,23.50,160,40,57.0,245,57
3-9-1-10-201440351,100010,6524,5500,84.30,100.00,15.70,15.70,200,0,54.0,287,54
8-9-1-14-1295604928,100004,6363,4030,63.33,99.50,36.17,36.17,199,1,60.0,213,60
5-5-6-9-1619448877,100002,6307,5730,90.85,100.00,9.15,9.15,200,0,39.0,58,39
9-6-7-14-766835731,200012,6241,1375,22.03,58.50,36.47,36.47,117,83,54.0,112,54
9-9-5-14-1679917473,200007,6192,4017,64.87,93.50,28.63,28.63,187,13,57.0,133,57
5-9-8-11-1258708744,200004,6138,4383,71.41,99.00,27.59,27.59,198,2,48.0,115,48
5-8-2-15-1267562710,200007,6080,869,14.29,12.50,-1.79,1.79,25,175,57.0,103,57
2-9-7-10-2054288810,200003,6018,4803,79.81,98.50,18.69,18.69,197,3,42.0,131,42
2-5-2-9-1598249322,100009,5979,4185,70.00,100.00,30.00,30.00,200,0,42.0,104,42
1-8-9-14-780794592,200015,5967,3790,63.52,98.00,34.48,34.48,196,4,54.0,207,54
4-6-2-15-1465668458,100021,5937,4958,83.51,100.00,16.49,16.49,200,0,72.0,309,72
9-3-1-9-566948559,200012,5747,4751,82.67,100.00,17.33,17.33,200,0,54.0,394,54
9-5-5-14-362185415,100026,5742,2964,51.62,98.50,46.88,46.88,197,3,54.0,128,54
9-5-7-13-1245853386,100026,5704,2050,35.94,61.50,25.56,25.56,123,77,54.0,109,54
2-6-4-11-83536910,100008,5700,4849,85.07,100.00,14.93,14.93,200,0,42.0,95,42
8-5-7-12-936430523,200004,5503,2114,38.42,68.50,30.08,30.08,137,63,48.0,128,48
3-3-4-12-400297177,100010,5198,3251,62.54,100.00,37.46,37.46,200,0,54.0,176,54
5-6-8-10-367995863,200015,5000,3424,68.48,99.00,30.52,30.52,198,2,54.0,204,54
6-5-8-8-2058410677,200003,4945,4252,85.99,100.00,14.01,14.01,200,0,42.0,104,42
3-7-9-6-1500971109,100008,4919,4583,93.17,100.00,6.83,6.83,200,0,42.0,209,42
6-9-7-10-1761701050,100002,4639,3281,70.73,100.00,29.27,29.27,200,0,39.0,52,39
5-2-8-15-1190199891,200007,4522,1535,33.95,99.50,65.55,65.55,199,1,57.0,175,57
4-9-6-8-1858044781,100009,4502,3595,79.85,100.00,20.15,20.15,200,0,42.0,130,42
4-8-8-14-1103592048,200012,4386,2406,54.86,100.00,45.14,45.14,200,0,54.0,109,54
1-8-6-10-1958004206,100040,4327,3587,82.90,100.00,17.10,17.10,200,0,48.0,325,48
5-4-9-12-607524046,200004,4292,3024,70.46,100.00,29.54,29.54,200,0,48.0,166,48
3-8-6-12-1567142398,100010,4146,2594,62.57,99.50,36.93,36.93,199,1,54.0,156,54
3-6-5-7-753462900,200004,4097,3302,80.60,100.00,19.40,19.40,200,0,48.0,220,48
9-9-5-14-2032573128,200007,3982,1743,43.77,91.00,47.23,47.23,182,18,57.0,134,57
8-9-7-9-49335105,200004,3919,3058,78.03,99.50,21.47,21.47,199,1,48.0,136,48
4-1-3-8-171549570,200015,3804,3498,91.96,100.00,8.04,8.04,200,0,54.0,260,54
5-9-6-10-1808414602,200012,3612,1975,54.68,97.00,42.32,42.32,194,6,54.0,155,54
7-2-2-14-1164975412,100034,3515,1845,52.49,87.00,34.51,34.51,174,26,72.0,336,72
6-9-5-12-668183108,100026,3508,1865,53.16,99.50,46.34,46.34,199,1,54.0,149,54
3-3-4-12-1853324629,100010,3386,1963,57.97,97.50,39.53,39.53,195,5,54.0,189,54
9-4-2-11-1636050657,100009,3380,2678,79.23,100.00,20.77,20.77,200,0,42.0,90,42
9-5-9-12-1367215434,200007,3328,1737,52.19,92.50,40.31,40.31,185,15,57.0,172,57
6-5-6-12-1759135965,100026,3313,2114,63.81,99.00,35.19,35.19,198,2,54.0,162,54
7-5-8-9-2037095272,100009,3309,2869,86.70,100.00,13.30,13.30,200,0,42.0,73,42
2-8-9-13-974351898,200012,3294,1282,38.92,71.00,32.08,32.08,142,58,54.0,178,54
6-7-1-14-484149411,100026,3231,1733,53.64,99.50,45.86,45.86,199,1,54.0,223,54
9-5-3-12-529092644,100026,3129,2369,75.71,100.00,24.29,24.29,200,0,54.0,165,54
6-1-7-12-1460536077,200015,3076,2177,70.77,97.50,26.73,26.73,195,5,54.0,361,54
3-7-6-10-1011770516,200003,2887,2178,75.44,97.50,22.06,22.06,195,5,42.0,68,42
2-5-6-13-112814722,100010,2865,1331,46.46,84.00,37.54,37.54,168,32,54.0,141,54
4-8-9-10-449956610,100002,2820,2479,87.91,100.00,12.09,12.09,200,0,39.0,71,39
1-2-4-14-556491290,200010,2786,1583,56.82,78.50,21.68,21.68,157,43,57.0,261,57
8-1-7-10-1113274906,200012,2599,1855,71.37,100.00,28.63,28.63,200,0,54.0,237,54
2-8-1-11-914433613,100008,2584,1983,76.74,100.00,23.26,23.26,200,0,42.0,100,42
4-9-6-8-1331527505,100009,2574,1776,69.00,100.00,31.00,31.00,200,0,42.0,97,42
3-6-3-13-2135051854,100034,2555,1416,55.42,96.50,41.08,41.08,193,7,72.0,285,72
2-2-4-6-516912024,100006,2546,2255,88.57,100.00,11.43,11.43,200,0,42.0,111,42
6-5-8-8-177839705,200003,2527,2025,80.13,100.00,19.87,19.87,200,0,42.0,101,42
4-2-1-11-366039763,200007,2517,2187,86.89,100.00,13.11,13.11,200,0,57.0,224,57
4-8-2-11-416714199,100040,2512,1792,71.34,97.50,26.16,26.16,195,5,48.0,295,48
3-9-1-10-1437898536,100010,2489,1836,73.76,100.00,26.24,26.24,200,0,54.0,287,54
7-9-3-22-1134896836,100061,2471,1171,47.39,98.50,51.11,51.11,197,3,102.0,936,102
9-2-1-10-992417545,100008,2456,2288,93.16,100.00,6.84,6.84,200,0,42.0,139,42
4-4-3-19-169896340,100063,2417,778,32.19,75.00,42.81,42.81,150,50,99.0,1032,99
3-6-5-7-1300720893,200004,2385,1912,80.17,100.00,19.83,19.83,200,0,48.0,215,48
7-1-2-18-283465020,100041,2377,1807,76.02,100.00,23.98,23.98,200,0,72.0,348,72
3-3-7-14-337412540,200007,2341,1032,44.08,91.00,46.92,46.92,182,18,57.0,141,57
1-8-6-10-493415321,100040,2318,1660,71.61,100.00,28.39,28.39,200,0,48.0,378,48
5-2-2-10-306512679,200012,2317,1222,52.74,82.50,29.76,29.76,165,35,54.0,207,54
6-3-7-14-15122547,100026,2288,830,36.28,64.50,28.22,28.22,129,71,54.0,116,54
8-1-7-10-1122611271,200012,2224,1147,51.57,97.00,45.43,45.43,194,6,54.0,210,54
1-8-9-14-1416127145,200015,2181,1337,61.30,99.00,37.70,37.70,198,2,54.0,208,54
3-6-1-11-94008267,200003,2180,938,43.03,84.50,41.47,41.47,169,31,42.0,82,42
2-2-1-15-1852844686,200007,2178,1239,56.89,95.00,38.11,38.11,190,10,57.0,218,57
3-7-7-11-1316746172,200003,2159,1574,72.90,100.00,27.10,27.10,200,0,42.0,111,42
9-9-4-15-854056714,200007,2088,605,28.98,77.00,48.02,48.02,154,46,57.0,168,57
3-2-2-20-1589224852,500001,2076,1032,49.71,100.00,50.29,50.29,200,0,78.0,300,78
2-8-3-8-837038233,100008,2028,1693,83.48,100.00,16.52,16.52,200,0,42.0,138,42
9-5-3-12-1453237172,100026,2002,1130,56.44,100.00,43.56,43.56,200,0,54.0,149,54
6-5-9-10-1675873812,200003,1912,831,43.46,72.00,28.54,28.54,144,56,42.0,70,42
8-4-5-13-1227238515,100026,1830,579,31.64,100.00,68.36,68.36,200,0,54.0,115,54
2-9-7-14-73137766,100010,1825,1018,55.78,100.00,44.22,44.22,200,0,54.0,189,54
9-6-6-5-359897715,100009,1811,1608,88.79,100.00,11.21,11.21,200,0,42.0,123,42
9-3-6-11-1601603057,200004,1807,200,11.07,14.00,2.93,2.93,28,172,48.0,131,48
3-9-4-10-1611515397,200012,1790,1066,59.55,99.50,39.95,39.95,199,1,54.0,240,54
4-3-7-12-229595959,200007,1788,1307,73.10,99.50,26.40,26.40,199,1,57.0,187,57
8-1-7-18-411954126,100093,1756,216,12.30,35.50,23.20,23.20,71,129,96.0,19131,96
4-3-6-9-641998791,200015,1690,1166,68.99,100.00,31.01,31.01,200,0,54.0,338,54
3-8-9-11-1855175220,200004,1688,771,45.68,76.50,30.82,30.82,153,47,48.0,161,48
9-9-5-14-1792126750,200007,1684,1121,66.57,98.50,31.93,31.93,197,3,57.0,175,57
4-9-6-8-175372921,100009,1668,1319,79.08,100.00,20.92,20.92,200,0,42.0,137,42
3-7-2-10-785463290,200007,1650,885,53.64,80.50,26.86,26.86,161,39,57.0,222,57
5-8-8-10-1503347691,200004,1645,1122,68.21,100.00,31.79,31.79,200,0,48.0,146,48
6-3-6-13-70881245,100026,1640,707,43.11,85.00,41.89,41.89,170,30,54.0,131,54
8-5-5-12-2026022116,100026,1611,1102,68.40,80.00,11.60,11.60,160,40,54.0,139,54
1-5-9-14-1372836591,200012,1609,587,36.48,92.50,56.02,56.02,185,15,54.0,231,54
3-6-9-13-347808302,100010,1583,759,47.95,98.00,50.05,50.05,196,4,54.0,188,54
8-3-9-13-125831418,100010,1548,907,58.59,100.00,41.41,41.41,200,0,54.0,135,54
4-2-2-11-1048614710,200012,1511,893,59.10,97.00,37.90,37.90,194,6,54.0,212,54
4-5-2-7-544909645,200015,1499,1115,74.38,100.00,25.62,25.62,200,0,54.0,381,54
4-8-8-14-1848178681,200012,1492,776,52.01,98.00,45.99,45.99,196,4,54.0,170,54
6-7-5-13-1025027369,100026,1477,916,62.02,100.00,37.98,37.98,200,0,54.0,117,54
9-9-2-15-599285093,200010,1463,672,45.93,86.00,40.07,40.07,172,28,57.0,223,57
9-2-8-9-1955175113,100040,1425,993,69.68,100.00,30.32,30.32,200,0,48.0,464,48
9-2-8-9-475852910,100040,1416,540,38.14,87.50,49.36,49.36,175,25,48.0,385,48
3-2-5-12-919527696,100010,1402,576,41.08,97.50,56.42,56.42,195,5,54.0,170,54
5-1-3-23-46216807,100086,1387,316,22.78,93.50,70.72,70.72,187,13,117.0,2663,117
5-2-8-6-210008701,100040,1383,930,67.25,84.50,17.25,17.25,169,31,48.0,451,48
3-3-6-9-157850138,200007,1372,879,64.07,99.00,34.93,34.93,198,2,57.0,228,57
3-8-9-11-1991454686,200004,1363,694,50.92,93.50,42.58,42.58,187,13,48.0,159,48
6-7-2-12-182340579,200004,1318,824,62.52,99.50,36.98,36.98,199,1,48.0,148,48
6-2-4-10-824060172,200012,1279,762,59.58,89.50,29.92,29.92,179,21,54.0,184,54
9-9-5-14-1336417582,200007,1266,64,5.06,20.50,15.44,15.44,41,159,57.0,150,57
4-3-6-9-51158828,200015,1230,806,65.53,96.50,30.97,30.97,193,7,54.0,341,54
3-8-3-14-2006835512,100026,1230,637,51.79,90.00,38.21,38.21,180,20,54.0,130,54
2-2-1-9-537723634,100002,1206,843,69.90,100.00,30.10,30.10,200,0,39.0,85,39
3-6-6-11-2022631346,100010,1195,601,50.29,98.50,48.21,48.21,197,3,54.0,161,54
4-8-2-11-1673016249,100040,1185,468,39.49,96.00,56.51,56.51,192,8,48.0,313,48
3-1-3-11-431127941,100008,1175,1017,86.55,100.00,13.45,13.45,200,0,42.0,101,42
9-9-4-15-2034530264,200007,1166,656,56.26,99.00,42.74,42.74,198,2,57.0,138,57
3-2-9-9-382342794,100010,1159,614,52.98,100.00,47.02,47.02,200,0,54.0,293,54
8-2-9-13-1782577181,100026,1137,772,67.90,100.00,32.10,32.10,200,0,54.0,186,54
9-3-7-8-912653007,200003,1126,617,54.80,99.50,44.70,44.70,199,1,42.0,133,42
2-3-8-12-1048448507,100010,1124,285,25.36,66.00,40.64,40.64,132,68,54.0,205,54
2-7-9-12-1674609735,100010,1119,500,44.68,91.50,46.82,46.82,183,17,54.0,241,54
8-9-5-10-1190696301,100002,1116,722,64.70,97.00,32.30,32.30,194,6,39.0,54,39
3-6-5-11-1411851161,200004,1107,519,46.88,78.00,31.12,31.12,156,44,48.0,101,48
4-7-8-8-1536951209,100040,1103,680,61.65,98.50,36.85,36.85,197,3,48.0,397,48
7-9-9-14-721335329,200015,1094,570,52.10,96.00,43.90,43.90,192,8,54.0,131,54
6-8-5-15-718724937,200007,1080,263,24.35,50.50,26.15,26.15,101,99,57.0,101,57
7-6-4-20-1459650687,100064,1080,311,28.80,86.00,57.20,57.20,172,28,126.0,1946,126
8-5-2-16-1916087256,100084,1072,236,22.01,95.50,73.49,73.49,191,9,102.0,3209,102
9-3-7-10-726934605,100040,1071,326,30.44,74.50,44.06,44.06,149,51,48.0,279,48
3-5-7-10-117892677,100008,1064,665,62.50,99.50,37.00,37.00,199,1,42.0,76,42
2-9-2-13-725874506,200012,1058,406,38.37,98.00,59.63,59.63,196,4,54.0,199,54
4-3-3-8-1447554851,100040,1048,724,69.08,99.00,29.92,29.92,198,2,48.0,340,48
6-3-7-13-1633948021,100026,1037,524,50.53,82.50,31.97,31.97,165,35,54.0,158,54
6-7-2-12-1154149677,200004,1036,746,72.01,98.50,26.49,26.49,197,3,48.0,161,48
3-8-8-11-687753464,100008,1034,739,71.47,100.00,28.53,28.53,200,0,42.0,73,42
9-5-1-13-424334267,200015,1028,836,81.32,100.00,18.68,18.68,200,0,54.0,231,54
6-9-1-10-987075014,100002,1025,816,79.61,100.00,20.39,20.39,200,0,39.0,93,39
7-7-3-10-1354274236,200015,1014,788,77.71,100.00,22.29,22.29,200,0,54.0,324,54
8-4-5-13-807838023,100026,1001,525,52.45,100.00,47.55,47.55,200,0,54.0,116,54
9-1-5-15-1325389182,200007,997,883,88.57,100.00,11.43,11.43,200,0,57.0,202,57
8-2-9-13-1849649702,100026,993,653,65.76,100.00,34.24,34.24,200,0,54.0,153,54
3-7-1-11-1953672257,200003,976,398,40.78,95.00,54.22,54.22,190,10,42.0,80,42
9-1-4-11-757882558,200004,971,783,80.64,100.00,19.36,19.36,200,0,48.0,166,48
2-9-7-11-746779711,200003,960,431,44.90,86.00,41.10,41.10,172,28,42.0,90,42
1-1-3-25-479134804,100093,942,477,50.64,95.00,44.36,44.36,190,10,96.0,9275,96
3-6-8-9-1535201331,100002,941,859,91.29,100.00,8.71,8.71,200,0,39.0,76,39
3-4-2-12-807668178,200010,898,130,14.48,58.00,43.52,43.52,116,84,57.0,243,57
7-8-4-8-836089026,200012,898,631,70.27,100.00,29.73,29.73,200,0,54.0,225,54
2-5-2-9-489471248,100009,897,532,59.31,96.50,37.19,37.19,193,7,42.0,94,42
8-8-4-18-1892156561,100063,895,142,15.87,92.50,76.63,76.63,185,15,99.0,579,99
3-2-2-20-2017352262,500001,886,332,37.47,100.00,62.53,62.53,200,0,78.0,290,78
9-3-2-9-7806217,100002,882,721,81.75,100.00,18.25,18.25,200,0,39.0,76,39
6-3-3-13-227541329,200012,867,530,61.13,75.00,13.87,13.87,150,50,54.0,176,54
2-5-2-10-2080855627,100008,861,421,48.90,90.50,41.60,41.60,181,19,42.0,73,42
5-2-1-10-1995414902,200003,849,500,58.89,98.50,39.61,39.61,197,3,42.0,130,42
3-1-7-12-1738946395,200007,836,375,44.86,96.00,51.14,51.14,192,8,57.0,232,57
7-5-6-12-275990819,200012,832,191,22.96,75.00,52.04,52.04,150,50,54.0,135,54
8-9-1-14-545734118,100004,826,408,49.39,100.00,50.61,50.61,200,0,60.0,225,60
8-4-2-12-1548306441,200012,812,396,48.77,99.50,50.73,50.73,199,1,54.0,135,54
2-7-3-14-1131539159,200015,796,330,41.46,81.00,39.54,39.54,162,38,54.0,205,54
6-4-8-11-1193081105,100026,779,216,27.73,95.50,67.77,67.77,191,9,54.0,164,54
1-5-2-11-69690737,100009,776,269,34.66,51.00,16.34,16.34,102,98,42.0,133,42
7-7-4-14-230658716,100093,769,263,34.20,60.00,25.80,25.80,120,80,96.0,11624,96
6-3-6-13-193955091,100026,765,275,35.95,77.50,41.55,41.55,155,45,54.0,120,54
2-5-6-13-435027142,100010,763,412,54.00,100.00,46.00,46.00,200,0,54.0,178,54
5-2-8-18-525856702,100097,731,400,54.72,94.50,39.78,39.78,189,11,84.0,450,84
7-4-1-15-372492010,100090,727,446,61.35,91.50,30.15,30.15,183,17,81.0,1018,81
4-7-4-25-1192900149,100052,726,186,25.62,52.50,26.88,26.88,105,95,120.0,687,120
3-8-9-11-1156870387,200004,726,242,33.33,66.00,32.67,32.67,132,68,48.0,187,48
6-2-2-20-929810040,100096,719,126,17.52,38.50,20.98,20.98,77,123,96.0,1471,96
2-9-7-14-827142795,200024,719,595,82.75,99.00,16.25,16.25,198,2,72.0,234,72
1-5-3-17-775826481,100066,717,381,53.14,85.50,32.36,32.36,171,29,93.0,2821,93
8-9-1-15-537414243,100020,711,418,58.79,86.00,27.21,27.21,172,28,66.0,254,66
9-6-1-17-662414117,100084,711,266,37.41,84.00,46.59,46.59,168,32,102.0,5095,102
8-9-1-22-647421158,100095,710,416,58.59,73.50,14.91,14.91,147,53,90.0,563,90
8-3-7-17-1960282942,100050,709,470,66.29,89.50,23.21,23.21,179,21,78.0,590,78
5-1-2-13-36950248,100023,706,650,92.07,100.00,7.93,7.93,200,0,54.0,167,54
7-7-5-12-24832644,200015,703,331,47.08,82.50,35.42,35.42,165,35,54.0,218,54
1-8-9-14-1814060218,200015,702,406,57.83,100.00,42.17,42.17,200,0,54.0,267,54
7-4-1-20-945453166,100085,701,419,59.77,81.00,21.23,21.23,162,38,84.0,533,84
5-6-9-11-257378066,100031,697,577,82.78,99.50,16.72,16.72,199,1,60.0,194,60
1-7-9-15-1242990162,100075,697,442,63.41,94.00,30.59,30.59,188,12,84.0,5041,84
6-7-5-17-1440882305,200053,697,451,64.71,98.00,33.29,33.29,196,4,72.0,250,72
1-6-2-25-2052069319,100061,693,160,23.09,87.00,63.91,63.91,174,26,102.0,749,102
7-2-3-19-294045294,100079,693,395,57.00,92.50,35.50,35.50,185,15,75.0,353,75
9-5-7-18-649370082,100083,692,549,79.34,95.00,15.66,15.66,190,10,90.0,723,90
7-6-6-18-1746958685,100069,691,324,46.89,66.50,19.61,19.61,133,67,114.0,1085,114
7-9-6-21-809519560,100065,690,205,29.71,28.50,-1.21,1.21,57,143,108.0,1118,108
5-4-9-12-449110263,200004,688,318,46.22,96.50,50.28,50.28,193,7,48.0,128,48
1-7-2-19-166564506,100078,687,534,77.73,78.50,0.77,0.77,157,43,81.0,982,81
1-3-5-11-266963058,100010,684,463,67.69,100.00,32.31,32.31,200,0,54.0,280,54
2-8-3-18-586888866,100036,684,323,47.22,92.00,44.78,44.78,184,16,90.0,589,90
9-1-6-17-1015877068,100048,683,411,60.18,82.00,21.82,21.82,164,36,66.0,588,66
6-4-3-14-1983003385,100087,682,305,44.72,91.50,46.78,46.78,183,17,102.0,1602,102
9-6-3-23-1208342243,100064,680,227,33.38,33.50,0.12,0.12,67,133,126.0,1361,126
6-1-1-20-551513154,100060,679,501,73.79,91.00,17.21,17.21,182,18,84.0,501,84
3-3-1-17-1607881211,100092,679,527,77.61,90.50,12.89,12.89,181,19,75.0,187,75
3-6-4-14-2129530563,100037,675,122,18.07,52.50,34.43,34.43,105,95,66.0,268,66
6-2-3-19-944802794,100086,675,385,57.04,93.00,35.96,35.96,186,14,117.0,1810,117
6-4-1-14-2075301092,100033,674,492,73.00,96.00,23.00,23.00,192,8,60.0,263,60
6-8-7-13-697357426,100058,674,361,53.56,85.00,31.44,31.44,170,30,84.0,824,84
9-8-6-17-798745259,400011,673,468,69.54,93.00,23.46,23.46,186,14,90.0,440,90
8-3-7-16-863594580,100057,672,525,78.13,96.00,17.87,17.87,192,8,72.0,350,72
1-4-2-15-729289759,100047,671,458,68.26,87.50,19.24,19.24,175,25,72.0,1401,72
4-9-6-8-109368539,100009,671,436,64.98,100.00,35.02,35.02,200,0,42.0,134,42
9-1-4-14-1373698657,100014,671,539,80.33,97.00,16.67,16.67,194,6,54.0,195,54
9-9-1-18-1204902358,100071,671,586,87.33,96.00,8.67,8.67,192,8,72.0,627,72
6-9-1-23-824840896,400012,670,297,44.33,65.00,20.67,20.67,130,70,108.0,999,108
6-6-1-22-1278114826,100070,669,396,59.19,94.50,35.31,35.31,189,11,117.0,1790,117
3-8-2-10-1052288167,100041,667,497,74.51,99.50,24.99,24.99,199,1,72.0,436,72
8-4-4-18-292374545,400017,666,447,67.12,95.50,28.38,28.38,191,9,117.0,670,117
6-2-9-17-2109689145,100094,666,257,38.59,63.00,24.41,24.41,126,74,99.0,640,99
6-9-3-15-279911823,100013,666,470,70.57,96.50,25.93,25.93,193,7,72.0,263,72
5-2-2-14-1684931734,100076,665,542,81.50,100.00,18.50,18.50,200,0,90.0,666,90
8-7-9-21-1518651402,100089,665,287,43.16,62.50,19.34,19.34,125,75,114.0,1189,114
6-1-9-10-677445188,100072,664,562,84.64,99.00,14.36,14.36,198,2,63.0,711,63
6-3-6-10-470267426,100002,663,531,80.09,100.00,19.91,19.91,200,0,39.0,60,39
6-6-7-11-1127330045,100059,663,204,30.77,57.00,26.23,26.23,114,86,81.0,689,81
9-1-8-14-1448433996,100080,663,549,82.81,98.00,15.19,15.19,196,4,69.0,618,69
3-3-5-12-1992725133,100016,661,415,62.78,87.50,24.72,24.72,175,25,66.0,293,66
3-7-2-21-1206386635,400013,657,124,18.87,51.00,32.13,32.13,102,98,108.0,2659,108
8-8-1-14-1576308815,200012,656,476,72.56,100.00,27.44,27.44,200,0,54.0,137,54
4-3-7-12-532422002,200007,656,353,53.81,96.50,42.69,42.69,193,7,57.0,181,57
8-7-1-8-778393163,100056,656,612,93.29,100.00,6.71,6.71,200,0,54.0,677,54
7-3-1-18-1738741356,100007,652,404,61.96,89.00,27.04,27.04,178,22,69.0,280,69
7-1-6-22-844439993,100051,652,475,72.85,90.00,17.15,17.15,180,20,105.0,1505,105
7-3-7-12-1952494075,200010,652,534,81.90,97.00,15.10,15.10,194,6,57.0,303,57
5-8-5-12-1128624091,100030,652,478,73.31,91.00,17.69,17.69,182,18,66.0,224,66
9-9-1-22-514515815,400014,652,298,45.71,80.00,34.29,34.29,160,40,108.0,3596,108
1-5-8-17-451544183,400015,651,487,74.81,99.00,24.19,24.19,198,2,90.0,1040,90
9-3-5-14-366879275,100038,647,528,81.61,98.00,16.39,16.39,196,4,54.0,126,54
2-3-2-13-1503659776,100055,646,390,60.37,92.50,32.13,32.13,185,15,84.0,692,84
3-7-3-13-1484499642,100010,641,308,48.05,94.00,45.95,45.95,188,12,54.0,151,54
6-9-4-16-847517323,200013,639,507,79.34,93.50,14.16,14.16,187,13,63.0,147,63
8-6-1-14-1703300081,100067,637,363,56.99,68.00,11.01,11.01,136,64,90.0,1560,90
9-6-2-15-1105848072,100004,637,503,78.96,99.00,20.04,20.04,198,2,60.0,264,60
4-9-9-14-494913004,100010,635,282,44.41,90.00,45.59,45.59,180,20,54.0,164,54
9-4-8-13-219491444,100028,634,412,64.98,70.50,5.52,5.52,141,59,54.0,203,54
6-7-2-12-1240606283,200004,633,417,65.88,100.00,34.12,34.12,200,0,48.0,185,48
4-9-6-8-1619129058,100009,631,463,73.38,100.00,26.62,26.62,200,0,42.0,149,42
8-6-7-15-1825021384,100046,631,456,72.27,92.00,19.73,19.73,184,16,57.0,128,57
4-8-2-11-1200166877,100040,629,283,44.99,100.00,55.01,55.01,200,0,48.0,368,48
5-3-1-15-672454303,100005,628,546,86.94,96.50,9.56,9.56,193,7,66.0,238,66
9-6-4-11-1980576418,100026,623,412,66.13,99.50,33.37,33.37,199,1,54.0,208,54
3-9-1-12-1634017649,100074,623,549,88.12,99.00,10.88,10.88,198,2,54.0,257,54
6-3-3-16-420393814,100069,623,300,48.15,81.00,32.85,32.85,162,38,114.0,1665,114
7-4-3-22-1733967065,100094,623,249,39.97,14.50,-25.47,25.47,29,171,99.0,477,99
8-5-9-13-1558375573,100081,623,425,68.22,95.50,27.28,27.28,191,9,72.0,911,72
9-9-1-22-919786201,400014,623,330,52.97,53.00,0.03,0.03,106,94,108.0,3122,108
8-2-5-17-1398191001,100034,620,118,19.03,80.50,61.47,61.47,161,39,72.0,169,72
8-1-7-10-141931741,200012,619,426,68.82,100.00,31.18,31.18,200,0,54.0,234,54
8-2-4-11-1588981834,100040,618,379,61.33,90.50,29.17,29.17,181,19,48.0,216,48
4-9-9-17-1803965462,100034,614,438,71.34,98.50,27.16,27.16,197,3,72.0,251,72
7-9-8-12-1536249226,100040,613,394,64.27,99.00,34.73,34.73,198,2,48.0,224,48
1-7-5-14-1915730891,100088,613,344,56.12,85.50,29.38,29.38,171,29,72.0,1797,72
9-2-8-9-356830300,100040,613,341,55.63,99.50,43.87,43.87,199,1,48.0,449,48
6-2-4-14-945680959,200010,612,84,13.73,66.50,52.77,52.77,133,67,57.0,175,57
9-8-6-14-1484497930,100028,608,328,53.95,98.50,44.55,44.55,197,3,54.0,129,54
3-3-1-20-2120066075,100063,604,513,84.93,93.00,8.07,8.07,186,14,99.0,807,99
4-4-3-10-1538905233,100043,602,501,83.22,96.00,12.78,12.78,192,8,78.0,986,78
3-1-1-23-275926813,100064,602,214,35.55,79.00,43.45,43.45,158,42,126.0,1605,126
1-7-8-20-492550814,100087,598,371,62.04,93.00,30.96,30.96,186,14,102.0,1624,102
3-8-4-17-375269101,100097,596,340,57.05,99.00,41.95,41.95,198,2,84.0,369,84
1-2-2-23-1432444281,100070,594,259,43.60,43.00,-0.60,0.60,86,114,117.0,1842,117
7-4-1-23-477566598,100086,593,239,40.30,76.00,35.70,35.70,152,48,117.0,2406,117
7-1-3-20-1844571984,100095,592,354,59.80,86.50,26.70,26.70,173,27,90.0,516,90
5-8-9-12-1713271508,100038,592,453,76.52,94.50,17.98,17.98,189,11,54.0,105,54
9-3-1-12-1771642695,100023,591,562,95.09,100.00,4.91,4.91,200,0,54.0,257,54
6-7-7-18-180522314,400013,591,68,11.51,29.50,17.99,17.99,59,141,108.0,3008,108
3-7-5-18-753926240,100021,591,168,28.43,93.50,65.07,65.07,187,13,72.0,228,72
8-4-1-18-2109017048,100080,590,373,63.22,95.00,31.78,31.78,190,10,69.0,289,69
9-4-2-22-742230327,100096,590,162,27.46,59.00,31.54,31.54,118,82,96.0,1488,96
8-9-2-14-1899146332,100033,590,241,40.85,26.00,-14.85,14.85,52,148,60.0,269,60
1-3-2-17-1168498215,100083,588,420,71.43,93.00,21.57,21.57,186,14,90.0,746,90
3-9-1-12-184476171,100074,587,491,83.65,100.00,16.35,16.35,200,0,54.0,323,54
8-4-5-18-668363950,100061,586,339,57.85,88.50,30.65,30.65,177,23,102.0,624,102
8-7-9-21-858089706,100089,586,362,61.77,91.50,29.73,29.73,183,17,114.0,1158,114
8-6-8-16-697734137,100076,586,214,36.52,69.00,32.48,32.48,138,62,90.0,453,90
5-2-8-16-631483752,100036,582,417,71.65,84.50,12.85,12.85,169,31,90.0,759,90
8-4-4-18-1420782749,400017,582,349,59.97,87.50,27.53,27.53,175,25,117.0,724,117
8-9-8-13-1990078414,100072,581,184,31.67,71.50,39.83,39.83,143,57,63.0,366,63
8-5-2-14-693737470,100055,579,273,47.15,73.00,25.85,25.85,146,54,84.0,501,84
8-2-4-17-618716703,100079,579,220,38.00,83.00,45.00,45.00,166,34,75.0,302,75
4-1-9-19-136779102,100078,579,285,49.22,78.50,29.28,29.28,157,43,81.0,1326,81
1-9-6-15-58092659,100090,579,99,17.10,26.50,9.40,9.40,53,147,81.0,908,81
6-3-6-14-737104676,100031,577,427,74.00,88.50,14.50,14.50,177,23,60.0,152,60
9-6-8-9-1703699642,100081,577,506,87.70,99.00,11.30,11.30,198,2,72.0,1702,72
9-3-1-10-443873297,200012,576,372,64.58,99.50,34.92,34.92,199,1,54.0,275,54
8-7-3-20-285475555,100051,576,79,13.72,37.00,23.28,23.28,74,126,105.0,1245,105
8-5-9-16-1461666131,100013,576,322,55.90,95.50,39.60,39.60,191,9,72.0,214,72
3-6-1-11-659043157,200003,576,321,55.73,91.50,35.77,35.77,183,17,42.0,82,42
4-9-9-15-1955645568,100041,576,333,57.81,95.50,37.69,37.69,191,9,72.0,353,72
4-9-6-8-44166591,100009,575,494,85.91,100.00,14.09,14.09,200,0,42.0,105,42
7-3-1-18-1566611557,100007,575,431,74.96,92.00,17.04,17.04,184,16,69.0,271,69
5-3-3-16-1152204891,100065,575,96,16.70,26.00,9.30,9.30,52,148,108.0,1121,108
8-1-3-19-1393871933,100067,575,310,53.91,76.00,22.09,22.09,152,48,90.0,1104,90
9-5-2-8-906547084,100009,573,266,46.42,100.00,53.58,53.58,200,0,42.0,111,42
8-2-4-25-341102355,100052,573,60,10.47,58.00,47.53,47.53,116,84,120.0,436,120
8-7-2-15-2137836830,200024,572,367,64.16,97.50,33.34,33.34,195,5,72.0,190,72
4-6-5-12-1290558717,200012,571,286,50.09,99.50,49.41,49.41,199,1,54.0,160,54
9-9-4-14-1771645018,100057,569,348,61.16,86.00,24.84,24.84,172,28,72.0,610,72
8-4-5-18-73748193,100061,568,193,33.98,82.50,48.52,48.52,165,35,102.0,646,102
3-2-8-13-759400437,100010,566,118,20.85,55.00,34.15,34.15,110,90,54.0,136,54
1-3-5-11-646066862,100010,565,333,58.94,100.00,41.06,41.06,200,0,54.0,277,54
2-5-5-13-1265654877,100020,565,212,37.52,63.00,25.48,25.48,126,74,66.0,214,66
1-8-6-10-319697592,100040,563,334,59.33,100.00,40.67,40.67,200,0,48.0,426,48
8-3-7-17-61274456,100050,562,387,68.86,99.00,30.14,30.14,198,2,78.0,700,78
1-8-5-18-531909741,100084,561,335,59.71,96.00,36.29,36.29,192,8,102.0,5208,102
9-9-1-18-68781924,100071,561,426,75.94,91.00,15.06,15.06,182,18,72.0,503,72
7-7-6-11-1966763356,100047,561,368,65.60,96.00,30.40,30.40,192,8,72.0,1261,72
6-5-3-15-1164051884,100066,560,202,36.07,75.00,38.93,38.93,150,50,93.0,2406,93
8-5-3-15-617262882,100092,558,459,82.26,97.50,15.24,15.24,195,5,75.0,196,75
6-9-1-23-332702578,400012,556,303,54.50,73.00,18.50,18.50,146,54,108.0,1110,108
8-1-8-16-978548968,100060,554,429,77.44,96.00,18.56,18.56,192,8,84.0,633,84
9-9-2-15-732066835,200010,553,373,67.45,81.00,13.55,13.55,162,38,57.0,291,57
7-4-1-20-342291105,100085,551,165,29.95,46.00,16.05,16.05,92,108,84.0,476,84
9-7-4-12-338306416,100037,550,194,35.27,58.00,22.73,22.73,116,84,66.0,260,66
3-9-1-10-836176971,100010,548,327,59.67,100.00,40.33,40.33,200,0,54.0,276,54
8-5-4-13-1807930121,200013,548,405,73.91,92.00,18.09,18.09,184,16,63.0,173,63
5-3-2-22-703895951,100064,548,149,27.19,82.50,55.31,55.31,165,35,126.0,1888,126
4-9-5-12-404015311,100030,546,476,87.18,99.50,12.32,12.32,199,1,66.0,221,66
5-6-1-13-1673880239,100075,545,456,83.67,99.00,15.33,15.33,198,2,84.0,6045,84
3-5-6-12-1895646576,100005,545,386,70.83,92.50,21.67,21.67,185,15,66.0,203,66
4-5-9-12-1984908556,100014,545,426,78.17,97.00,18.83,18.83,194,6,54.0,211,54
6-7-5-17-1317217970,200053,544,257,47.24,66.50,19.26,19.26,133,67,72.0,220,72
3-7-7-11-1776901668,200003,543,401,73.85,100.00,26.15,26.15,200,0,42.0,77,42
8-3-8-11-721772889,200003,543,374,68.88,91.00,22.12,22.12,182,18,42.0,86,42
4-3-4-14-1243366720,100063,543,233,42.91,93.50,50.59,50.59,187,13,99.0,1266,99
9-1-6-17-11507964,100048,541,293,54.16,58.00,3.84,3.84,116,84,66.0,463,66
5-3-6-15-679717130,100046,541,348,64.33,85.00,20.67,20.67,170,30,57.0,142,57
9-4-9-13-182659390,100034,541,248,45.84,98.00,52.16,52.16,196,4,72.0,338,72
9-6-2-15-952898671,100004,540,436,80.74,90.00,9.26,9.26,180,20,60.0,225,60
7-9-3-22-198859739,100061,539,269,49.91,95.00,45.09,45.09,190,10,102.0,843,102
3-2-2-12-652871377,100066,539,276,51.21,90.50,39.29,39.29,181,19,93.0,3245,93
7-3-2-10-1510597565,100088,539,347,64.38,75.00,10.62,10.62,150,50,72.0,1381,72
9-8-6-17-1372025970,400011,538,295,54.83,94.50,39.67,39.67,189,11,90.0,448,90
5-3-3-17-1355795513,100016,538,389,72.30,99.00,26.70,26.70,198,2,66.0,214,66
3-4-5-11-1990512589,100010,536,201,37.50,100.00,62.50,62.50,200,0,54.0,181,54
7-3-3-9-2121558793,100056,533,372,69.79,90.00,20.21,20.21,180,20,54.0,419,54
8-6-4-14-1136583222,100065,530,236,44.53,86.00,41.47,41.47,172,28,108.0,1431,108
6-9-1-23-147410448,400012,530,208,39.25,80.00,40.75,40.75,160,40,108.0,990,108
3-8-5-15-409520207,200013,530,399,75.28,100.00,24.72,24.72,200,0,63.0,167,63
9-4-4-12-1282288945,200012,530,326,61.51,99.50,37.99,37.99,199,1,54.0,215,54
6-1-3-20-1420564771,100051,529,148,27.98,55.50,27.52,27.52,111,89,105.0,1253,105
6-2-2-16-74426683,100096,528,214,40.53,46.50,5.97,5.97,93,107,96.0,1607,96
7-7-4-12-1753118092,100043,527,395,74.95,94.00,19.05,19.05,188,12,78.0,606,78
6-6-7-11-1564481282,100059,525,153,29.14,71.00,41.86,41.86,142,58,81.0,989,81
8-4-6-21-362320122,100094,525,131,24.95,74.50,49.55,49.55,149,51,99.0,388,99
3-7-2-21-1893679613,400013,525,238,45.33,97.50,52.17,52.17,195,5,108.0,3718,108
1-5-8-17-297179540,400015,525,449,85.52,96.50,10.98,10.98,193,7,90.0,965,90
9-8-9-12-355231570,100083,524,339,64.69,84.00,19.31,19.31,168,32,90.0,961,90
3-1-1-10-961783031,200004,522,406,77.78,100.00,22.22,22.22,200,0,48.0,182,48
1-7-9-19-1486367018,100058,521,420,80.61,98.00,17.39,17.39,196,4,84.0,1163,84
8-4-3-17-1005383368,100096,521,218,41.84,82.00,40.16,40.16,164,36,96.0,1267,96
8-1-5-20-1090742368,100084,520,219,42.12,97.00,54.88,54.88,194,6,102.0,3162,102
1-6-2-17-304175527,100097,520,454,87.31,100.00,12.69,12.69,200,0,84.0,525,84
9-5-4-11-1078332884,100026,519,236,45.47,99.50,54.03,54.03,199,1,54.0,167,54
4-4-4-8-470435494,100048,518,398,76.83,100.00,23.17,23.17,200,0,66.0,1133,66
4-8-7-21-1794611860,100078,518,196,37.84,81.00,43.16,43.16,162,38,81.0,618,81
1-5-2-25-331019159,100063,518,255,49.23,85.00,35.77,35.77,170,30,99.0,1034,99
7-2-4-22-1724793846,400017,518,283,54.63,97.50,42.87,42.87,195,5,117.0,968,117
8-3-7-10-618058843,100030,517,369,71.37,98.50,27.13,27.13,197,3,66.0,338,66
3-1-4-7-1571845278,100040,516,334,64.73,99.50,34.77,34.77,199,1,48.0,513,48
5-3-6-15-1206642044,100046,516,351,68.02,92.00,23.98,23.98,184,16,57.0,191,57
8-6-5-13-954593127,100076,514,224,43.58,91.00,47.42,47.42,182,18,90.0,628,90
5-3-7-12-1291004740,100026,513,186,36.26,82.50,46.24,46.24,165,35,54.0,159,54
2-2-1-24-1556613200,100064,511,282,55.19,92.00,36.81,36.81,184,16,126.0,2047,126
9-9-5-14-177237225,200007,511,102,19.96,92.50,72.54,72.54,185,15,57.0,146,57
4-2-3-12-766954199,100059,510,352,69.02,92.00,22.98,22.98,184,16,81.0,511,81
6-2-3-24-1447513111,100086,508,167,32.87,76.00,43.13,43.13,152,48,117.0,1529,117
6-3-1-10-1012246687,100047,505,409,80.99,96.50,15.51,15.51,193,7,72.0,1548,72
9-7-6-11-464544906,200003,505,342,67.72,100.00,32.28,32.28,200,0,42.0,70,42
8-3-7-17-513004884,100050,504,263,52.18,72.00,19.82,19.82,144,56,78.0,658,78
3-8-6-14-2042785766,400015,504,427,84.72,100.00,15.28,15.28,200,0,90.0,811,90
3-7-1-11-898276227,200003,504,237,47.02,99.50,52.48,52.48,199,1,42.0,83,42
7-7-1-21-1814882885,100087,504,234,46.43,92.00,45.57,45.57,184,16,102.0,1746,102
3-2-2-20-2025704469,500001,503,238,47.32,99.50,52.18,52.18,199,1,78.0,306,78
9-2-8-21-1881463651,400013,502,436,86.85,99.50,12.65,12.65,199,1,108.0,5459,108
6-5-4-15-214351932,100087,501,136,27.15,75.50,48.35,48.35,151,49,102.0,1455,102
8-9-1-14-1874883054,100004,500,437,87.40,100.00,12.60,12.60,200,0,60.0,258,60
7-3-2-10-1416584296,100088,499,319,63.93,87.00,23.07,23.07,174,26,72.0,1388,72
9-8-2-13-219066775,100080,499,404,80.96,99.50,18.54,18.54,199,1,69.0,652,69
7-7-6-17-200771956,100069,499,216,43.29,98.00,54.71,54.71,196,4,114.0,1212,114
7-3-2-10-2074719989,100088,498,335,67.27,95.00,27.73,27.73,190,10,72.0,1401,72
7-7-6-11-690466460,100047,498,159,31.93,79.00,47.07,47.07,158,42,72.0,1065,72
7-6-1-13-231504762,100058,498,398,79.92,99.00,19.08,19.08,198,2,84.0,1150,84
9-8-6-17-1242162465,400011,497,232,46.68,88.00,41.32,41.32,176,24,90.0,488,90
8-7-9-21-770944568,100089,497,136,27.36,86.00,58.64,58.64,172,28,114.0,1133,114
5-2-2-22-1847295199,100052,496,280,56.45,94.50,38.05,38.05,189,11,120.0,659,120
9-6-1-17-142248435,100084,496,180,36.29,72.00,35.71,35.71,144,56,102.0,6127,102
5-4-9-14-567924337,100031,495,371,74.95,98.50,23.55,23.55,197,3,60.0,150,60
2-7-2-14-1774680729,100028,494,320,64.78,88.00,23.22,23.22,176,24,54.0,214,54
5-1-7-8-251577692,100014,493,469,95.13,100.00,4.87,4.87,200,0,54.0,398,54
7-5-3-21-961418465,100076,492,309,62.80,98.50,35.70,35.70,197,3,90.0,432,90
7-2-2-14-91281133,100034,492,363,73.78,100.00,26.22,26.22,200,0,72.0,281,72
8-6-2-13-1843684133,100067,492,243,49.39,88.00,38.61,38.61,176,24,90.0,1462,90
9-7-6-15-1365451981,100036,492,317,64.43,93.50,29.07,29.07,187,13,90.0,756,90
1-7-7-18-688536886,100085,492,389,79.07,99.00,19.93,19.93,198,2,84.0,788,84
8-4-4-18-1439488749,400017,491,280,57.03,92.00,34.97,34.97,184,16,117.0,702,117
7-9-6-16-1266175920,200053,491,291,59.27,96.00,36.73,36.73,192,8,72.0,215,72
1-5-2-9-571055565,100038,491,471,95.93,100.00,4.07,4.07,200,0,54.0,238,54
1-5-7-16-1773441529,100079,490,384,78.37,97.50,19.13,19.13,195,5,75.0,790,75
8-7-9-21-1368737165,100089,490,313,63.88,97.00,33.12,33.12,194,6,114.0,1225,114
8-3-7-16-770783359,100057,490,262,53.47,79.50,26.03,26.03,159,41,72.0,609,72
1-5-4-22-96441110,100070,490,296,60.41,89.50,29.09,29.09,179,21,117.0,3377,117
8-7-5-21-541684215,100097,490,373,76.12,100.00,23.88,23.88,200,0,84.0,234,84
5-3-1-15-483044778,100005,489,336,68.71,100.00,31.29,31.29,200,0,66.0,183,66
1-9-3-13-514491506,100037,489,435,88.96,99.50,10.54,10.54,199,1,66.0,424,66
2-9-1-14-1063106848,100016,489,439,89.78,100.00,10.22,10.22,200,0,66.0,381,66
1-5-3-16-907819418,100080,489,261,53.37,89.50,36.13,36.13,179,21,69.0,670,69
7-1-4-25-218971635,100086,488,242,49.59,96.50,46.91,46.91,193,7,117.0,1810,117
5-2-2-11-344181197,100010,488,370,75.82,100.00,24.18,24.18,200,0,54.0,175,54
5-6-7-10-1536756155,200024,487,281,57.70,96.00,38.30,38.30,192,8,72.0,251,72
7-4-2-16-555934745,100070,487,269,55.24,86.50,31.26,31.26,173,27,117.0,2530,117
3-5-2-11-872904032,100016,487,401,82.34,100.00,17.66,17.66,200,0,66.0,330,66
7-4-3-12-1974535500,100072,486,419,86.21,97.00,10.79,10.79,194,6,63.0,376,63
1-7-4-24-1429861372,100069,485,91,18.76,55.50,36.74,36.74,111,89,114.0,2105,114
8-2-4-17-682200173,100079,485,237,48.87,95.00,46.13,46.13,190,10,75.0,320,75
5-8-6-11-1777904397,100041,485,267,55.05,89.00,33.95,33.95,178,22,72.0,290,72
7-6-4-16-488111006,100063,485,220,45.36,96.50,51.14,51.14,193,7,99.0,991,99
8-2-6-12-1627456353,100081,485,312,64.33,91.00,26.67,26.67,182,18,72.0,1181,72
5-5-5-8-485347939,100037,485,430,88.66,100.00,11.34,11.34,200,0,66.0,479,66
8-8-3-11-1439211911,100081,485,334,68.87,82.50,13.63,13.63,165,35,72.0,824,72
7-1-3-20-501017721,100095,485,354,72.99,100.00,27.01,27.01,200,0,90.0,614,90
5-3-1-24-509087601,100051,484,200,41.32,88.50,47.18,47.18,177,23,105.0,1008,105
3-6-1-15-147201910,100013,483,357,73.91,100.00,26.09,26.09,200,0,72.0,380,72
8-8-4-15-2117013616,100048,483,394,81.57,100.00,18.43,18.43,200,0,66.0,514,66
6-8-5-11-933536039,100060,483,300,62.11,96.00,33.89,33.89,192,8,84.0,819,84
2-6-5-16-177073827,100031,483,383,79.30,99.50,20.20,20.20,199,1,60.0,164,60
9-9-1-18-441248759,100071,482,399,82.78,99.00,16.22,16.22,198,2,72.0,411,72
3-6-6-11-212613100,100010,481,251,52.18,100.00,47.82,47.82,200,0,54.0,168,54
5-1-4-14-1126623931,100075,479,302,63.05,91.00,27.95,27.95,182,18,84.0,5128,84
9-2-8-13-1585657993,200013,479,339,70.77,97.00,26.23,26.23,194,6,63.0,313,63
1-3-2-17-1049742986,100083,479,294,61.38,99.00,37.62,37.62,198,2,90.0,1205,90
1-3-2-11-363838111,100007,478,409,85.56,100.00,14.44,14.44,200,0,69.0,506,69
1-9-6-15-46445739,100090,478,245,51.26,94.50,43.24,43.24,189,11,81.0,1005,81
7-3-3-9-236264399,100056,478,435,91.00,100.00,9.00,9.00,200,0,54.0,386,54
4-7-4-25-224476969,100052,478,169,35.36,91.00,55.64,55.64,182,18,120.0,881,120
7-7-2-19-901662380,100055,478,269,56.28,89.00,32.72,32.72,178,22,84.0,648,84
7-3-3-9-1843271197,100056,477,404,84.70,100.00,15.30,15.30,200,0,54.0,419,54
7-7-4-10-798319515,200024,477,348,72.96,98.50,25.54,25.54,197,3,72.0,282,72
6-8-4-14-153083755,100005,477,308,64.57,93.50,28.93,28.93,187,13,66.0,160,66
1-5-8-16-1479075716,100033,477,382,80.08,98.50,18.42,18.42,197,3,60.0,236,60
5-5-5-16-441370125,100095,476,243,51.05,95.00,43.95,43.95,190,10,90.0,538,90
9-2-4-16-750272859,100041,475,334,70.32,100.00,29.68,29.68,200,0,72.0,344,72
2-8-1-11-2031077591,100008,475,341,71.79,99.50,27.71,27.71,199,1,42.0,112,42
9-9-1-22-1238001588,400014,475,218,45.89,75.50,29.61,29.61,151,49,108.0,3545,108
9-8-2-12-1478696304,100057,474,419,88.40,100.00,11.60,11.60,200,0,72.0,681,72
1-2-1-17-1695142973,100066,474,136,28.69,93.50,64.81,64.81,187,13,93.0,2561,93
9-5-5-14-707230507,100026,474,162,34.18,99.50,65.32,65.32,199,1,54.0,124,54
5-1-7-8-71141918,100014,473,428,90.49,100.00,9.51,9.51,200,0,54.0,356,54
7-4-4-17-1309031937,100069,472,68,14.41,39.50,25.09,25.09,79,121,114.0,1348,114
6-1-1-20-1020090918,100060,471,353,74.95,95.50,20.55,20.55,191,9,84.0,510,84
3-8-6-14-114707422,400015,471,315,66.88,100.00,33.12,33.12,200,0,90.0,788,90
2-3-2-13-702019655,100055,471,248,52.65,100.00,47.35,47.35,200,0,84.0,851,84
9-9-2-15-1344060501,200010,470,241,51.28,74.00,22.72,22.72,148,52,57.0,198,57
8-3-7-17-353828907,100050,470,335,71.28,99.00,27.72,27.72,198,2,78.0,733,78
7-1-8-19-724718132,100078,470,238,50.64,62.00,11.36,11.36,124,76,81.0,913,81
7-7-3-13-436887309,100023,470,390,82.98,100.00,17.02,17.02,200,0,54.0,182,54
7-3-7-12-1807905576,200010,469,414,88.27,100.00,11.73,11.73,200,0,57.0,262,57
6-9-3-15-1556928403,100013,469,249,53.09,93.50,40.41,40.41,187,13,72.0,274,72
7-4-2-17-1004829936,100065,468,240,51.28,96.00,44.72,44.72,192,8,108.0,1508,108
1-7-3-17-69988301,100043,468,432,92.31,100.00,7.69,7.69,200,0,78.0,922,78
5-9-1-13-393834643,100043,468,377,80.56,99.50,18.94,18.94,199,1,78.0,886,78
6-7-4-16-2063294303,100092,467,374,80.09,95.50,15.41,15.41,191,9,75.0,235,75
8-9-5-13-603289725,100046,465,374,80.43,100.00,19.57,19.57,200,0,57.0,163,57
2-5-8-8-271437695,200003,465,229,49.25,99.50,50.25,50.25,199,1,42.0,123,42
5-1-2-13-136882781,100023,464,370,79.74,98.50,18.76,18.76,197,3,54.0,162,54
7-4-1-15-956659108,100090,462,284,61.47,92.50,31.03,31.03,185,15,81.0,1102,81
3-1-4-23-585374752,400011,462,238,51.52,98.00,46.48,46.48,196,4,90.0,715,90
2-1-7-16-1412908815,100020,461,335,72.67,100.00,27.33,27.33,200,0,66.0,300,66
6-4-1-14-1584968085,100033,461,379,82.21,99.50,17.29,17.29,199,1,60.0,259,60
8-5-8-23-2040112734,400014,460,240,52.17,87.50,35.33,35.33,175,25,108.0,2240,108
8-6-3-15-604002527,100020,460,257,55.87,80.00,24.13,24.13,160,40,66.0,176,66
1-8-6-17-1229373246,100075,459,347,75.60,99.50,23.90,23.90,199,1,84.0,3513,84
1-3-3-18-1748501535,100067,459,286,62.31,96.50,34.19,34.19,193,7,90.0,1576,90
5-8-1-13-32017441,100028,457,360,78.77,99.50,20.73,20.73,199,1,54.0,220,54
3-7-7-11-440613330,200003,456,308,67.54,100.00,32.46,32.46,200,0,42.0,83,42
2-2-5-14-1738450380,100092,455,362,79.56,100.00,20.44,20.44,200,0,75.0,234,75
7-9-6-16-842483129,200053,453,232,51.21,48.50,-2.71,2.71,97,103,72.0,197,72
3-5-5-13-603288458,100038,453,356,78.59,100.00,21.41,21.41,200,0,54.0,113,54
3-1-5-8-1873407696,100072,453,405,89.40,100.00,10.60,10.60,200,0,63.0,744,63
8-4-4-14-773339364,100067,453,229,50.55,87.50,36.95,36.95,175,25,90.0,1012,90
5-6-5-12-2144313302,100074,451,394,87.36,100.00,12.64,12.64,200,0,54.0,164,54
2-8-3-12-1236387010,100074,451,335,74.28,99.50,25.22,25.22,199,1,54.0,168,54
7-4-1-20-1213922700,100085,451,212,47.01,90.00,42.99,42.99,180,20,84.0,691,84
7-4-3-22-1117183303,100094,450,270,60.00,96.50,36.50,36.50,193,7,99.0,479,99
6-9-1-23-1602551471,400012,449,178,39.64,96.00,56.36,56.36,192,8,108.0,1260,108
1-7-9-19-1157215491,100058,449,263,58.57,95.00,36.43,36.43,190,10,84.0,1020,84
7-9-2-12-828554559,200010,448,388,86.61,100.00,13.39,13.39,200,0,57.0,415,57
7-3-1-18-748176587,100007,447,377,84.34,100.00,15.66,15.66,200,0,69.0,253,69
7-7-5-12-1785047094,200015,446,161,36.10,93.00,56.90,56.90,186,14,54.0,203,54
9-7-6-15-513301727,100036,445,351,78.88,99.00,20.12,20.12,198,2,90.0,652,90
6-7-1-14-1222628537,100026,444,162,36.49,100.00,63.51,63.51,200,0,54.0,213,54
4-8-5-19-1041590966,100066,444,169,38.06,81.50,43.44,43.44,163,37,93.0,1891,93
8-8-5-16-1468297374,100034,443,204,46.05,98.50,52.45,52.45,197,3,72.0,188,72
5-9-2-8-596790968,100002,436,337,77.29,100.00,22.71,22.71,200,0,39.0,85,39
6-3-3-16-1409978840,100069,436,95,21.79,46.50,24.71,24.71,93,107,114.0,1822,114
7-2-1-12-670004952,200007,435,346,79.54,100.00,20.46,20.46,200,0,57.0,267,57
3-6-5-9-1213453586,100008,435,227,52.18,98.50,46.32,46.32,197,3,42.0,117,42
5-8-6-14-402662319,100071,434,219,50.46,100.00,49.54,49.54,200,0,72.0,372,72
3-2-8-11-65585503,200004,434,201,46.31,100.00,53.69,53.69,200,0,48.0,178,48
4-3-9-17-553670508,100030,433,367,84.76,100.00,15.24,15.24,200,0,66.0,232,66
6-6-8-10-651101672,200007,433,230,53.12,100.00,46.88,46.88,200,0,57.0,210,57
8-2-3-20-1099938802,100075,432,222,51.39,100.00,48.61,48.61,200,0,84.0,1199,84
7-3-6-11-1544857022,100059,431,345,80.05,100.00,19.95,19.95,200,0,81.0,629,81
5-4-2-14-1688277768,100096,427,192,44.96,74.50,29.54,29.54,149,51,96.0,1901,96
9-7-7-12-1776780243,200010,427,341,79.86,99.00,19.14,19.14,198,2,57.0,218,57
8-2-5-13-781892245,200007,427,146,34.19,100.00,65.81,65.81,200,0,57.0,179,57
8-8-7-20-1764384021,100052,426,53,12.44,28.50,16.06,16.06,57,143,120.0,431,120
9-6-6-7-1343955497,200012,426,320,75.12,100.00,24.88,24.88,200,0,54.0,263,54
7-7-8-22-1816250634,100070,426,47,11.03,47.00,35.97,35.97,94,106,117.0,833,117
4-2-1-19-1880800570,100051,425,88,20.71,43.00,22.29,22.29,86,114,105.0,2002,105
3-8-9-11-1543664731,200004,422,232,54.98,96.50,41.52,41.52,193,7,48.0,196,48
3-4-2-16-1902927492,100051,420,180,42.86,97.50,54.64,54.64,195,5,105.0,1713,105
5-8-6-14-1917697492,100071,419,217,51.79,100.00,48.21,48.21,200,0,72.0,408,72
5-3-5-12-1311264856,200004,419,57,13.60,20.00,6.40,6.40,40,160,48.0,86,48
2-6-7-14-1358759662,100005,419,341,81.38,96.00,14.62,14.62,192,8,66.0,258,66
9-3-3-13-1558410821,200010,417,172,41.25,41.50,0.25,0.25,83,117,57.0,214,57
1-7-8-20-1045931250,100087,416,179,43.03,67.00,23.97,23.97,134,66,102.0,1640,102
1-2-2-23-168484952,100070,416,186,44.71,63.50,18.79,18.79,127,73,117.0,2262,117
4-5-2-22-1265172039,100064,416,94,22.60,90.50,67.90,67.90,181,19,126.0,1658,126
8-5-6-14-1181217391,400014,414,139,33.57,87.00,53.43,53.43,174,26,108.0,3374,108
9-9-3-15-1233105632,100088,413,241,58.35,76.00,17.65,17.65,152,48,72.0,1586,72
3-6-1-11-1975050043,200003,412,198,48.06,98.00,49.94,49.94,196,4,42.0,107,42
5-9-4-14-2039021095,100043,411,198,48.18,76.50,28.32,28.32,153,47,78.0,819,78
8-9-1-14-2045469227,100004,411,352,85.64,99.50,13.86,13.86,199,1,60.0,242,60
1-6-2-25-964744835,100061,411,125,30.41,96.00,65.59,65.59,192,8,102.0,870,102
6-4-3-11-108387384,100085,410,239,58.29,99.00,40.71,40.71,198,2,84.0,851,84
9-8-7-20-1525206251,100089,409,134,32.76,96.00,63.24,63.24,192,8,114.0,980,114
1-4-2-16-474332400,100066,409,158,38.63,74.00,35.37,35.37,148,52,93.0,3336,93
5-3-1-18-233446790,200053,408,258,63.24,97.00,33.76,33.76,194,6,72.0,293,72
2-2-6-8-1922284791,100008,408,295,72.30,100.00,27.70,27.70,200,0,42.0,157,42
5-2-3-19-1513069661,100052,408,110,26.96,85.00,58.04,58.04,170,30,120.0,669,120
1-9-6-15-2101589867,100090,407,155,38.08,37.50,-0.58,0.58,75,125,81.0,899,81
8-2-2-20-1186564308,100067,406,134,33.00,50.50,17.50,17.50,101,99,90.0,846,90
7-5-5-10-738858855,100059,405,315,77.78,99.50,21.72,21.72,199,1,81.0,776,81
8-8-4-15-30243800,100048,405,171,42.22,90.00,47.78,47.78,180,20,66.0,390,66
8-7-1-8-424754617,100056,405,233,57.53,78.50,20.97,20.97,157,43,54.0,711,54
6-5-8-8-1518137820,200003,404,238,58.91,100.00,41.09,41.09,200,0,42.0,111,42
8-6-3-17-582202754,100069,403,76,18.86,68.50,49.64,49.64,137,63,114.0,1778,114
6-7-7-18-255475006,400013,403,166,41.19,86.00,44.81,44.81,172,28,108.0,3597,108
1-5-4-18-1714485793,100058,403,258,64.02,100.00,35.98,35.98,200,0,84.0,1554,84
4-9-9-17-1835735653,100034,402,224,55.72,97.50,41.78,41.78,195,5,72.0,292,72
2-9-7-17-674929454,100036,402,262,65.17,95.00,29.83,29.83,190,10,90.0,854,90
5-1-2-16-1256155741,100085,402,153,38.06,88.00,49.94,49.94,176,24,84.0,703,84
6-6-3-16-1151609582,100094,401,174,43.39,93.50,50.11,50.11,187,13,99.0,761,99
5-1-9-12-310812739,100074,401,378,94.26,100.00,5.74,5.74,200,0,54.0,232,54
5-3-3-17-815442408,100016,401,246,61.35,84.00,22.65,22.65,168,32,66.0,176,66
5-6-1-8-36630144,100014,401,312,77.81,97.50,19.69,19.69,195,5,54.0,315,54
1-5-1-11-2096569179,200004,401,325,81.05,100.00,18.95,18.95,200,0,48.0,239,48
5-2-2-15-648839995,100007,400,243,60.75,99.50,38.75,38.75,199,1,69.0,435,69
8-6-4-21-868940903,100064,398,95,23.87,70.00,46.13,46.13,140,60,126.0,1310,126
9-7-3-15-137471756,100057,397,266,67.00,94.00,27.00,27.00,188,12,72.0,642,72
6-6-7-11-363826549,100059,397,153,38.54,76.50,37.96,37.96,153,47,81.0,602,81
9-9-6-17-573681485,100036,397,102,25.69,69.00,43.31,43.31,138,62,90.0,455,90
7-3-3-12-894346921,200024,396,248,62.63,96.50,33.87,33.87,193,7,72.0,234,72
8-3-7-10-1948372964,100030,395,275,69.62,100.00,30.38,30.38,200,0,66.0,316,66
8-5-9-13-35025787,100081,395,190,48.10,64.00,15.90,15.90,128,72,72.0,737,72
9-5-7-18-211767935,100083,395,181,45.82,27.50,-18.32,18.32,55,145,90.0,595,90
2-3-2-13-1955145120,100055,395,193,48.86,93.00,44.14,44.14,186,14,84.0,784,84
5-9-5-13-1281020521,100094,395,214,54.18,90.50,36.32,36.32,181,19,99.0,981,99
7-1-8-19-206812101,100078,394,148,37.56,53.50,15.94,15.94,107,93,81.0,827,81
3-1-4-13-571547600,100028,394,285,72.34,98.00,25.66,25.66,196,4,54.0,304,54
8-3-6-12-631393539,100026,394,243,61.68,99.50,37.82,37.82,199,1,54.0,157,54
3-9-9-14-768327070,100028,394,287,72.84,100.00,27.16,27.16,200,0,54.0,170,54
9-9-1-22-337693034,400014,394,200,50.76,73.50,22.74,22.74,147,53,108.0,3475,108
8-6-7-15-1903452195,100046,394,293,74.37,90.50,16.13,16.13,181,19,57.0,110,57
3-8-6-14-1461585732,400015,394,322,81.73,99.00,17.27,17.27,198,2,90.0,784,90
9-2-4-22-1675091512,100086,393,91,23.16,35.00,11.84,11.84,70,130,117.0,3197,117
7-7-4-10-948620489,200024,393,196,49.87,78.00,28.13,28.13,156,44,72.0,305,72
1-2-5-14-692635578,100031,393,321,81.68,100.00,18.32,18.32,200,0,60.0,207,60
5-2-2-21-272132929,100086,392,242,61.73,99.50,37.77,37.77,199,1,117.0,2823,117
8-5-3-18-379350782,100092,392,330,84.18,100.00,15.82,15.82,200,0,75.0,180,75
6-9-1-23-360764350,400012,391,147,37.60,79.50,41.90,41.90,159,41,108.0,1030,108
8-6-3-18-1251529021,100065,389,124,31.88,88.50,56.62,56.62,177,23,108.0,1072,108
6-9-7-17-575864526,100095,389,174,44.73,86.00,41.27,41.27,172,28,90.0,444,90
8-9-8-13-189417337,100072,389,221,56.81,96.50,39.69,39.69,193,7,63.0,282,63
8-5-5-15-218143229,100083,389,185,47.56,92.00,44.44,44.44,184,16,90.0,548,90
1-9-6-17-1986537133,100060,388,258,66.49,98.00,31.51,31.51,196,4,84.0,595,84
8-9-8-14-1120911656,100031,387,290,74.94,98.50,23.56,23.56,197,3,60.0,161,60
1-7-8-25-105968931,100063,387,154,39.79,93.50,53.71,53.71,187,13,99.0,893,99
7-4-9-16-314847169,100087,386,58,15.03,60.00,44.97,44.97,120,80,102.0,1233,102
6-1-9-10-506524915,100072,386,294,76.17,99.50,23.33,23.33,199,1,63.0,558,63
8-6-5-13-1598304566,100076,386,191,49.48,60.00,10.52,10.52,120,80,90.0,621,90
5-3-1-16-1315975034,100076,385,194,50.39,91.50,41.11,41.11,183,17,90.0,780,90
2-6-7-14-1226952914,100005,385,306,79.48,100.00,20.52,20.52,200,0,66.0,225,66
8-8-6-13-1178483373,100030,385,236,61.30,86.50,25.20,25.20,173,27,66.0,197,66
8-3-3-13-2125672116,100034,385,59,15.32,90.50,75.18,75.18,181,19,72.0,220,72
8-2-8-20-227107240,100097,385,222,57.66,100.00,42.34,42.34,200,0,84.0,408,84
5-8-8-10-1956769591,100037,385,127,32.99,93.50,60.51,60.51,187,13,66.0,321,66
8-2-4-17-1961266617,100079,385,198,51.43,63.00,11.57,11.57,126,74,75.0,304,75
8-5-2-14-324400848,100055,384,248,64.58,91.00,26.42,26.42,182,18,84.0,554,84
9-5-9-21-801754513,100097,384,108,28.13,16.50,-11.63,11.63,33,167,84.0,273,84
5-8-9-12-1570739582,100038,384,282,73.44,100.00,26.56,26.56,200,0,54.0,128,54
4-4-3-19-747952235,100063,384,130,33.85,37.00,3.15,3.15,74,126,99.0,852,99
7-7-2-17-1445757522,100084,383,88,22.98,46.00,23.02,23.02,92,108,102.0,3476,102
3-9-9-16-1271865494,100013,383,247,64.49,89.00,24.51,24.51,178,22,72.0,316,72
5-2-7-13-1079500226,100050,383,195,50.91,97.00,46.09,46.09,194,6,78.0,1139,78
6-7-6-15-379926431,100058,383,174,45.43,85.50,40.07,40.07,171,29,84.0,935,84
7-1-3-20-1392083722,100095,382,272,71.20,96.50,25.30,25.30,193,7,90.0,670,90
3-9-7-8-125568920,100009,382,211,55.24,100.00,44.76,44.76,200,0,42.0,119,42
2-1-1-11-1795143098,100088,382,255,66.75,99.50,32.75,32.75,199,1,72.0,1989,72
9-5-1-13-1849290676,200015,381,184,48.29,74.00,25.71,25.71,148,52,54.0,273,54
2-2-7-13-2015419608,100056,381,313,82.15,98.50,16.35,16.35,197,3,54.0,396,54
7-9-1-14-1182868515,100079,381,227,59.58,99.50,39.92,39.92,199,1,75.0,941,75
8-5-4-13-160560200,200013,381,228,59.84,90.00,30.16,30.16,180,20,63.0,180,63
8-3-7-16-1301033270,100057,381,189,49.61,54.00,4.39,4.39,108,92,72.0,555,72
8-7-9-21-577603989,100089,379,212,55.94,78.50,22.56,22.56,157,43,114.0,1170,114
4-2-2-11-1176758919,200015,379,265,69.92,91.50,21.58,21.58,183,17,54.0,225,54
7-3-4-14-988228616,100093,378,113,29.89,44.00,14.11,14.11,88,112,96.0,17288,96
8-8-4-15-1627848957,100048,378,269,71.16,94.50,23.34,23.34,189,11,66.0,439,66
3-9-8-14-1228365397,200007,377,45,11.94,56.00,44.06,44.06,112,88,57.0,145,57
5-2-9-15-1270956064,100016,377,263,69.76,99.00,29.24,29.24,198,2,66.0,320,66
2-5-5-13-786541764,100020,376,192,51.06,89.50,38.44,38.44,179,21,66.0,247,66
1-2-7-12-201030718,200015,375,110,29.33,93.00,63.67,63.67,186,14,54.0,352,54
4-1-2-17-1734448522,100043,375,275,73.33,100.00,26.67,26.67,200,0,78.0,674,78
8-5-2-18-1936776934,100096,374,168,44.92,92.00,47.08,47.08,184,16,96.0,1943,96
9-3-9-10-655546649,100023,374,272,72.73,87.00,14.27,14.27,174,26,54.0,216,54
8-6-3-15-398307767,100020,373,227,60.86,95.50,34.64,34.64,191,9,66.0,137,66
9-4-2-11-1160036539,100009,373,213,57.10,98.00,40.90,40.90,196,4,42.0,80,42
3-1-4-23-1720570151,400011,372,147,39.52,71.00,31.48,31.48,142,58,90.0,860,90
7-7-6-11-1381381085,100047,372,131,35.22,58.50,23.28,23.28,117,83,72.0,1008,72
5-8-6-11-2106507593,100041,372,236,63.44,83.50,20.06,20.06,167,33,72.0,305,72
1-5-8-17-1129978928,400015,372,182,48.92,81.00,32.08,32.08,162,38,90.0,921,90
1-6-2-25-557547251,100061,371,227,61.19,87.00,25.81,25.81,174,26,102.0,868,102
3-9-1-12-1979992826,100074,371,311,83.83,100.00,16.17,16.17,200,0,54.0,247,54
7-3-1-18-861764476,100007,370,129,34.86,62.00,27.14,27.14,124,76,69.0,248,69
7-4-1-15-870422151,100090,370,224,60.54,98.00,37.46,37.46,196,4,81.0,921,81
9-3-1-12-1482812358,100023,370,243,65.68,93.00,27.32,27.32,186,14,54.0,266,54
8-8-1-17-492802249,100075,369,281,76.15,93.00,16.85,16.85,186,14,84.0,3071,84
4-6-7-20-1656133456,400017,369,262,71.00,94.50,23.50,23.50,189,11,117.0,923,117
9-1-4-14-1886100766,100014,369,283,76.69,100.00,23.31,23.31,200,0,54.0,162,54
6-4-6-14-82999278,200053,369,264,71.54,100.00,28.46,28.46,200,0,72.0,346,72
9-9-4-15-1732106655,200007,369,86,23.31,85.50,62.19,62.19,171,29,57.0,440,57
8-3-7-17-693588558,100050,369,210,56.91,96.00,39.09,39.09,192,8,78.0,860,78
9-5-4-15-1700442060,100004,368,212,57.61,74.50,16.89,16.89,149,51,60.0,159,60
7-4-4-24-538672469,100065,368,132,35.87,74.50,38.63,38.63,149,51,108.0,1078,108
6-1-1-20-1734042216,100060,367,283,77.11,98.50,21.39,21.39,197,3,84.0,484,84
2-7-8-19-2027730459,100013,367,282,76.84,99.50,22.66,22.66,199,1,72.0,277,72
4-4-3-16-1278520265,100037,367,316,86.10,90.50,4.40,4.40,181,19,66.0,220,66
3-3-9-12-911021224,100038,366,148,40.44,59.00,18.56,18.56,118,82,54.0,112,54
4-4-4-13-2057398036,200010,366,203,55.46,95.50,40.04,40.04,191,9,57.0,179,57
4-8-8-14-1790054387,200012,365,201,55.07,100.00,44.93,44.93,200,0,54.0,122,54
5-4-2-21-1004160245,400012,364,190,52.20,96.50,44.30,44.30,193,7,108.0,1081,108
8-4-4-18-1875781577,400017,363,146,40.22,82.50,42.28,42.28,165,35,117.0,679,117
1-5-3-16-70180995,100080,363,219,60.33,81.00,20.67,20.67,162,38,69.0,785,69
1-5-3-16-1523520461,100080,362,254,70.17,97.00,26.83,26.83,194,6,69.0,1017,69
7-9-8-21-327000585,400011,362,179,49.45,91.00,41.55,41.55,182,18,90.0,429,90
6-6-4-17-1173514727,100061,362,148,40.88,91.50,50.62,50.62,183,17,102.0,722,102
8-8-3-11-1311554159,100081,360,294,81.67,100.00,18.33,18.33,200,0,72.0,986,72
7-6-8-13-1642855039,200013,360,319,88.61,100.00,11.39,11.39,200,0,63.0,229,63
8-9-2-14-2100026606,100033,359,228,63.51,84.50,20.99,20.99,169,31,60.0,322,60
8-4-4-11-196128384,100047,358,214,59.78,99.00,39.22,39.22,198,2,72.0,1044,72
3-7-2-21-1901610678,400013,358,145,40.50,91.50,51.00,51.00,183,17,108.0,3018,108
6-7-4-16-1594508494,100092,357,238,66.67,89.00,22.33,22.33,178,22,75.0,233,75
4-7-8-8-1908544929,100040,356,204,57.30,90.00,32.70,32.70,180,20,48.0,353,48
9-9-1-18-1182825082,100071,356,283,79.49,94.50,15.01,15.01,189,11,72.0,567,72
9-3-4-19-1837840585,100078,355,153,43.10,54.00,10.90,10.90,108,92,81.0,712,81
6-5-3-13-1593206140,100046,351,248,70.66,100.00,29.34,29.34,200,0,57.0,153,57
9-7-2-10-1640169434,100033,348,314,90.23,100.00,9.77,9.77,200,0,60.0,361,60
7-7-3-10-1360408560,200015,338,170,50.30,100.00,49.70,49.70,200,0,54.0,287,54
3-3-1-18-817642914,100051,336,72,21.43,81.50,60.07,60.07,163,37,105.0,1177,105
6-9-4-10-827911592,100002,334,206,61.68,100.00,38.32,38.32,200,0,39.0,51,39
8-6-4-14-1974112391,200010,332,54,16.27,33.50,17.23,17.23,67,133,57.0,110,57
3-9-3-12-811657363,100026,330,83,25.15,98.00,72.85,72.85,196,4,54.0,166,54
1-5-3-17-1256484989,100066,329,153,46.50,98.50,52.00,52.00,197,3,93.0,2472,93
9-2-8-9-156407050,100040,327,163,49.85,91.00,41.15,41.15,182,18,48.0,452,48
2-8-3-8-426642826,100008,326,149,45.71,89.50,43.79,43.79,179,21,42.0,115,42
5-2-8-15-1660305194,200007,325,110,33.85,99.00,65.15,65.15,198,2,57.0,156,57
9-4-1-13-765816104,100093,320,102,31.88,79.50,47.62,47.62,159,41,96.0,22523,96
5-4-9-12-448116689,200004,320,145,45.31,99.50,54.19,54.19,199,1,48.0,173,48
8-3-7-10-315447893,100030,319,262,82.13,100.00,17.87,17.87,200,0,66.0,270,66
4-9-9-17-1383471717,100034,319,212,66.46,97.00,30.54,30.54,194,6,72.0,220,72
7-8-8-10-1513443324,100041,318,181,56.92,99.50,42.58,42.58,199,1,72.0,432,72
5-2-4-21-1823656960,100070,315,116,36.83,95.50,58.67,58.67,191,9,117.0,2455,117
9-1-7-7-299508665,100040,315,204,64.76,99.50,34.74,34.74,199,1,48.0,565,48
1-5-4-18-2064412246,100058,314,150,47.77,100.00,52.23,52.23,200,0,84.0,1675,84
2-8-6-9-912672448,100008,314,207,65.92,99.00,33.08,33.08,198,2,42.0,114,42
2-7-7-12-1477662044,200015,314,155,49.36,100.00,50.64,50.64,200,0,54.0,340,54
9-2-6-18-1185535035,100096,311,140,45.02,80.50,35.48,35.48,161,39,96.0,3028,96
8-4-4-18-1461701647,400017,310,64,20.65,81.00,60.35,60.35,162,38,117.0,746,117
1-4-3-13-888574707,100031,309,269,87.06,100.00,12.94,12.94,200,0,60.0,202,60
1-9-9-14-532583005,100016,309,270,87.38,100.00,12.62,12.62,200,0,66.0,413,66
9-6-2-15-1518410139,100004,308,146,47.40,95.00,47.60,47.60,190,10,60.0,254,60
3-1-8-11-1274223812,200003,307,174,56.68,100.00,43.32,43.32,200,0,42.0,102,42
5-8-8-13-1773253281,100010,307,112,36.48,100.00,63.52,63.52,200,0,54.0,137,54
3-7-2-21-1871384367,400013,306,123,40.20,80.00,39.80,39.80,160,40,108.0,3254,108
6-2-3-14-1748670222,100096,305,77,25.25,73.50,48.25,48.25,147,53,96.0,1858,96
9-6-9-10-235299825,100010,304,168,55.26,100.00,44.74,44.74,200,0,54.0,251,54
3-9-3-12-1747091460,100026,303,77,25.41,94.50,69.09,69.09,189,11,54.0,147,54
7-3-6-11-172987200,100059,303,227,74.92,100.00,25.08,25.08,200,0,81.0,598,81
9-9-1-18-1996319989,100071,302,218,72.19,100.00,27.81,27.81,200,0,72.0,542,72
7-1-3-20-1843734404,100095,302,191,63.25,100.00,36.75,36.75,200,0,90.0,541,90
5-5-5-8-1901959424,100037,301,250,83.06,100.00,16.94,16.94,200,0,66.0,477,66
5-2-3-25-413856214,100061,300,105,35.00,95.00,60.00,60.00,190,10,102.0,822,102
6-6-1-25-494596814,100052,300,27,9.00,15.00,6.00,6.00,30,170,120.0,591,120
4-9-9-15-885250334,100041,300,139,46.33,98.00,51.67,51.67,196,4,72.0,478,72
6-8-1-17-318251576,100005,299,145,48.50,96.50,48.00,48.00,193,7,66.0,189,66
3-1-4-23-1355467127,400011,294,152,51.70,99.50,47.80,47.80,199,1,90.0,631,90
3-9-1-12-165322765,100074,294,232,78.91,100.00,21.09,21.09,200,0,54.0,253,54
2-8-9-13-1990921097,100021,294,77,26.19,99.50,73.31,73.31,199,1,72.0,478,72
1-4-2-22-960618345,100070,294,94,31.97,91.50,59.53,59.53,183,17,117.0,1876,117
6-5-3-7-1790580027,100009,294,147,50.00,94.50,44.50,44.50,189,11,42.0,129,42
2-7-8-19-967462966,100013,293,205,69.97,100.00,30.03,30.03,200,0,72.0,279,72
6-9-1-23-101896711,400012,293,146,49.83,99.50,49.67,49.67,199,1,108.0,2698,108
9-8-4-10-56396311,100040,293,154,52.56,75.00,22.44,22.44,150,50,48.0,363,48
8-6-5-13-725098318,100076,293,150,51.19,99.50,48.31,48.31,199,1,90.0,950,90
9-4-2-11-1864626278,100009,292,168,57.53,100.00,42.47,42.47,200,0,42.0,112,42
8-8-3-11-1924611316,100008,291,126,43.30,99.00,55.70,55.70,198,2,42.0,102,42
7-5-5-18-302008891,100092,290,257,88.62,100.00,11.38,11.38,200,0,75.0,215,75
1-7-6-10-206562118,100028,290,231,79.66,100.00,20.34,20.34,200,0,54.0,470,54
6-1-1-20-481180970,100060,289,198,68.51,100.00,31.49,31.49,200,0,84.0,714,84
9-2-8-21-358694358,400013,289,217,75.09,99.50,24.41,24.41,199,1,108.0,5905,108
6-3-6-9-2147244796,100002,289,210,72.66,100.00,27.34,27.34,200,0,39.0,73,39
7-4-2-16-1801298467,100069,288,80,27.78,99.00,71.22,71.22,198,2,114.0,2962,114
1-7-7-18-1726653492,100085,288,203,70.49,98.50,28.01,28.01,197,3,84.0,707,84
8-9-1-21-339683921,100051,288,19,6.60,19.50,12.90,12.90,39,161,105.0,1071,105
6-6-2-14-138933210,100047,288,130,45.14,90.50,45.36,45.36,181,19,72.0,1097,72
8-6-5-12-96615492,100067,287,145,50.52,98.00,47.48,47.48,196,4,90.0,1563,90
7-9-2-21-1491880058,100065,287,42,14.63,50.00,35.37,35.37,100,100,108.0,1472,108
5-1-2-13-656134589,100023,287,228,79.44,100.00,20.56,20.56,200,0,54.0,190,54
5-1-7-8-645568283,100014,286,261,91.26,100.00,8.74,8.74,200,0,54.0,389,54
9-9-1-22-641742904,400014,286,77,26.92,74.50,47.58,47.58,149,51,108.0,3963,108
7-6-2-12-1942319350,100088,285,194,68.07,97.00,28.93,28.93,194,6,72.0,1408,72
3-6-9-13-211820348,100010,285,89,31.23,94.00,62.77,62.77,188,12,54.0,166,54
3-5-4-9-690276622,100008,285,182,63.86,100.00,36.14,36.14,200,0,42.0,118,42
7-5-2-23-1886999071,100064,285,22,7.72,35.00,27.28,27.28,70,130,126.0,3629,126
8-4-2-22-1389773929,100064,284,50,17.61,87.00,69.39,69.39,174,26,126.0,1758,126
7-3-7-12-1807549890,200010,284,227,79.93,100.00,20.07,20.07,200,0,57.0,273,57
2-3-2-12-1220630125,100038,283,245,86.57,100.00,13.43,13.43,200,0,54.0,140,54
9-6-4-11-1401476982,100026,283,137,48.41,100.00,51.59,51.59,200,0,54.0,191,54
1-5-4-16-93568097,100083,283,158,55.83,96.00,40.17,40.17,192,8,90.0,1160,90
1-5-2-25-918217636,100063,283,72,25.44,89.50,64.06,64.06,179,21,99.0,1279,99
3-8-6-14-962059330,400015,283,204,72.08,100.00,27.92,27.92,200,0,90.0,877,90
8-6-4-13-2075430521,100097,283,223,78.80,100.00,21.20,21.20,200,0,84.0,463,84
7-4-3-22-122518356,100094,283,173,61.13,95.50,34.37,34.37,191,9,99.0,624,99
6-7-1-12-1008965486,100079,282,246,87.23,100.00,12.77,12.77,200,0,75.0,1020,75
8-4-6-14-1547653160,200053,282,124,43.97,98.50,54.53,54.53,197,3,72.0,247,72
1-5-3-16-404287114,100080,281,157,55.87,90.00,34.13,34.13,180,20,69.0,994,69
5-2-8-16-1828677404,100036,280,167,59.64,99.00,39.36,39.36,198,2,90.0,915,90
9-8-2-12-1889203652,100057,280,201,71.79,100.00,28.21,28.21,200,0,72.0,662,72
1-1-1-18-345800929,100069,279,101,36.20,98.50,62.30,62.30,197,3,114.0,1595,114
8-9-2-8-588452005,100020,279,227,81.36,100.00,18.64,18.64,200,0,66.0,401,66
4-2-1-11-1588347380,200007,279,138,49.46,100.00,50.54,50.54,200,0,57.0,249,57
8-8-3-11-1130495227,100081,278,182,65.47,99.00,33.53,33.53,198,2,72.0,1226,72
5-2-2-22-1813366620,100052,278,72,25.90,84.50,58.60,58.60,169,31,120.0,692,120
9-1-9-16-339028071,100050,278,190,68.35,99.50,31.15,31.15,199,1,78.0,1057,78
9-1-6-17-1309440635,100048,278,132,47.48,72.00,24.52,24.52,144,56,66.0,513,66
5-6-1-13-266320983,100075,277,208,75.09,97.50,22.41,22.41,195,5,84.0,5955,84
6-3-1-23-433081915,100064,277,105,37.91,95.00,57.09,57.09,190,10,126.0,3008,126
7-5-8-9-1088369873,100009,276,154,55.80,98.50,42.70,42.70,197,3,42.0,81,42
9-1-7-12-244330106,100072,276,192,69.57,99.00,29.43,29.43,198,2,63.0,459,63
5-3-6-15-2079086751,100046,276,221,80.07,100.00,19.93,19.93,200,0,57.0,161,57
7-3-4-11-466689271,100090,274,198,72.26,100.00,27.74,27.74,200,0,81.0,903,81
3-2-1-16-1970023401,100087,274,90,32.85,90.00,57.15,57.15,180,20,102.0,1493,102
6-1-3-11-597386158,200024,274,188,68.61,100.00,31.39,31.39,200,0,72.0,384,72
7-1-8-19-1954152014,100078,272,108,39.71,80.50,40.79,40.79,161,39,81.0,944,81
8-7-7-16-512933158,100051,272,68,25.00,80.00,55.00,55.00,160,40,105.0,1263,105
7-7-9-23-1326219331,100052,270,130,48.15,88.50,40.35,40.35,177,23,120.0,739,120
6-4-1-14-682927546,100033,267,230,86.14,100.00,13.86,13.86,200,0,60.0,253,60
7-7-4-12-1041323309,100043,267,198,74.16,99.00,24.84,24.84,198,2,78.0,657,78
7-7-2-19-55358740,100055,266,157,59.02,97.00,37.98,37.98,194,6,84.0,586,84
6-9-5-12-1006269145,100026,266,73,27.44,100.00,72.56,72.56,200,0,54.0,158,54
1-7-7-12-1529119272,200015,265,164,61.89,100.00,38.11,38.11,200,0,54.0,320,54
2-1-4-11-585352556,100037,265,192,72.45,97.00,24.55,24.55,194,6,66.0,482,66
8-6-6-21-1605650197,100089,264,106,40.15,94.00,53.85,53.85,188,12,114.0,1001,114
8-5-9-14-1645906227,100026,264,77,29.17,59.00,29.83,29.83,118,82,54.0,109,54
9-7-5-21-1359687721,100089,262,103,39.31,88.00,48.69,48.69,176,24,114.0,1212,114
7-9-5-17-660832730,100069,262,75,28.63,77.50,48.87,48.87,155,45,114.0,1649,114
3-2-2-20-70390619,500001,260,52,20.00,100.00,80.00,80.00,200,0,78.0,322,78
5-4-6-13-1137257498,200007,259,78,30.12,100.00,69.88,69.88,200,0,57.0,179,57
5-3-4-10-604501872,100090,259,56,21.62,91.50,69.88,69.88,183,17,81.0,1465,81
7-5-5-13-5344783,100063,259,162,62.55,96.50,33.95,33.95,193,7,99.0,1418,99
9-2-8-13-286371265,200013,258,196,75.97,100.00,24.03,24.03,200,0,63.0,304,63
2-9-2-13-1594964037,200012,257,77,29.96,95.50,65.54,65.54,191,9,54.0,166,54
2-5-4-13-1792123397,100007,255,181,70.98,99.50,28.52,28.52,199,1,69.0,470,69
9-9-4-12-1695467759,200004,255,102,40.00,70.50,30.50,30.50,141,59,48.0,114,48
5-6-7-8-228905975,100040,254,63,24.80,78.00,53.20,53.20,156,44,48.0,367,48
7-9-3-22-540648384,100061,253,66,26.09,89.00,62.91,62.91,178,22,102.0,927,102
6-7-1-14-2072272026,100026,253,100,39.53,99.50,59.97,59.97,199,1,54.0,225,54
7-7-3-21-1779029033,100065,253,68,26.88,61.50,34.62,34.62,123,77,108.0,1551,108
6-8-2-19-397344340,100065,252,106,42.06,69.00,26.94,26.94,138,62,108.0,1290,108
7-4-2-12-569695077,200015,251,145,57.77,99.50,41.73,41.73,199,1,54.0,238,54
2-4-2-9-1192431019,200015,250,125,50.00,100.00,50.00,50.00,200,0,54.0,446,54
8-7-1-8-1718529128,100056,249,196,78.71,100.00,21.29,21.29,200,0,54.0,635,54
8-5-8-15-1923213148,100094,247,95,38.46,80.00,41.54,41.54,160,40,99.0,770,99
7-9-4-19-1300428267,100034,247,127,51.42,93.00,41.58,41.58,186,14,72.0,186,72
6-4-3-14-1395426465,100087,246,115,46.75,98.00,51.25,51.25,196,4,102.0,5292,102
9-2-1-14-756796469,100004,244,65,26.64,100.00,73.36,73.36,200,0,60.0,699,60
3-8-8-11-1145552048,100008,243,147,60.49,100.00,39.51,39.51,200,0,42.0,105,42
3-7-2-21-1915561206,400013,242,99,40.91,68.50,27.59,27.59,137,63,108.0,3653,108
3-4-6-14-1516792911,100010,240,97,40.42,86.00,45.58,45.58,172,28,54.0,116,54
8-4-2-13-951865335,100066,240,62,25.83,77.00,51.17,51.17,154,46,93.0,2341,93
3-7-1-11-1812012027,200003,239,80,33.47,95.50,62.03,62.03,191,9,42.0,98,42
7-3-7-13-1506195626,200012,237,113,47.68,99.50,51.82,51.82,199,1,54.0,166,54
8-5-2-14-1177727510,100084,235,71,30.21,97.50,67.29,67.29,195,5,102.0,3644,102
9-5-2-8-991658304,100009,235,89,37.87,100.00,62.13,62.13,200,0,42.0,137,42
8-1-3-23-787723599,100061,232,8,3.45,25.00,21.55,21.55,50,150,102.0,660,102
5-5-2-13-844247032,200012,231,28,12.12,23.00,10.88,10.88,46,154,54.0,117,54
4-4-2-21-1124646819,100064,231,23,9.96,97.00,87.04,87.04,194,6,126.0,3474,126
3-4-2-16-616373767,100051,230,106,46.09,86.00,39.91,39.91,172,28,105.0,1883,105
6-3-2-24-63982069,100086,229,90,39.30,80.50,41.20,41.20,161,39,117.0,1781,117
7-3-8-23-431986938,100052,229,52,22.71,63.00,40.29,40.29,126,74,120.0,601,120
8-8-6-16-1527482259,100087,229,86,37.55,89.50,51.95,51.95,179,21,102.0,1164,102
8-8-4-13-340009907,100026,228,109,47.81,100.00,52.19,52.19,200,0,54.0,135,54
7-9-8-12-987952720,100040,227,64,28.19,78.50,50.31,50.31,157,43,48.0,286,48
8-9-6-15-430379269,100084,227,88,38.77,99.00,60.23,60.23,198,2,102.0,4610,102
9-7-6-21-2146967529,100064,226,24,10.62,34.50,23.88,23.88,69,131,126.0,1917,126
3-3-1-18-817115857,100051,224,62,27.68,94.00,66.32,66.32,188,12,105.0,1368,105
1-1-1-19-327322915,100069,224,19,8.48,75.00,66.52,66.52,150,50,114.0,1855,114
4-8-3-21-2061771756,100036,224,50,22.32,81.50,59.18,59.18,163,37,90.0,567,90
7-7-6-17-591821137,100096,220,79,35.91,95.50,59.59,59.59,191,9,96.0,1211,96
1-8-9-12-1068831745,200004,219,132,60.27,100.00,39.73,39.73,200,0,48.0,194,48
8-5-8-15-1431644990,100094,218,85,38.99,84.00,45.01,45.01,168,32,99.0,576,99
6-4-1-24-1969168229,100064,218,42,19.27,58.00,38.73,38.73,116,84,126.0,4482,126
5-3-7-12-1928426479,100026,217,39,17.97,99.00,81.03,81.03,198,2,54.0,199,54
4-5-9-12-1284444587,100010,217,46,21.20,92.00,70.80,70.80,184,16,54.0,214,54
6-5-9-10-342865299,200003,216,66,30.56,97.00,66.44,66.44,194,6,42.0,97,42
5-2-2-14-860898377,100076,216,145,67.13,100.00,32.87,32.87,200,0,90.0,807,90
8-3-3-13-1848521575,100034,216,92,42.59,100.00,57.41,57.41,200,0,72.0,233,72
7-1-8-19-1761735136,100078,215,122,56.74,93.00,36.26,36.26,186,14,81.0,1723,81
8-1-8-22-1488392561,100055,215,37,17.21,12.00,-5.21,5.21,24,176,84.0,720,84
9-2-8-21-2061219668,400013,211,132,62.56,97.50,34.94,34.94,195,5,108.0,6083,108
5-9-6-18-2118027551,100052,211,60,28.44,85.50,57.06,57.06,171,29,120.0,800,120
8-9-4-16-1398157102,100096,210,39,18.57,54.50,35.93,35.93,109,91,96.0,2270,96
3-7-1-11-1974276733,200003,210,138,65.71,99.50,33.79,33.79,199,1,42.0,97,42
1-1-7-11-894440515,100009,209,129,61.72,100.00,38.28,38.28,200,0,42.0,121,42
3-6-6-11-1453232379,100010,206,78,37.86,95.50,57.64,57.64,191,9,54.0,167,54
8-8-7-20-1844423415,100052,206,10,4.85,28.50,23.65,23.65,57,143,120.0,508,120
8-5-6-14-1648399526,200007,205,88,42.93,86.50,43.57,43.57,173,27,57.0,114,57
7-6-7-23-286931481,100052,205,50,24.39,87.00,62.61,62.61,174,26,120.0,671,120
6-3-8-13-652395990,100026,205,65,31.71,97.50,65.79,65.79,195,5,54.0,145,54
3-2-2-20-337558979,500001,203,70,34.48,99.50,65.02,65.02,199,1,78.0,335,78
3-8-5-14-1951724587,100095,202,118,58.42,89.00,30.58,30.58,178,22,90.0,722,90
9-1-4-15-1751489507,100059,201,129,64.18,95.50,31.32,31.32,191,9,81.0,1146,81
8-2-4-17-713517671,100083,201,40,19.90,35.00,15.10,15.10,70,130,90.0,470,90
3-2-5-12-79696142,100010,201,31,15.42,97.00,81.58,81.58,194,6,54.0,181,54
1-4-1-25-1778870948,100089,201,137,68.16,99.50,31.34,31.34,199,1,114.0,2209,114
7-7-4-17-1678925339,100069,200,22,11.00,82.50,71.50,71.50,165,35,114.0,1321,114
9-7-2-14-2097621005,100066,200,71,35.50,77.00,41.50,41.50,154,46,93.0,2729,93
7-8-6-22-827353626,100064,200,12,6.00,92.00,86.00,86.00,184,16,126.0,1684,126
5-1-2-16-168536014,100036,199,125,62.81,99.00,36.19,36.19,198,2,90.0,841,90
6-3-3-16-630622677,100069,199,19,9.55,21.00,11.45,11.45,42,158,114.0,2977,114
4-1-1-22-513158046,100051,199,85,42.71,97.00,54.29,54.29,194,6,105.0,1777,105
9-9-4-14-591302325,100057,198,145,73.23,90.50,17.27,17.27,181,19,72.0,597,72
9-5-1-13-177382237,200015,198,43,21.72,35.50,13.78,13.78,71,129,54.0,275,54
7-2-4-13-710500200,100010,198,78,39.39,100.00,60.61,60.61,200,0,54.0,219,54
7-4-4-14-657043489,100084,198,27,13.64,14.00,0.36,0.36,28,172,102.0,3581,102
1-5-3-20-185388696,100084,198,43,21.72,86.50,64.78,64.78,173,27,102.0,5188,102
7-5-3-21-1357835437,100076,198,67,33.84,65.50,31.66,31.66,131,69,90.0,455,90
1-8-6-10-1988580991,100040,197,91,46.19,100.00,53.81,53.81,200,0,48.0,354,48
7-8-6-21-1036988333,100065,197,31,15.74,70.50,54.76,54.76,141,59,108.0,767,108
6-6-7-16-1635367087,100076,197,72,36.55,76.00,39.45,39.45,152,48,90.0,567,90
9-4-6-24-801725764,100061,197,25,12.69,85.00,72.31,72.31,170,30,102.0,1252,102
1-4-6-24-2091870015,100051,197,55,27.92,42.50,14.58,14.58,85,115,105.0,1155,105
5-2-8-15-1070352844,200007,196,41,20.92,100.00,79.08,79.08,200,0,57.0,188,57
7-9-5-11-348355641,100075,196,115,58.67,76.00,17.33,17.33,152,48,84.0,5978,84
8-9-8-13-689753204,100072,196,95,48.47,97.00,48.53,48.53,194,6,63.0,257,63
7-4-5-15-2055724455,100069,195,110,56.41,90.50,34.09,34.09,181,19,114.0,2597,114
7-4-2-17-973833480,100065,194,105,54.12,100.00,45.88,45.88,200,0,108.0,2047,108
7-7-6-17-148717127,100096,194,47,24.23,74.00,49.77,49.77,148,52,96.0,1120,96
1-4-1-25-1579573865,100093,193,42,21.76,49.50,27.74,27.74,99,101,96.0,24064,96
4-7-2-20-1437290460,400012,192,21,10.94,13.50,2.56,2.56,27,173,108.0,1097,108
6-9-1-23-473773798,400012,192,60,31.25,92.50,61.25,61.25,185,15,108.0,1169,108
5-9-3-10-371519119,100002,191,93,48.69,100.00,51.31,51.31,200,0,39.0,69,39
7-9-8-17-92150078,100007,191,98,51.31,94.00,42.69,42.69,188,12,69.0,427,69
6-9-1-23-1679977523,400012,191,82,42.93,86.00,43.07,43.07,172,28,108.0,1105,108
6-6-2-15-215457986,100067,191,58,30.37,60.00,29.63,29.63,120,80,90.0,1495,90
6-9-1-23-69852134,400012,191,47,24.61,32.00,7.39,7.39,64,136,108.0,1113,108
4-4-3-16-696006096,100037,191,142,74.35,98.00,23.65,23.65,196,4,66.0,221,66
3-6-3-17-1606865638,100092,191,107,56.02,78.00,21.98,21.98,156,44,75.0,184,75
5-5-1-11-121226607,100040,188,86,45.74,95.00,49.26,49.26,190,10,48.0,460,48
6-6-3-20-1283060953,100064,187,21,11.23,98.00,86.77,86.77,196,4,126.0,2916,126
7-8-7-22-1061662949,100070,187,42,22.46,85.50,63.04,63.04,171,29,117.0,1120,117
6-7-7-18-1458412469,400013,187,34,18.18,43.50,25.32,25.32,87,113,108.0,3169,108
9-4-3-11-1925134486,100059,187,123,65.78,99.00,33.22,33.22,198,2,81.0,1075,81
8-6-7-11-1005011284,200007,186,75,40.32,99.50,59.18,59.18,199,1,57.0,192,57
6-9-9-11-465240601,200004,186,76,40.86,99.00,58.14,58.14,198,2,48.0,121,48
7-5-6-16-840219330,400014,186,27,14.52,74.00,59.48,59.48,148,52,108.0,3219,108
5-6-3-14-301935704,100041,185,61,32.97,51.00,18.03,18.03,102,98,72.0,299,72
8-6-8-24-1718802885,100089,185,20,10.81,18.50,7.69,7.69,37,163,114.0,1154,114
6-6-6-12-567545383,100026,185,79,42.70,99.50,56.80,56.80,199,1,54.0,170,54
3-9-9-16-157196336,100013,185,84,45.41,88.00,42.59,42.59,176,24,72.0,234,72
8-4-4-18-1816471716,400017,184,65,35.33,97.00,61.67,61.67,194,6,117.0,848,117
2-4-5-19-463872563,100021,184,51,27.72,99.50,71.78,71.78,199,1,72.0,258,72
3-8-8-13-1517527670,100010,184,65,35.33,100.00,64.67,64.67,200,0,54.0,201,54
8-4-3-17-155385745,100096,184,46,25.00,76.00,51.00,51.00,152,48,96.0,1145,96
9-2-7-17-1832420703,100034,183,65,35.52,73.00,37.48,37.48,146,54,72.0,210,72
7-7-6-17-1211326465,200024,183,92,50.27,56.50,6.23,6.23,113,87,72.0,160,72
9-5-2-8-1856345642,100009,183,101,55.19,99.00,43.81,43.81,198,2,42.0,158,42
9-9-1-22-528157758,400014,183,120,65.57,60.00,-5.57,5.57,120,80,108.0,3807,108
6-6-2-14-1355402123,100047,183,100,54.64,90.00,35.36,35.36,180,20,72.0,1272,72
7-9-3-21-712612004,100051,183,42,22.95,60.50,37.55,37.55,121,79,105.0,1306,105
7-1-4-19-640373684,100066,183,43,23.50,80.00,56.50,56.50,160,40,93.0,2299,93
7-1-3-19-146487943,100086,182,69,37.91,30.00,-7.91,7.91,60,140,117.0,2334,117
2-2-5-10-172898463,100072,182,44,24.18,83.00,58.82,58.82,166,34,63.0,600,63
5-8-9-9-1715776701,200004,182,113,62.09,95.00,32.91,32.91,190,10,48.0,171,48
5-2-2-19-54177295,100086,182,98,53.85,98.00,44.15,44.15,196,4,117.0,3072,117
7-3-2-20-1444882422,100069,182,42,23.08,48.00,24.92,24.92,96,104,114.0,1169,114
6-7-6-16-1303413814,100031,182,129,70.88,96.00,25.12,25.12,192,8,60.0,117,60
9-1-6-21-325506603,100051,182,30,16.48,74.00,57.52,57.52,148,52,105.0,1503,105
9-3-1-10-1868672128,200012,181,93,51.38,99.50,48.12,48.12,199,1,54.0,343,54
4-5-7-14-2029210002,100048,181,97,53.59,80.00,26.41,26.41,160,40,66.0,653,66
8-6-6-18-1387314678,100064,181,57,31.49,62.50,31.01,31.01,125,75,126.0,1973,126
1-6-2-25-212976354,100061,181,74,40.88,95.50,54.62,54.62,191,9,102.0,839,102
8-6-2-17-116754267,100069,181,42,23.20,99.00,75.80,75.80,198,2,114.0,2605,114
9-7-5-21-670167299,100089,181,30,16.57,39.00,22.43,22.43,78,122,114.0,1122,114
7-4-1-20-1565417338,100085,181,75,41.44,89.50,48.06,48.06,179,21,84.0,649,84
6-5-3-15-636456253,100066,180,50,27.78,67.00,39.22,39.22,134,66,93.0,2144,93
8-5-5-12-1892425166,100026,180,67,37.22,100.00,62.78,62.78,200,0,54.0,145,54
8-1-7-10-1508241850,200012,180,85,47.22,100.00,52.78,52.78,200,0,54.0,228,54
3-6-1-11-2115409328,200003,180,71,39.44,97.00,57.56,57.56,194,6,42.0,79,42
1-7-8-25-1163567267,100063,180,99,55.00,97.50,42.50,42.50,195,5,99.0,886,99
1-5-3-19-1880068733,100066,179,53,29.61,98.00,68.39,68.39,196,4,93.0,3231,93
8-7-6-17-1675134141,100070,179,24,13.41,35.50,22.09,22.09,71,129,117.0,1315,117
5-3-4-10-1995086428,100090,179,74,41.34,61.50,20.16,20.16,123,77,81.0,1140,81
7-3-2-10-1261121532,100088,178,114,64.04,83.50,19.46,19.46,167,33,72.0,1519,72
9-9-2-15-1660444083,200010,178,25,14.04,74.00,59.96,59.96,148,52,57.0,226,57
2-8-3-12-1183909071,100074,178,148,83.15,97.50,14.35,14.35,195,5,54.0,177,54
4-4-5-19-2039077956,100064,178,22,12.36,55.50,43.14,43.14,111,89,126.0,2139,126
7-2-8-12-942803060,200015,177,42,23.73,97.00,73.27,73.27,194,6,54.0,186,54
1-5-8-17-1453996401,400015,177,106,59.89,54.50,-5.39,5.39,109,91,90.0,888,90
4-1-3-17-1194242684,100087,177,101,57.06,97.00,39.94,39.94,194,6,102.0,1930,102
1-7-5-17-178083823,100063,176,98,55.68,99.50,43.82,43.82,199,1,99.0,1505,99
6-4-3-14-1096656920,100087,176,84,47.73,66.00,18.27,18.27,132,68,102.0,1428,102
9-6-3-14-40058069,100023,176,95,53.98,70.00,16.02,16.02,140,60,54.0,112,54
7-2-4-22-1396529648,400017,176,95,53.98,53.50,-0.48,0.48,107,93,117.0,987,117
5-1-4-23-1575089545,100086,176,66,37.50,58.50,21.00,21.00,117,83,117.0,2526,117
6-2-2-18-2046939010,100043,176,77,43.75,56.50,12.75,12.75,113,87,78.0,384,78
5-3-1-15-2028795947,100005,176,57,32.39,5.50,-26.89,26.89,11,189,66.0,212,66
8-9-1-15-1037430212,100020,176,66,37.50,69.00,31.50,31.50,138,62,66.0,240,66
3-6-4-14-489884330,100037,175,23,13.14,77.00,63.86,63.86,154,46,66.0,228,66
8-6-9-15-1533237151,100046,175,50,28.57,58.00,29.43,29.43,116,84,57.0,108,57
1-5-2-25-1589955501,100063,174,37,21.26,28.00,6.74,6.74,56,144,99.0,1286,99
3-2-1-23-89058661,100069,174,11,6.32,5.50,-0.82,0.82,11,189,114.0,1763,114
8-6-3-15-461056514,100020,174,64,36.78,57.00,20.22,20.22,114,86,66.0,133,66
8-1-6-18-953974207,100066,174,49,28.16,91.00,62.84,62.84,182,18,93.0,1596,93
3-9-7-9-1846401633,100035,173,101,58.38,96.50,38.12,38.12,193,7,54.0,167,54
5-4-2-21-619119587,100070,173,48,27.75,83.50,55.75,55.75,167,33,117.0,5981,117
7-6-4-17-984377715,100081,173,31,17.92,46.00,28.08,28.08,92,108,72.0,991,72
8-8-7-20-290035180,100052,173,19,10.98,23.50,12.52,12.52,47,153,120.0,1748,120
1-8-4-19-819893836,100075,172,44,25.58,76.00,50.42,50.42,152,48,84.0,4069,84
7-7-3-10-1127675215,100006,172,154,89.53,100.00,10.47,10.47,200,0,42.0,120,42
7-9-2-21-1076614166,100065,172,53,30.81,75.50,44.69,44.69,151,49,108.0,1771,108
2-9-2-13-1622278016,200012,172,32,18.60,98.00,79.40,79.40,196,4,54.0,223,54
9-8-6-17-33085220,400011,171,68,39.77,89.00,49.23,49.23,178,22,90.0,408,90
9-8-6-14-1912327178,100028,171,66,38.60,76.00,37.40,37.40,152,48,54.0,134,54
1-7-5-20-147783053,100096,171,66,38.60,80.50,41.90,41.90,161,39,96.0,1864,96
9-2-8-21-643265999,400013,170,113,66.47,100.00,33.53,33.53,200,0,108.0,5339,108
9-8-6-17-1573346965,400011,170,17,10.00,16.00,6.00,6.00,32,168,90.0,519,90
4-3-2-17-268987223,100069,170,68,40.00,94.00,54.00,54.00,188,12,114.0,1672,114
7-7-4-22-1998027746,100070,169,39,23.08,88.50,65.42,65.42,177,23,117.0,1610,117
5-3-3-17-391166635,100016,169,84,49.70,42.00,-7.70,7.70,84,116,66.0,196,66
7-4-5-23-1570404173,100052,169,50,29.59,97.00,67.41,67.41,194,6,120.0,738,120
7-7-4-21-149966720,100069,168,13,7.74,90.50,82.76,82.76,181,19,114.0,1222,114
7-4-3-22-1446636499,100094,168,82,48.81,82.50,33.69,33.69,165,35,99.0,606,99
7-1-9-24-235228532,100094,168,103,61.31,98.00,36.69,36.69,196,4,99.0,738,99
9-7-2-20-423034032,100050,168,49,29.17,46.00,16.83,16.83,92,108,78.0,454,78
8-9-4-7-765567919,100040,167,116,69.46,100.00,30.54,30.54,200,0,48.0,455,48
9-7-4-12-955830062,100037,167,82,49.10,91.50,42.40,42.40,183,17,66.0,305,66
6-2-1-13-977171032,100079,167,109,65.27,99.00,33.73,33.73,198,2,75.0,728,75
8-8-6-13-1590526602,100030,167,83,49.70,69.00,19.30,19.30,138,62,66.0,203,66
7-3-2-20-776314475,100069,167,25,14.97,27.50,12.53,12.53,55,145,114.0,2172,114
3-4-3-22-515906206,100061,166,17,10.24,10.00,-0.24,0.24,20,180,102.0,534,102
5-2-2-20-1284458559,100063,166,27,16.27,81.50,65.23,65.23,163,37,99.0,1193,99
6-6-6-12-2056582045,100047,166,26,15.66,25.00,9.34,9.34,50,150,72.0,1101,72
6-2-2-17-1374495271,100071,166,51,30.72,24.50,-6.22,6.22,49,151,72.0,428,72
9-5-8-11-1334803215,200007,166,16,9.64,92.50,82.86,82.86,185,15,57.0,249,57
9-3-7-23-106692282,100036,165,13,7.88,2.00,-5.88,5.88,4,196,90.0,503,90
8-2-4-17-755221830,100079,165,50,30.30,37.00,6.70,6.70,74,126,75.0,362,75
9-1-4-15-91128640,100059,164,82,50.00,88.50,38.50,38.50,177,23,81.0,897,81
7-8-2-13-8747839,100048,164,117,71.34,100.00,28.66,28.66,200,0,66.0,694,66
8-8-1-11-664115519,200012,164,73,44.51,100.00,55.49,55.49,200,0,54.0,193,54
7-4-3-22-1068759478,100094,164,54,32.93,60.50,27.57,27.57,121,79,99.0,609,99
3-9-5-16-2133195893,200013,164,115,70.12,98.50,28.38,28.38,197,3,63.0,161,63
9-2-9-18-1508420911,100065,163,63,38.65,56.50,17.85,17.85,113,87,108.0,1413,108
7-3-3-9-76431962,100056,163,110,67.48,87.50,20.02,20.02,175,25,54.0,449,54
7-1-2-21-789868361,100055,163,58,35.58,76.50,40.92,40.92,153,47,84.0,703,84
8-9-2-14-436026511,100033,163,137,84.05,99.00,14.95,14.95,198,2,60.0,247,60
4-8-4-7-768866004,100009,162,104,64.20,100.00,35.80,35.80,200,0,42.0,90,42
7-9-3-22-31901402,100061,162,47,29.01,92.50,63.49,63.49,185,15,102.0,1107,102
6-7-2-12-1928379652,200004,162,86,53.09,99.50,46.41,46.41,199,1,48.0,133,48
9-3-3-14-1603970478,100078,162,90,55.56,93.50,37.94,37.94,187,13,81.0,1783,81
3-2-5-12-525501464,100010,162,17,10.49,94.00,83.51,83.51,188,12,54.0,160,54
9-1-4-14-29481038,100014,162,138,85.19,100.00,14.81,14.81,200,0,54.0,202,54
4-8-7-21-1204283377,100078,161,95,59.01,63.50,4.49,4.49,127,73,81.0,741,81
4-6-5-13-1033787661,100033,161,82,50.93,79.50,28.57,28.57,159,41,60.0,228,60
7-9-6-16-877269147,200053,161,57,35.40,20.50,-14.90,14.90,41,159,72.0,198,72
7-7-2-17-1433539484,100090,161,81,50.31,96.50,46.19,46.19,193,7,81.0,830,81
5-6-6-12-257766811,200004,161,41,25.47,69.50,44.03,44.03,139,61,48.0,105,48
5-4-7-17-2102757810,100036,161,42,26.09,84.00,57.91,57.91,168,32,90.0,703,90
9-1-9-14-2107134580,100067,161,67,41.61,96.00,54.39,54.39,192,8,90.0,2231,90
1-3-3-22-163529255,100066,160,42,26.25,92.00,65.75,65.75,184,16,93.0,2439,93
7-4-1-20-525178087,100085,160,37,23.13,19.50,-3.63,3.63,39,161,84.0,789,84
5-5-3-8-1973891590,200015,160,93,58.13,93.00,34.87,34.87,186,14,54.0,324,54
3-7-5-17-1567342210,100097,160,76,47.50,83.00,35.50,35.50,166,34,84.0,354,84
4-4-2-23-737124654,100086,160,53,33.13,81.00,47.87,47.87,162,38,117.0,1516,117
7-2-4-22-1882600802,400017,159,76,47.80,100.00,52.20,52.20,200,0,117.0,1224,117
9-7-5-23-617190316,100089,159,25,15.72,32.50,16.78,16.78,65,135,114.0,916,114
9-8-2-18-1625092098,400014,159,69,43.40,96.50,53.10,53.10,193,7,108.0,3440,108
6-5-1-10-771923386,100008,159,110,69.18,100.00,30.82,30.82,200,0,42.0,112,42
5-8-1-13-552849808,100028,158,122,77.22,100.00,22.78,22.78,200,0,54.0,314,54
8-6-4-16-1830450581,100066,158,62,39.24,38.50,-0.74,0.74,77,123,93.0,1487,93
8-6-6-18-378922214,100064,158,21,13.29,17.00,3.71,3.71,34,166,126.0,1859,126
4-2-2-15-1148850076,100071,158,78,49.37,93.50,44.13,44.13,187,13,72.0,360,72
5-6-7-8-1344783020,100040,158,85,53.80,99.50,45.70,45.70,199,1,48.0,374,48
3-6-5-16-2073585314,100004,157,71,45.22,47.00,1.78,1.78,94,106,60.0,147,60
6-8-2-11-59890880,100008,157,65,41.40,96.50,55.10,55.10,193,7,42.0,83,42
9-9-1-22-508281748,400014,157,37,23.57,54.00,30.43,30.43,108,92,108.0,3303,108
8-2-4-17-410462093,100079,157,90,57.32,74.00,16.68,16.68,148,52,75.0,300,75
1-9-5-18-1251888619,100090,157,56,35.67,49.00,13.33,13.33,98,102,81.0,724,81
9-2-4-16-1673995856,100096,157,84,53.50,96.50,43.00,43.00,193,7,96.0,2358,96
3-7-2-21-1785043159,400013,156,72,46.15,82.50,36.35,36.35,165,35,108.0,3391,108
3-7-5-10-414933285,200004,156,69,44.23,100.00,55.77,55.77,200,0,48.0,164,48
5-2-2-20-1397716877,100061,156,59,37.82,94.00,56.18,56.18,188,12,102.0,994,102
7-6-4-16-205998570,100063,156,35,22.44,66.50,44.06,44.06,133,67,99.0,889,99
4-3-1-20-1338004040,100064,156,56,35.90,78.00,42.10,42.10,156,44,126.0,3122,126
7-6-4-20-739145779,100064,156,19,12.18,92.00,79.82,79.82,184,16,126.0,2459,126
8-5-8-23-239296840,400014,156,79,50.64,88.00,37.36,37.36,176,24,108.0,2155,108
3-2-5-12-1375131248,100010,156,14,8.97,96.00,87.03,87.03,192,8,54.0,181,54
1-1-1-19-1415303194,100069,156,30,19.23,91.50,72.27,72.27,183,17,114.0,1436,114
7-7-3-10-594211306,200015,155,72,46.45,100.00,53.55,53.55,200,0,54.0,361,54
6-1-1-20-1929588574,100060,155,105,67.74,88.00,20.26,20.26,176,24,84.0,518,84
6-4-3-14-1774337437,100087,154,85,55.19,91.50,36.31,36.31,183,17,102.0,1984,102
9-9-1-22-1634022310,400014,154,69,44.81,79.50,34.69,34.69,159,41,108.0,5014,108
4-9-8-14-352551195,100085,154,70,45.45,96.50,51.05,51.05,193,7,84.0,577,84
3-1-4-23-2047066704,400011,154,59,38.31,97.50,59.19,59.19,195,5,90.0,843,90
7-5-4-20-861934286,100070,154,20,12.99,36.00,23.01,23.01,72,128,117.0,1492,117
8-4-5-18-1821474120,100061,154,23,14.94,77.50,62.56,62.56,155,45,102.0,599,102
9-4-6-24-570649052,100061,154,24,15.58,21.50,5.92,5.92,43,157,102.0,728,102
5-8-4-10-539072926,200003,153,72,47.06,100.00,52.94,52.94,200,0,42.0,71,42
5-4-2-14-786207099,100096,153,46,30.07,30.50,0.43,0.43,61,139,96.0,2338,96
9-5-8-18-2001039580,100071,153,79,51.63,65.00,13.37,13.37,130,70,72.0,277,72
9-4-6-14-1555745927,100037,153,89,58.17,84.50,26.33,26.33,169,31,66.0,243,66
5-3-3-19-1574921496,100064,153,1,0.65,73.00,72.35,72.35,146,54,126.0,2097,126
7-8-4-13-2117751981,100041,152,62,40.79,82.00,41.21,41.21,164,36,72.0,306,72
7-7-5-18-1502766844,100069,152,21,13.82,96.00,82.18,82.18,192,8,114.0,1307,114
4-4-2-15-833339782,100065,152,65,42.76,100.00,57.24,57.24,200,0,108.0,2112,108
2-8-9-13-331743312,200012,152,20,13.16,78.50,65.34,65.34,157,43,54.0,509,54
3-3-9-12-2004310466,100038,152,66,43.42,64.50,21.08,21.08,129,71,54.0,504,54
5-7-4-21-1667164427,100052,152,58,38.16,85.00,46.84,46.84,170,30,120.0,2018,120
7-6-6-18-1042382000,100043,152,43,28.29,22.00,-6.29,6.29,44,156,78.0,554,78
1-7-9-19-2044409914,100058,152,113,74.34,79.00,4.66,4.66,158,42,84.0,1679,84
1-3-7-17-796798647,100097,152,115,75.66,100.00,24.34,24.34,200,0,84.0,650,84
7-6-9-19-2057833480,100061,152,11,7.24,72.00,64.76,64.76,144,56,102.0,731,102
8-1-3-19-1314097629,100067,151,34,22.52,66.00,43.48,43.48,132,68,90.0,1000,90
7-4-3-24-1249807334,100065,151,39,25.83,75.50,49.67,49.67,151,49,108.0,975,108
9-5-9-21-1446814598,100097,150,42,28.00,27.00,-1.00,1.00,54,146,84.0,301,84
5-9-9-13-456612232,100078,150,46,30.67,58.50,27.83,27.83,117,83,81.0,1293,81
2-2-5-6-691732904,100001,150,108,72.00,100.00,28.00,28.00,200,0,22.0,49,24
1-4-9-19-1869160420,100043,149,21,14.09,31.50,17.41,17.41,63,137,78.0,505,78
9-7-4-15-79725629,100055,149,103,69.13,94.50,25.37,25.37,189,11,84.0,634,84
8-4-6-14-1768750084,200053,149,55,36.91,81.50,44.59,44.59,163,37,72.0,297,72
6-2-3-19-1066894508,100086,149,12,8.05,42.00,33.95,33.95,84,116,117.0,1595,117
8-8-8-13-405243612,100031,149,106,71.14,98.50,27.36,27.36,197,3,60.0,167,60
1-4-5-20-1530796322,100067,148,50,33.78,53.00,19.22,19.22,106,94,90.0,1628,90
2-7-3-14-1625290512,200015,148,33,22.30,70.50,48.20,48.20,141,59,54.0,174,54
5-3-1-23-1763919151,100064,148,26,17.57,59.00,41.43,41.43,118,82,126.0,1873,126
4-1-1-21-2041977084,100066,148,84,56.76,97.50,40.74,40.74,195,5,93.0,2492,93
3-3-4-19-964105991,100092,148,36,24.32,36.50,12.18,12.18,73,127,75.0,180,75
7-8-1-22-1970939053,100055,148,46,31.08,75.00,43.92,43.92,150,50,84.0,600,84
7-7-3-21-1396200242,100065,148,65,43.92,99.50,55.58,55.58,199,1,108.0,1505,108
1-5-4-21-975859349,100084,148,88,59.46,96.50,37.04,37.04,193,7,102.0,5410,102
8-8-7-20-823022965,100052,147,33,22.45,43.50,21.05,21.05,87,113,120.0,593,120
7-8-4-20-2083527077,100085,147,27,18.37,55.50,37.13,37.13,111,89,84.0,361,84
6-1-3-20-883700673,100051,147,19,12.93,76.50,63.57,63.57,153,47,105.0,1350,105
9-5-8-11-310268654,200007,147,49,33.33,99.00,65.67,65.67,198,2,57.0,221,57
7-7-8-17-682423575,100096,147,35,23.81,48.50,24.69,24.69,97,103,96.0,1008,96
9-9-2-20-1392030163,100055,147,104,70.75,82.50,11.75,11.75,165,35,84.0,667,84
9-3-7-13-1493932431,100034,146,30,20.55,45.50,24.95,24.95,91,109,72.0,276,72
6-3-1-16-600718189,200024,146,45,30.82,22.50,-8.32,8.32,45,155,72.0,176,72
5-6-6-12-815024404,100080,146,6,4.11,62.00,57.89,57.89,124,76,69.0,411,69
7-3-1-24-1291322522,100070,146,41,28.08,79.00,50.92,50.92,158,42,117.0,1799,117
5-2-2-22-2002765788,100052,146,49,33.56,58.50,24.94,24.94,117,83,120.0,694,120
6-5-5-15-846494545,100013,146,90,61.64,74.50,12.86,12.86,149,51,72.0,252,72
8-8-4-21-1732239479,100095,145,26,17.93,84.50,66.57,66.57,169,31,90.0,387,90
8-2-6-10-1866530255,200003,145,97,66.90,100.00,33.10,33.10,200,0,42.0,98,42
6-6-8-10-489239042,200007,145,94,64.83,100.00,35.17,35.17,200,0,57.0,222,57
8-5-5-15-1058428927,100083,144,39,27.08,55.00,27.92,27.92,110,90,90.0,584,90
8-3-4-17-527917468,100030,144,26,18.06,28.00,9.94,9.94,56,144,66.0,105,66
7-1-8-19-563866294,100078,144,71,49.31,99.00,49.69,49.69,198,2,81.0,1263,81
1-5-3-16-28615106,100080,144,74,51.39,72.00,20.61,20.61,144,56,69.0,669,69
6-8-3-20-1069893602,100086,144,10,6.94,8.00,1.06,1.06,16,184,117.0,1092,117
9-1-9-16-1546855817,100050,144,108,75.00,98.00,23.00,23.00,196,4,78.0,1150,78
5-2-2-15-610084607,100007,144,54,37.50,60.00,22.50,22.50,120,80,69.0,395,69
6-8-4-16-714457222,100087,144,15,10.42,78.00,67.58,67.58,156,44,102.0,1021,102
2-4-9-15-1039778231,100072,143,78,54.55,80.50,25.95,25.95,161,39,63.0,411,63
4-9-8-21-2096205134,100060,143,49,34.27,38.50,4.23,4.23,77,123,84.0,466,84
7-4-4-24-894872529,100065,143,60,41.96,68.00,26.04,26.04,136,64,108.0,762,108
9-2-8-9-2020874595,100040,143,95,66.43,99.00,32.57,32.57,198,2,48.0,444,48
2-8-3-16-512710011,100033,143,98,68.53,96.00,27.47,27.47,192,8,60.0,153,60
7-7-3-21-1192738803,100065,143,47,32.87,65.50,32.63,32.63,131,69,108.0,1161,108
1-9-5-20-1483766874,100093,143,27,18.88,37.50,18.62,18.62,75,125,96.0,15517,96
5-3-1-18-589322689,200053,143,50,34.97,55.50,20.53,20.53,111,89,72.0,321,72
4-4-9-18-1903736244,400011,143,64,44.76,81.50,36.74,36.74,163,37,90.0,839,90
6-8-7-13-1920382893,100058,143,36,25.17,59.50,34.33,34.33,119,81,84.0,711,84
8-5-8-23-1786386627,400014,143,28,19.58,54.50,34.92,34.92,109,91,108.0,2345,108
1-2-1-16-1632863808,100067,142,76,53.52,97.50,43.98,43.98,195,5,90.0,2648,90
2-8-1-11-676314420,100008,142,103,72.54,100.00,27.46,27.46,200,0,42.0,115,42
8-7-1-8-2083480184,100056,142,69,48.59,85.50,36.91,36.91,171,29,54.0,541,54
7-8-6-22-2025227230,100069,142,7,4.93,8.50,3.57,3.57,17,183,114.0,914,114
4-1-3-18-1766100385,100051,142,71,50.00,97.00,47.00,47.00,194,6,105.0,2021,105
8-1-5-18-947309587,400014,142,74,52.11,90.50,38.39,38.39,181,19,108.0,3523,108
7-1-2-21-2128664934,100055,142,108,76.06,96.50,20.44,20.44,193,7,84.0,849,84
2-2-1-17-1554444902,100058,142,23,16.20,42.50,26.30,26.30,85,115,84.0,633,84
6-7-1-14-1832251620,100026,142,71,50.00,99.00,49.00,49.00,198,2,54.0,196,54
9-1-8-14-1724247226,100080,141,115,81.56,99.00,17.44,17.44,198,2,69.0,766,69
1-7-7-18-446251360,100085,141,101,71.63,97.00,25.37,25.37,194,6,84.0,887,84
4-5-8-14-876282543,100010,141,64,45.39,94.50,49.11,49.11,189,11,54.0,170,54
1-8-6-17-562021327,100084,141,51,36.17,98.50,62.33,62.33,197,3,102.0,3039,102
7-9-4-22-1310330300,100052,141,21,14.89,85.50,70.61,70.61,171,29,120.0,688,120
9-5-2-8-1170254764,100009,141,57,40.43,100.00,59.57,59.57,200,0,42.0,117,42
6-6-7-14-219117986,100057,141,58,41.13,62.50,21.37,21.37,125,75,72.0,397,72
3-3-5-15-95066677,100046,141,76,53.90,37.50,-16.40,16.40,75,125,57.0,110,57
2-6-4-15-1121826460,100004,141,17,12.06,99.50,87.44,87.44,199,1,60.0,220,60
4-5-7-14-278886371,100048,140,86,61.43,85.00,23.57,23.57,170,30,66.0,497,66
7-4-2-18-842475424,100084,140,16,11.43,40.50,29.07,29.07,81,119,102.0,4203,102
2-8-3-8-1079328147,100008,140,77,55.00,100.00,45.00,45.00,200,0,42.0,122,42
9-3-2-9-1261367048,100002,140,118,84.29,100.00,15.71,15.71,200,0,39.0,95,39
1-1-1-24-87477408,100093,140,33,23.57,55.50,31.93,31.93,111,89,96.0,4266,96
5-7-3-14-2071333476,200012,140,42,30.00,99.00,69.00,69.00,198,2,54.0,158,54
9-5-3-14-807440044,100026,139,59,42.45,100.00,57.55,57.55,200,0,54.0,117,54
3-6-6-14-649437919,100038,139,83,59.71,76.00,16.29,16.29,152,48,54.0,109,54
6-3-8-13-662630325,100026,139,38,27.34,84.50,57.16,57.16,169,31,54.0,168,54
7-4-4-14-1516721956,100084,139,36,25.90,53.50,27.60,27.60,107,93,102.0,3916,102
6-4-8-24-1644682394,400015,139,22,15.83,16.00,0.17,0.17,32,168,90.0,423,90
4-6-3-19-867199464,100089,139,38,27.34,94.50,67.16,67.16,189,11,114.0,1185,114
9-8-1-18-1603857892,100067,139,39,28.06,67.00,38.94,38.94,134,66,90.0,1830,90
6-7-5-22-1130056201,100052,138,45,32.61,95.50,62.89,62.89,191,9,120.0,733,120
7-1-3-20-1230758769,100095,138,81,58.70,100.00,41.30,41.30,200,0,90.0,656,90
9-1-3-17-664108078,100030,138,84,60.87,70.00,9.13,9.13,140,60,66.0,167,66
6-5-9-10-2122905398,200003,138,51,36.96,97.50,60.54,60.54,195,5,42.0,87,42
9-4-6-18-1896735215,100071,137,32,23.36,87.50,64.14,64.14,175,25,72.0,358,72
4-9-9-14-1430823802,100010,137,61,44.53,100.00,55.47,55.47,200,0,54.0,160,54
4-7-2-20-265826208,400012,137,64,46.72,27.50,-19.22,19.22,55,145,108.0,1032,108
5-5-4-12-271116645,200012,137,19,13.87,49.50,35.63,35.63,99,101,54.0,193,54
9-9-2-15-1144399017,200010,137,49,35.77,91.00,55.23,55.23,182,18,57.0,261,57
7-3-5-20-1339795959,100079,137,69,50.37,91.50,41.13,41.13,183,17,75.0,268,75
8-1-2-16-824438480,100075,137,34,24.82,56.00,31.18,31.18,112,88,84.0,2056,84
4-9-9-15-438844145,100041,137,83,60.58,99.50,38.92,38.92,199,1,72.0,376,72
2-2-2-20-1564813058,100064,136,38,27.94,61.50,33.56,33.56,123,77,126.0,1553,126
6-7-9-10-845880660,100056,136,44,32.35,39.00,6.65,6.65,78,122,54.0,316,54
1-2-1-17-327211340,100066,136,33,24.26,44.50,20.24,20.24,89,111,93.0,2907,93
8-3-4-16-2030873815,100047,136,49,36.03,46.50,10.47,10.47,93,107,72.0,503,72
9-6-2-15-413233469,100004,136,101,74.26,91.00,16.74,16.74,182,18,60.0,215,60
7-5-5-21-1239676929,100076,136,19,13.97,16.50,2.53,2.53,33,167,90.0,298,90
9-4-2-22-1836661688,100096,136,36,26.47,34.00,7.53,7.53,68,132,96.0,2408,96
8-4-4-10-1301074397,100014,135,88,65.19,92.00,26.81,26.81,184,16,54.0,164,54
4-1-2-17-116713450,100076,135,83,61.48,99.50,38.02,38.02,199,1,90.0,680,90
1-7-9-19-1704584258,100058,135,82,60.74,98.50,37.76,37.76,197,3,84.0,1396,84
5-5-9-11-2103255608,100008,135,56,41.48,96.00,54.52,54.52,192,8,42.0,65,42
8-6-3-15-562374890,100020,135,51,37.78,60.50,22.72,22.72,121,79,66.0,165,66
5-2-2-24-176960696,100070,135,69,51.11,95.00,43.89,43.89,190,10,117.0,3474,117
6-2-9-13-786908865,100050,135,81,60.00,99.00,39.00,39.00,198,2,78.0,1293,78
7-4-5-20-566117257,100051,135,34,25.19,34.00,8.81,8.81,68,132,105.0,1098,105
3-7-9-25-2084978226,100094,135,35,25.93,50.00,24.07,24.07,100,100,99.0,723,99
9-6-2-15-1298433468,100004,135,44,32.59,100.00,67.41,67.41,200,0,60.0,192,60
8-1-5-18-851326511,100067,134,23,17.16,89.00,71.84,71.84,178,22,90.0,1779,90
8-4-7-17-702504593,100016,134,100,74.63,96.00,21.37,21.37,192,8,66.0,159,66
6-9-4-11-1172399533,200003,134,60,44.78,100.00,55.22,55.22,200,0,42.0,70,42
9-6-8-17-1190710549,100041,134,75,55.97,73.50,17.53,17.53,147,53,72.0,265,72
7-8-7-22-810968756,100070,134,15,11.19,13.00,1.81,1.81,26,174,117.0,909,117
8-9-1-22-1309303780,100095,134,36,26.87,88.00,61.13,61.13,176,24,90.0,451,90
7-1-7-21-1358156735,100059,133,61,45.86,58.00,12.14,12.14,116,84,81.0,362,81
8-4-4-18-1753585854,400017,133,36,27.07,84.00,56.93,56.93,168,32,117.0,735,117
9-8-2-12-975628352,100057,133,97,72.93,99.00,26.07,26.07,198,2,72.0,700,72
7-5-2-18-1405483564,100069,133,15,11.28,84.50,73.22,73.22,169,31,114.0,1957,114
5-3-3-17-2048030292,100016,133,81,60.90,60.00,-0.90,0.90,120,80,66.0,181,66
8-9-4-25-831634056,100052,133,18,13.53,17.00,3.47,3.47,34,166,120.0,609,120
8-5-6-18-260897245,400017,133,25,18.80,46.00,27.20,27.20,92,108,117.0,587,117
2-2-5-9-762216721,100028,132,96,72.73,97.50,24.77,24.77,195,5,54.0,391,54
9-1-6-17-271920096,100048,132,63,47.73,85.00,37.27,37.27,170,30,66.0,474,66
4-1-2-10-1506182054,100041,132,104,78.79,100.00,21.21,21.21,200,0,72.0,665,72
7-6-1-15-1007512082,100058,132,55,41.67,99.00,57.33,57.33,198,2,84.0,1430,84
7-2-1-15-1329799086,100090,132,69,52.27,90.00,37.73,37.73,180,20,81.0,1183,81
1-7-2-19-1255059529,100078,132,75,56.82,81.50,24.68,24.68,163,37,81.0,931,81
5-9-1-18-1201119191,100095,131,70,53.44,87.50,34.06,34.06,175,25,90.0,992,90
4-8-2-11-1566629203,100040,131,71,54.20,99.00,44.80,44.80,198,2,48.0,372,48
6-5-1-21-31726393,100051,131,41,31.30,33.00,1.70,1.70,66,134,105.0,1278,105
8-6-2-17-1606275494,100084,131,42,32.06,98.50,66.44,66.44,197,3,102.0,2552,102
6-7-7-18-912090216,400013,131,27,20.61,34.00,13.39,13.39,68,132,108.0,2885,108
4-3-4-9-2099367101,100009,131,93,70.99,100.00,29.01,29.01,200,0,42.0,92,42
1-5-2-25-434846759,100063,130,96,73.85,72.00,-1.85,1.85,144,56,99.0,1069,99
6-4-8-24-910655544,400015,130,33,25.38,57.00,31.62,31.62,114,86,90.0,445,90
5-2-3-20-70034849,400015,130,82,63.08,98.00,34.92,34.92,196,4,90.0,514,90
9-9-1-22-880150883,400014,130,63,48.46,40.00,-8.46,8.46,80,120,108.0,3750,108
7-6-4-14-1897153654,100087,130,55,42.31,98.00,55.69,55.69,196,4,102.0,1642,102
7-7-4-21-397236317,100064,129,33,25.58,51.50,25.92,25.92,103,97,126.0,3182,126
8-6-9-12-1451689780,100020,129,45,34.88,86.50,51.62,51.62,173,27,66.0,186,66
7-4-1-15-1194753862,100090,129,78,60.47,84.50,24.03,24.03,169,31,81.0,1039,81
7-3-4-20-632127490,100052,129,14,10.85,76.00,65.15,65.15,152,48,120.0,976,120
7-7-4-21-1862221973,100064,129,44,34.11,58.00,23.89,23.89,116,84,126.0,2046,126
3-5-4-14-1173138151,100074,129,91,70.54,91.00,20.46,20.46,182,18,54.0,113,54
2-9-7-11-1713481379,200003,129,58,44.96,100.00,55.04,55.04,200,0,42.0,100,42
7-2-1-17-912145024,100081,129,19,14.73,37.00,22.27,22.27,74,126,72.0,861,72
6-2-2-22-1822867831,100086,128,24,18.75,94.50,75.75,75.75,189,11,117.0,1456,117
3-8-5-15-1468565159,200013,128,64,50.00,82.50,32.50,32.50,165,35,63.0,174,63
4-1-2-14-1340561056,100085,128,65,50.78,100.00,49.22,49.22,200,0,84.0,1221,84
8-6-2-13-2137083077,200010,128,63,49.22,100.00,50.78,50.78,200,0,57.0,302,57
7-9-3-18-80578425,100096,128,26,20.31,71.50,51.19,51.19,143,57,96.0,1828,96
5-5-9-15-1074031921,100013,128,45,35.16,59.50,24.34,24.34,119,81,72.0,208,72
6-6-2-15-1365170985,100075,128,20,15.63,26.00,10.37,10.37,52,148,84.0,2398,84
7-9-7-21-163881222,100094,128,56,43.75,91.50,47.75,47.75,183,17,99.0,799,99
6-9-3-15-822608128,100013,128,75,58.59,96.00,37.41,37.41,192,8,72.0,309,72
1-4-2-15-360915791,100047,128,65,50.78,95.50,44.72,44.72,191,9,72.0,1364,72
1-1-1-14-780508103,100066,127,50,39.37,89.00,49.63,49.63,178,22,93.0,1540,93
1-5-2-25-1984696651,100063,127,30,23.62,81.50,57.88,57.88,163,37,99.0,1176,99
9-4-7-17-1917687425,100070,127,56,44.09,90.00,45.91,45.91,180,20,117.0,3383,117
6-8-9-16-830980906,100087,127,36,28.35,42.50,14.15,14.15,85,115,102.0,1246,102
9-1-6-17-1120475170,100048,127,43,33.86,60.00,26.14,26.14,120,80,66.0,528,66
8-6-6-21-1795695117,100089,127,43,33.86,98.50,64.64,64.64,197,3,114.0,1026,114
9-5-1-13-368559355,200015,126,85,67.46,100.00,32.54,32.54,200,0,54.0,270,54
7-9-7-17-2021268411,100063,126,31,24.60,38.50,13.90,13.90,77,123,99.0,896,99
7-4-2-12-890590960,200015,126,60,47.62,99.50,51.88,51.88,199,1,54.0,233,54
5-1-2-16-1664513102,100085,126,108,85.71,92.50,6.79,6.79,185,15,84.0,855,84
7-5-3-21-213695352,100076,126,29,23.02,34.00,10.98,10.98,68,132,90.0,416,90
4-9-6-14-228279353,400012,126,44,34.92,74.50,39.58,39.58,149,51,108.0,1441,108
7-7-8-19-730839492,100086,126,28,22.22,58.00,35.78,35.78,116,84,117.0,1269,117
8-5-9-13-822468620,100081,126,50,39.68,65.00,25.32,25.32,130,70,72.0,828,72
9-1-6-22-423181991,100083,125,55,44.00,96.00,52.00,52.00,192,8,90.0,753,90
7-2-4-22-1752581290,400017,125,20,16.00,63.00,47.00,47.00,126,74,117.0,1050,117
9-5-9-21-732773474,100097,125,28,22.40,72.00,49.60,49.60,144,56,84.0,254,84
8-8-3-21-2034792866,100064,125,18,14.40,91.00,76.60,76.60,182,18,126.0,1848,126
9-3-9-15-1133620942,100037,125,44,35.20,46.00,10.80,10.80,92,108,66.0,318,66
7-2-4-19-1109419294,100083,125,48,38.40,89.00,50.60,50.60,178,22,90.0,643,90
9-5-1-14-1975175173,100051,125,66,52.80,98.50,45.70,45.70,197,3,105.0,2034,105
9-8-7-18-1948295917,100079,125,70,56.00,77.00,21.00,21.00,154,46,75.0,386,75
5-7-3-9-365021779,200007,125,83,66.40,100.00,33.60,33.60,200,0,57.0,276,57
5-4-4-13-1997330987,100090,124,33,26.61,93.00,66.39,66.39,186,14,81.0,1051,81
3-2-2-20-1071731048,500001,124,12,9.68,100.00,90.32,90.32,200,0,78.0,392,78
8-7-8-14-880170171,100020,124,56,45.16,87.00,41.84,41.84,174,26,66.0,181,66
9-5-1-17-465729592,100088,124,29,23.39,40.00,16.61,16.61,80,120,72.0,1604,72
7-8-8-14-1731635165,100067,124,52,41.94,94.00,52.06,52.06,188,12,90.0,1198,90
8-6-2-24-125352876,100096,124,13,10.48,27.00,16.52,16.52,54,146,96.0,1385,96
7-5-3-17-1829690741,100086,124,43,34.68,33.00,-1.68,1.68,66,134,117.0,2239,117
7-1-5-24-2044812687,100070,124,24,19.35,88.00,68.65,68.65,176,24,117.0,2552,117
7-7-5-19-1800603109,100069,124,17,13.71,96.50,82.79,82.79,193,7,114.0,1477,114
7-9-3-22-1828948286,100061,124,50,40.32,94.00,53.68,53.68,188,12,102.0,983,102
3-2-5-16-1168779549,100036,124,70,56.45,73.50,17.05,17.05,147,53,90.0,739,90
8-8-4-18-1901312975,100063,123,18,14.63,91.00,76.37,76.37,182,18,99.0,636,99
7-3-3-12-1460868201,200024,123,54,43.90,82.50,38.60,38.60,165,35,72.0,223,72
9-6-3-14-742420554,100023,123,62,50.41,82.00,31.59,31.59,164,36,54.0,135,54
8-6-6-21-1192627533,100089,123,39,31.71,58.00,26.29,26.29,116,84,114.0,1066,114
9-6-6-13-850929096,100084,123,51,41.46,97.00,55.54,55.54,194,6,102.0,5465,102
5-4-2-21-1679386149,400012,123,47,38.21,75.00,36.79,36.79,150,50,108.0,1025,108
9-8-2-14-1170421176,100080,123,33,26.83,61.50,34.67,34.67,123,77,69.0,560,69
3-9-8-16-820103229,100050,122,60,49.18,87.50,38.32,38.32,175,25,78.0,1176,78
8-4-2-14-1005673411,100088,122,42,34.43,70.50,36.07,36.07,141,59,72.0,996,72
2-7-5-15-839304209,200053,122,53,43.44,100.00,56.56,56.56,200,0,72.0,480,72
8-3-7-17-2010310274,100050,122,49,40.16,80.50,40.34,40.34,161,39,78.0,864,78
4-8-7-21-761526990,100078,122,34,27.87,58.50,30.63,30.63,117,83,81.0,821,81
9-2-1-21-646048621,100060,121,50,41.32,90.00,48.68,48.68,180,20,84.0,835,84
8-5-9-16-1914440053,100013,121,71,58.68,98.50,39.82,39.82,197,3,72.0,229,72
1-7-8-16-946343604,100075,121,31,25.62,82.50,56.88,56.88,165,35,84.0,4195,84
1-6-2-25-1721442480,100061,121,38,31.41,96.00,64.59,64.59,192,8,102.0,910,102
2-9-7-14-1293152317,100010,121,33,27.27,100.00,72.73,72.73,200,0,54.0,186,54
8-3-2-16-933395303,100041,121,34,28.10,48.00,19.90,19.90,96,104,72.0,184,72
8-5-8-23-172871778,400014,121,29,23.97,31.00,7.03,7.03,62,138,108.0,1771,108
6-8-9-14-1463785407,200013,121,68,56.20,68.50,12.30,12.30,137,63,63.0,190,63
8-7-3-20-252761007,100051,120,19,15.83,23.00,7.17,7.17,46,154,105.0,870,105
8-1-6-17-1477506021,200024,120,61,50.83,74.50,23.67,23.67,149,51,72.0,213,72
5-4-9-18-1324428633,400011,120,16,13.33,11.00,-2.33,2.33,22,178,90.0,514,90
4-7-2-13-838269404,100079,120,61,50.83,86.50,35.67,35.67,173,27,75.0,768,75
6-1-3-21-897229211,100051,120,23,19.17,81.00,61.83,61.83,162,38,105.0,1541,105
6-7-6-15-873237745,100058,120,60,50.00,83.00,33.00,33.00,166,34,84.0,604,84
6-4-1-21-1255563448,100087,120,41,34.17,97.50,63.33,63.33,195,5,102.0,1435,102
6-6-6-14-1023056531,100071,120,55,45.83,63.00,17.17,17.17,126,74,72.0,352,72
7-7-2-23-583667157,100069,120,27,22.50,56.50,34.00,34.00,113,87,114.0,1155,114
7-5-1-13-1382499388,100072,120,69,57.50,91.50,34.00,34.00,183,17,63.0,458,63
8-5-6-18-1049047617,400017,120,15,12.50,40.00,27.50,27.50,80,120,117.0,560,117
2-1-2-18-1960590265,100096,119,30,25.21,58.00,32.79,32.79,116,84,96.0,1414,96
5-4-2-15-1947184706,100047,119,23,19.33,43.50,24.17,24.17,87,113,72.0,1062,72
1-4-1-23-1144387329,100036,119,72,60.50,100.00,39.50,39.50,200,0,90.0,740,90
7-6-4-19-883165528,100069,119,18,15.13,85.50,70.37,70.37,171,29,114.0,1371,114
1-6-8-13-133442016,100075,119,47,39.50,97.50,58.00,58.00,195,5,84.0,6176,84
3-1-4-23-861982335,400011,119,25,21.01,57.50,36.49,36.49,115,85,90.0,605,90
6-9-1-23-1121406528,400012,119,21,17.65,87.50,69.85,69.85,175,25,108.0,1209,108
9-9-3-15-1021816532,100088,119,55,46.22,93.00,46.78,46.78,186,14,72.0,1492,72
8-7-2-20-623254000,100050,119,39,32.77,50.00,17.23,17.23,100,100,78.0,567,78
3-5-2-13-1254451008,100074,118,49,41.53,53.00,11.47,11.47,106,94,54.0,131,54
6-9-8-16-392271464,100016,118,87,73.73,99.50,25.77,25.77,199,1,66.0,233,66
7-3-1-18-1218840139,100007,118,83,70.34,100.00,29.66,29.66,200,0,69.0,260,69
3-6-3-13-318839424,100034,118,64,54.24,98.00,43.76,43.76,196,4,72.0,339,72
3-6-3-13-247210651,100034,118,58,49.15,64.50,15.35,15.35,129,71,72.0,219,72
9-7-2-14-1221182432,100066,118,16,13.56,24.00,10.44,10.44,48,152,93.0,2823,93
9-9-4-8-1006351591,100005,118,98,83.05,100.00,16.95,16.95,200,0,66.0,345,66
9-9-5-16-48720430,100005,118,21,17.80,20.50,2.70,2.70,41,159,66.0,149,66
7-7-9-23-1609987689,100052,118,55,46.61,83.00,36.39,36.39,166,34,120.0,726,120
8-8-1-19-729303334,100065,118,47,39.83,79.00,39.17,39.17,158,42,108.0,1805,108
9-4-6-19-1814215748,100070,118,35,29.66,82.00,52.34,52.34,164,36,117.0,3196,117
6-3-8-13-1385244254,100026,118,16,13.56,92.50,78.94,78.94,185,15,54.0,161,54
8-7-6-12-1524927965,100066,118,34,28.81,90.00,61.19,61.19,180,20,93.0,2355,93
6-1-8-17-289327490,200053,117,43,36.75,97.50,60.75,60.75,195,5,72.0,283,72
1-8-4-19-1390414,100081,117,50,42.74,97.50,54.76,54.76,195,5,72.0,599,72
2-4-2-16-1974510745,100007,117,68,58.12,98.00,39.88,39.88,196,4,69.0,314,69
6-7-5-17-1855803371,200053,117,65,55.56,93.00,37.44,37.44,186,14,72.0,268,72
9-3-7-9-1632104210,200004,117,74,63.25,99.50,36.25,36.25,199,1,48.0,164,48
6-9-1-23-915603189,400012,117,34,29.06,64.50,35.44,35.44,129,71,108.0,1183,108
8-6-5-13-1654375878,100076,116,33,28.45,89.50,61.05,61.05,179,21,90.0,664,90
7-2-4-22-1681665576,400017,116,42,36.21,96.00,59.79,59.79,192,8,117.0,1061,117
2-9-2-13-1691152984,200012,116,25,21.55,99.50,77.95,77.95,199,1,54.0,178,54
3-9-3-8-1122635898,200015,116,21,18.10,97.50,79.40,79.40,195,5,54.0,417,54
6-8-2-11-42740676,100008,116,46,39.66,98.50,58.84,58.84,197,3,42.0,116,42
1-9-6-15-1977044561,100090,116,27,23.28,48.50,25.22,25.22,97,103,81.0,1077,81
8-7-9-21-1129957257,100089,116,21,18.10,77.50,59.40,59.40,155,45,114.0,1225,114
8-7-4-12-349591922,100067,116,68,58.62,97.00,38.38,38.38,194,6,90.0,1899,90
2-3-8-11-3409404,100010,116,37,31.90,94.00,62.10,62.10,188,12,54.0,233,54
7-1-2-21-1755592048,100055,116,84,72.41,99.00,26.59,26.59,198,2,84.0,583,84
8-6-5-16-1481988321,100069,115,4,3.48,94.50,91.02,91.02,189,11,114.0,1808,114
9-5-7-18-1749085059,100083,115,15,13.04,2.00,-11.04,11.04,4,196,90.0,612,90
4-1-2-25-1564630428,100069,115,21,18.26,87.50,69.24,69.24,175,25,114.0,2170,114
6-5-4-15-995886139,100087,115,39,33.91,29.00,-4.91,4.91,58,142,102.0,1567,102
5-4-2-21-1819458206,400012,115,47,40.87,88.50,47.63,47.63,177,23,108.0,905,108
9-2-8-21-844205472,400013,115,91,79.13,100.00,20.87,20.87,200,0,108.0,5187,108
8-3-7-16-732988163,100057,115,33,28.70,69.50,40.80,40.80,139,61,72.0,584,72
9-4-3-17-511044600,100087,114,67,58.77,94.50,35.73,35.73,189,11,102.0,2058,102
3-1-4-23-1999576414,400011,114,62,54.39,100.00,45.61,45.61,200,0,90.0,769,90
3-3-9-12-758246082,100038,114,43,37.72,50.50,12.78,12.78,101,99,54.0,119,54
5-4-9-14-1876583880,100031,114,76,66.67,95.50,28.83,28.83,191,9,60.0,192,60
1-7-2-19-1987507160,100078,114,67,58.77,99.00,40.23,40.23,198,2,81.0,1278,81
9-4-5-11-365203660,200012,114,48,42.11,100.00,57.89,57.89,200,0,54.0,173,54
8-4-3-15-1575195171,100051,113,43,38.05,84.50,46.45,46.45,169,31,105.0,1121,105
3-6-8-22-765482967,100097,113,10,8.85,8.50,-0.35,0.35,17,183,84.0,249,84
9-9-7-15-1190920220,100005,113,31,27.43,53.00,25.57,25.57,106,94,66.0,150,66
9-9-4-15-1916211449,200007,113,16,14.16,73.00,58.84,58.84,146,54,57.0,167,57
8-8-4-13-2023554480,100026,113,17,15.04,100.00,84.96,84.96,200,0,54.0,127,54
3-2-2-20-491760430,500001,113,10,8.85,97.50,88.65,88.65,195,5,78.0,311,78
3-9-4-10-2122154853,100010,113,30,26.55,100.00,73.45,73.45,200,0,54.0,223,54
3-6-3-17-1401953594,100092,113,73,64.60,94.00,29.40,29.40,188,12,75.0,191,75
7-8-8-10-582190274,100041,113,36,31.86,96.50,64.64,64.64,193,7,72.0,485,72
7-6-5-21-698658930,100064,113,29,25.66,66.00,40.34,40.34,132,68,126.0,2114,126
9-6-7-9-119935355,100002,113,75,66.37,100.00,33.63,33.63,200,0,39.0,74,39
9-1-6-17-531843772,100048,113,29,25.66,86.00,60.34,60.34,172,28,66.0,479,66
7-1-4-19-1604575101,100066,112,13,11.61,64.00,52.39,52.39,128,72,93.0,2216,93
9-7-2-20-1779495184,100095,112,55,49.11,97.00,47.89,47.89,194,6,90.0,601,90
4-3-9-16-559773450,100097,112,25,22.32,81.00,58.68,58.68,162,38,84.0,631,84
8-4-2-23-753777014,100064,112,6,5.36,87.00,81.64,81.64,174,26,126.0,1671,126
9-8-6-17-618087417,400011,112,51,45.54,94.00,48.46,48.46,188,12,90.0,500,90
6-6-7-11-2128110616,100059,112,35,31.25,59.00,27.75,27.75,118,82,81.0,908,81
3-5-5-20-518742702,100089,112,21,18.75,21.50,2.75,2.75,43,157,114.0,766,114
2-1-7-16-1635768450,100020,112,71,63.39,99.50,36.11,36.11,199,1,66.0,266,66
7-6-7-19-12129455,100095,112,18,16.07,27.50,11.43,11.43,55,145,90.0,386,90
9-7-2-14-1654141788,100066,112,54,48.21,89.50,41.29,41.29,179,21,93.0,3040,93
1-5-4-18-1307732781,100058,112,49,43.75,99.50,55.75,55.75,199,1,84.0,1130,84
6-9-3-25-1270140458,100052,112,11,9.82,90.50,80.68,80.68,181,19,120.0,794,120
8-7-4-16-214247238,100021,111,10,9.01,93.00,83.99,83.99,186,14,72.0,249,72
7-9-7-21-1719689373,100094,111,19,17.12,81.50,64.38,64.38,163,37,99.0,634,99
7-2-4-13-1009442563,100010,111,49,44.14,100.00,55.86,55.86,200,0,54.0,129,54
7-5-3-14-1998605494,100028,111,81,72.97,91.00,18.03,18.03,182,18,54.0,140,54
6-9-8-11-2109505874,100080,111,41,36.94,39.00,2.06,2.06,78,122,69.0,477,69
7-5-4-14-13264927,100087,110,33,30.00,91.50,61.50,61.50,183,17,102.0,1634,102
9-2-8-13-734914706,200013,110,62,56.36,100.00,43.64,43.64,200,0,63.0,279,63
6-2-3-19-1888290117,100086,110,11,10.00,70.00,60.00,60.00,140,60,117.0,1801,117
4-3-2-12-636471146,200012,110,29,26.36,80.50,54.14,54.14,161,39,54.0,155,54
9-4-2-11-1019872389,100009,110,66,60.00,100.00,40.00,40.00,200,0,42.0,114,42
5-1-4-14-644616058,100075,109,35,32.11,93.00,60.89,60.89,186,14,84.0,5471,84
9-9-4-14-1988271272,100057,109,58,53.21,90.50,37.29,37.29,181,19,72.0,597,72
1-8-3-21-1501304002,100066,109,24,22.02,86.50,64.48,64.48,173,27,93.0,1277,93
1-3-2-15-844944189,100059,109,35,32.11,75.00,42.89,42.89,150,50,81.0,653,81
8-1-8-22-1863487862,100055,109,17,15.60,32.50,16.90,16.90,65,135,84.0,593,84
6-7-4-16-1100289212,200024,109,22,20.18,77.50,57.32,57.32,155,45,72.0,169,72
1-6-3-25-898358453,100096,109,4,3.67,13.50,9.83,9.83,27,173,96.0,2078,96
7-6-4-16-4754838,100063,109,33,30.28,79.50,49.22,49.22,159,41,99.0,1269,99
8-6-8-16-476380385,100067,108,44,40.74,87.00,46.26,46.26,174,26,90.0,1625,90
6-3-6-16-1545995079,100004,108,49,45.37,47.50,2.13,2.13,95,105,60.0,139,60
5-3-6-15-1832925239,100046,108,76,70.37,98.50,28.13,28.13,197,3,57.0,178,57
1-5-2-11-315723819,100009,108,16,14.81,95.50,80.69,80.69,191,9,42.0,101,42
1-9-6-18-363180164,100090,108,28,25.93,73.50,47.57,47.57,147,53,81.0,3025,81
3-7-2-21-158604903,400013,108,43,39.81,92.50,52.69,52.69,185,15,108.0,4365,108
9-6-4-24-1819577787,100064,108,1,0.93,82.50,81.57,81.57,165,35,126.0,2094,126
8-1-6-19-1314987143,100084,108,15,13.89,57.00,43.11,43.11,114,86,102.0,2644,102
7-5-8-9-1451751369,100009,108,19,17.59,73.00,55.41,55.41,146,54,42.0,74,42
2-2-5-10-378641637,100072,107,42,39.25,88.00,48.75,48.75,176,24,63.0,576,63
5-2-2-13-1278574722,100004,107,78,72.90,98.50,25.60,25.60,197,3,60.0,206,60
6-5-5-10-992788769,100002,107,43,40.19,100.00,59.81,59.81,200,0,39.0,59,39
9-9-1-22-1915588706,400014,107,41,38.32,92.50,54.18,54.18,185,15,108.0,3834,108
6-9-1-23-2039840211,400012,107,39,36.45,85.00,48.55,48.55,170,30,108.0,1179,108
8-9-1-22-1938677277,100095,107,33,30.84,42.50,11.66,11.66,85,115,90.0,595,90
8-1-8-16-20133756,100060,107,70,65.42,90.50,25.08,25.08,181,19,84.0,744,84
9-7-6-13-1964452088,100023,107,27,25.23,54.00,28.77,28.77,108,92,54.0,161,54
1-4-2-24-664338149,100067,107,37,34.58,99.50,64.92,64.92,199,1,90.0,2086,90
3-8-6-14-1617512561,400015,107,62,57.94,100.00,42.06,42.06,200,0,90.0,829,90
7-8-4-20-1543291823,100085,106,42,39.62,95.00,55.38,55.38,190,10,84.0,344,84
7-8-4-18-676735784,100069,106,3,2.83,98.00,95.17,95.17,196,4,114.0,1615,114
5-4-3-12-2121235148,100014,106,71,66.98,100.00,33.02,33.02,200,0,54.0,190,54
9-7-5-21-1711861787,100089,106,34,32.08,64.00,31.92,31.92,128,72,114.0,1327,114
9-8-4-9-1104079899,200053,106,77,72.64,99.50,26.86,26.86,199,1,72.0,473,72
4-3-2-11-751769568,100008,106,70,66.04,100.00,33.96,33.96,200,0,42.0,65,42
5-6-5-14-234627817,100020,106,38,35.85,24.00,-11.85,11.85,48,152,66.0,139,66
7-5-3-20-1612518653,100036,106,43,40.57,95.00,54.43,54.43,190,10,90.0,482,90
1-2-2-23-845764761,100070,106,36,33.96,67.50,33.54,33.54,135,65,117.0,1944,117
8-4-8-20-363503324,100061,106,11,10.38,89.00,78.62,78.62,178,22,102.0,748,102
8-8-1-14-845654122,100090,106,52,49.06,99.00,49.94,49.94,198,2,81.0,710,81
7-4-5-23-669602714,100052,105,44,41.90,98.00,56.10,56.10,196,4,120.0,811,120
6-6-6-15-30156013,100046,105,27,25.71,32.00,6.29,6.29,64,136,57.0,109,57
7-5-9-19-856814317,100036,105,31,29.52,34.50,4.98,4.98,69,131,90.0,465,90
3-2-8-11-1106404852,200004,105,28,26.67,100.00,73.33,73.33,200,0,48.0,159,48
9-6-4-20-1171373260,100064,105,21,20.00,70.00,50.00,50.00,140,60,126.0,1718,126
1-5-7-16-2137393692,100079,105,49,46.67,98.00,51.33,51.33,196,4,75.0,777,75
5-2-3-14-1123243980,100010,105,28,26.67,99.00,72.33,72.33,198,2,54.0,126,54
3-2-4-13-1711575159,100010,104,21,20.19,99.00,78.81,78.81,198,2,54.0,167,54
7-3-4-23-901264258,100094,104,56,53.85,99.50,45.65,45.65,199,1,99.0,463,99
5-4-3-15-1264618642,200010,104,20,19.23,70.00,50.77,50.77,140,60,57.0,164,57
1-8-3-11-875273562,100088,104,75,72.12,97.00,24.88,24.88,194,6,72.0,1527,72
7-8-2-22-1329327511,100070,104,10,9.62,84.00,74.38,74.38,168,32,117.0,1351,117
5-3-1-22-276933409,100061,104,26,25.00,24.50,-0.50,0.50,49,151,102.0,920,102
7-2-7-17-1428918347,400014,104,23,22.12,72.00,49.88,49.88,144,56,108.0,3954,108
5-1-7-20-1453907975,100076,104,59,56.73,80.50,23.77,23.77,161,39,90.0,703,90
9-8-6-17-1202515243,400011,103,65,63.11,99.50,36.39,36.39,199,1,90.0,466,90
8-5-5-15-1141457350,100083,103,28,27.18,41.50,14.32,14.32,83,117,90.0,583,90
2-6-4-15-2086879272,100004,103,20,19.42,99.50,80.08,80.08,199,1,60.0,285,60
3-4-1-13-1400134016,100090,103,44,42.72,74.50,31.78,31.78,149,51,81.0,871,81
3-7-9-19-1714341104,200024,103,60,58.25,98.50,40.25,40.25,197,3,72.0,184,72
6-9-9-11-1806317101,100008,103,46,44.66,99.50,54.84,54.84,199,1,42.0,76,42
5-4-9-18-1635467754,400011,102,36,35.29,89.50,54.21,54.21,179,21,90.0,711,90
8-3-3-13-905645491,100034,102,22,21.57,79.00,57.43,57.43,158,42,72.0,219,72
7-7-6-17-2064574283,100096,102,21,20.59,74.50,53.91,53.91,149,51,96.0,1107,96
8-4-6-7-1242819280,100040,102,50,49.02,100.00,50.98,50.98,200,0,48.0,517,48
5-7-2-14-379699173,100034,102,35,34.31,98.50,64.19,64.19,197,3,72.0,323,72
5-3-1-18-145225191,200053,102,17,16.67,45.00,28.33,28.33,90,110,72.0,236,72
9-9-5-17-1928450641,100076,102,19,18.63,43.50,24.87,24.87,87,113,90.0,451,90
9-6-5-13-1484378581,100026,101,48,47.52,94.50,46.98,46.98,189,11,54.0,143,54
4-4-3-10-831101768,100043,101,82,81.19,99.50,18.31,18.31,199,1,78.0,1033,78
4-1-1-22-743292157,100051,101,40,39.60,89.50,49.90,49.90,179,21,105.0,1710,105
4-5-5-12-549492605,100041,101,44,43.56,93.50,49.94,49.94,187,13,72.0,298,72
3-2-2-20-943566513,500001,101,20,19.80,99.50,79.70,79.70,199,1,78.0,321,78
3-8-9-11-1559915206,200004,101,14,13.86,54.00,40.14,40.14,108,92,48.0,183,48
7-8-6-22-231043738,100069,101,10,9.90,21.00,11.10,11.10,42,158,114.0,820,114
5-2-8-16-1626511038,100097,100,68,68.00,97.00,29.00,29.00,194,6,84.0,524,84
6-4-2-23-2035158450,100086,100,32,32.00,93.50,61.50,61.50,187,13,117.0,2228,117
8-4-4-16-1427998275,100057,100,62,62.00,99.50,37.50,37.50,199,1,72.0,294,72
9-5-4-21-2135396272,100094,100,22,22.00,31.00,9.00,9.00,62,138,99.0,750,99
7-5-3-14-658198155,100028,100,64,64.00,88.50,24.50,24.50,177,23,54.0,150,54
9-4-2-10-1897181722,100088,99,40,40.40,96.50,56.10,56.10,193,7,72.0,2065,72
8-5-5-17-852903226,100061,99,4,4.04,42.50,38.46,38.46,85,115,102.0,667,102
5-5-6-12-1383284339,100058,99,58,58.59,82.00,23.41,23.41,164,36,84.0,954,84
5-5-7-9-1214682763,200004,99,49,49.49,100.00,50.51,50.51,200,0,48.0,177,48
6-9-1-23-1139168450,400012,99,27,27.27,88.50,61.23,61.23,177,23,108.0,1103,108
3-2-3-12-1982490717,100096,99,38,38.38,84.00,45.62,45.62,168,32,96.0,2585,96
8-1-8-19-1530197748,100067,99,22,22.22,29.50,7.28,7.28,59,141,90.0,1827,90
9-5-7-14-1002751626,200015,99,23,23.23,99.00,75.77,75.77,198,2,54.0,157,54
8-2-4-17-56354442,100083,99,62,62.63,82.50,19.87,19.87,165,35,90.0,452,90
7-3-4-19-1113532201,100052,99,26,26.26,91.50,65.24,65.24,183,17,120.0,1026,120
8-4-8-20-111366415,100061,98,21,21.43,89.00,67.57,67.57,178,22,102.0,692,102
9-1-9-16-1237585127,100050,98,58,59.18,97.00,37.82,37.82,194,6,78.0,1068,78
3-7-2-21-756216219,400013,98,20,20.41,43.50,23.09,23.09,87,113,108.0,3639,108
4-9-9-15-1518492878,100041,98,53,54.08,92.50,38.42,38.42,185,15,72.0,390,72
8-4-4-18-1423049986,400017,98,20,20.41,64.50,44.09,44.09,129,71,117.0,652,117
1-1-1-19-1315843037,100070,98,13,13.27,77.00,63.73,63.73,154,46,117.0,1583,117
9-6-9-12-516812878,100060,98,42,42.86,95.50,52.64,52.64,191,9,84.0,907,84
6-4-3-14-760448229,100087,97,41,42.27,82.50,40.23,40.23,165,35,102.0,1594,102
6-9-5-12-1369380500,100026,97,21,21.65,96.00,74.35,74.35,192,8,54.0,161,54
8-9-4-19-793672204,100063,97,16,16.49,98.50,82.01,82.01,197,3,99.0,1011,99
8-7-6-16-1608109849,100033,97,8,8.25,5.50,-2.75,2.75,11,189,60.0,105,60
7-6-4-19-695205449,100069,97,24,24.74,96.00,71.26,71.26,192,8,114.0,1178,114
7-3-3-14-1309345913,100093,97,48,49.48,77.00,27.52,27.52,154,46,96.0,15589,96
5-5-3-19-542486325,100064,97,10,10.31,48.50,38.19,38.19,97,103,126.0,2403,126
9-3-1-10-1615350482,200012,97,61,62.89,100.00,37.11,37.11,200,0,54.0,317,54
7-7-6-11-1573919088,100047,96,40,41.67,72.50,30.83,30.83,145,55,72.0,1154,72
3-3-1-18-1097715457,100051,96,25,26.04,79.50,53.46,53.46,159,41,105.0,1176,105
9-5-9-15-2018105416,500002,96,57,59.38,100.00,40.62,40.62,200,0,78.0,341,78
1-1-1-20-858762662,100069,96,44,45.83,97.00,51.17,51.17,194,6,114.0,1470,114
8-7-6-17-1103997309,100070,96,17,17.71,28.50,10.79,10.79,57,143,117.0,1583,117
4-1-2-16-70015304,100048,96,51,53.13,58.50,5.37,5.37,117,83,66.0,464,66
7-3-4-14-937280477,100093,96,46,47.92,79.00,31.08,31.08,158,42,96.0,12022,96
4-4-8-8-1938171021,100040,96,43,44.79,100.00,55.21,55.21,200,0,48.0,483,48
5-2-8-6-1291959801,100040,96,52,54.17,100.00,45.83,45.83,200,0,48.0,493,48
4-2-4-25-1068228470,100052,96,15,15.63,62.00,46.37,46.37,124,76,120.0,558,120
7-4-1-23-393887925,100086,96,11,11.46,25.50,14.04,14.04,51,149,117.0,1885,117
8-6-3-21-158730144,100064,95,10,10.53,76.50,65.97,65.97,153,47,126.0,1410,126
9-1-9-16-1759935993,100050,95,57,60.00,100.00,40.00,40.00,200,0,78.0,1296,78
4-7-2-20-413390683,400012,95,24,25.26,53.50,28.24,28.24,107,93,108.0,1184,108
8-1-6-18-993354918,100096,95,19,20.00,53.00,33.00,33.00,106,94,96.0,2043,96
9-9-4-13-1133014161,100026,95,45,47.37,86.50,39.13,39.13,173,27,54.0,153,54
5-9-4-24-460994869,100052,95,3,3.16,23.00,19.84,19.84,46,154,120.0,637,120
7-2-1-17-946420142,100081,95,49,51.58,88.00,36.42,36.42,176,24,72.0,991,72
4-3-4-12-358369427,100083,94,43,45.74,95.00,49.26,49.26,190,10,90.0,988,90
3-2-1-21-1640705174,100086,94,16,17.02,86.50,69.48,69.48,173,27,117.0,2337,117
6-3-8-11-1313210039,100005,94,69,73.40,97.50,24.10,24.10,195,5,66.0,300,66
4-2-3-12-735021879,100059,94,59,62.77,90.50,27.73,27.73,181,19,81.0,561,81
1-2-4-9-1689782373,100040,94,37,39.36,98.00,58.64,58.64,196,4,48.0,450,48
8-1-5-21-1628943733,100051,94,1,1.06,74.50,73.44,73.44,149,51,105.0,1086,105
4-1-5-12-1584784878,100040,94,39,41.49,97.00,55.51,55.51,194,6,48.0,386,48
7-6-7-14-2131660098,100005,94,78,82.98,100.00,17.02,17.02,200,0,66.0,236,66
5-1-2-16-239892141,100085,94,76,80.85,92.00,11.15,11.15,184,16,84.0,680,84
4-4-7-9-1938245576,200015,93,35,37.63,99.00,61.37,61.37,198,2,54.0,281,54
6-5-5-11-837337796,100047,93,47,50.54,80.00,29.46,29.46,160,40,72.0,1184,72
8-8-5-11-1631394748,100047,93,60,64.52,100.00,35.48,35.48,200,0,72.0,1144,72
7-8-6-18-1178060813,100069,93,17,18.28,55.00,36.72,36.72,110,90,114.0,1170,114
7-9-4-16-803690579,100065,92,55,59.78,85.00,25.22,25.22,170,30,108.0,1653,108
8-6-9-15-297462780,100046,92,62,67.39,92.00,24.61,24.61,184,16,57.0,119,57
4-4-1-18-1690431411,100084,92,20,21.74,56.50,34.76,34.76,113,87,102.0,5144,102
7-9-8-17-1940928026,100007,92,40,43.48,89.00,45.52,45.52,178,22,69.0,248,69
1-2-1-13-933626821,100088,92,47,51.09,98.50,47.41,47.41,197,3,72.0,1732,72
5-2-3-25-864425357,100061,92,8,8.70,51.50,42.80,42.80,103,97,102.0,622,102
8-9-8-15-912364291,100071,91,25,27.47,96.50,69.03,69.03,193,7,72.0,387,72
4-2-3-14-960379637,100055,91,48,52.75,99.00,46.25,46.25,198,2,84.0,803,84
9-6-1-17-659705449,100096,91,23,25.27,87.00,61.73,61.73,174,26,96.0,2580,96
1-3-2-17-1707118431,200012,91,8,8.79,0.00,-8.79,8.79,0,200,0.0,93,54
2-7-2-14-1323209807,100028,91,65,71.43,99.50,28.07,28.07,199,1,54.0,259,54
1-7-5-19-1822490142,100058,91,30,32.97,53.50,20.53,20.53,107,93,84.0,1263,84
4-5-2-7-1824010743,200015,91,55,60.44,100.00,39.56,39.56,200,0,54.0,393,54
7-3-3-17-1817357206,100061,91,55,60.44,100.00,39.56,39.56,200,0,102.0,1128,102
1-1-1-19-791533018,100070,90,21,23.33,64.50,41.17,41.17,129,71,117.0,1548,117
6-3-2-21-562213241,100086,90,33,36.67,89.00,52.33,52.33,178,22,117.0,2013,117
6-9-1-23-1882701512,400012,90,23,25.56,92.00,66.44,66.44,184,16,108.0,1258,108
9-8-6-17-375464610,400011,90,58,64.44,99.00,34.56,34.56,198,2,90.0,445,90
6-9-2-11-2139928831,100026,90,36,40.00,100.00,60.00,60.00,200,0,54.0,252,54
9-1-8-14-67570187,100080,90,51,56.67,99.00,42.33,42.33,198,2,69.0,682,69
7-3-7-13-690613721,200012,90,46,51.11,99.00,47.89,47.89,198,2,54.0,136,54
7-8-2-17-1850917516,100096,90,29,32.22,90.00,57.78,57.78,180,20,96.0,1258,96
9-6-2-15-2037519633,100004,89,12,13.48,100.00,86.52,86.52,200,0,60.0,233,60
1-2-3-17-2024967092,100021,89,18,20.22,98.00,77.78,77.78,196,4,72.0,289,72
7-2-1-17-1213979908,100081,89,35,39.33,70.00,30.67,30.67,140,60,72.0,813,72
8-5-8-23-1060394627,400014,89,11,12.36,14.00,1.64,1.64,28,172,108.0,1513,108
9-1-4-10-1293520288,100088,89,53,59.55,96.50,36.95,36.95,193,7,72.0,1883,72
9-4-9-22-1705716968,100089,88,37,42.05,84.50,42.45,42.45,169,31,114.0,1116,114
1-3-5-11-1550185323,100010,88,33,37.50,100.00,62.50,62.50,200,0,54.0,252,54
2-3-3-13-887403131,100008,88,43,48.86,76.00,27.14,27.14,152,48,42.0,61,42
1-9-9-19-1713350578,100066,88,9,10.23,68.50,58.27,58.27,137,63,93.0,2344,93
8-4-4-18-1300618877,400017,88,46,52.27,91.00,38.73,38.73,182,18,117.0,718,117
8-3-7-10-2069224539,100030,88,57,64.77,98.50,33.73,33.73,197,3,66.0,356,66
2-8-8-8-316475655,100008,88,54,61.36,100.00,38.64,38.64,200,0,42.0,104,42
9-7-6-15-295665360,100036,88,37,42.05,95.50,53.45,53.45,191,9,90.0,622,90
4-3-1-20-220839910,100064,88,33,37.50,94.00,56.50,56.50,188,12,126.0,2909,126
3-3-3-17-1110666547,100010,87,1,1.15,0.00,-1.15,1.15,0,200,0.0,54,54
5-1-4-23-14603379,100070,87,17,19.54,95.00,75.46,75.46,190,10,117.0,2456,117
8-6-1-12-1082632573,200012,87,28,32.18,100.00,67.82,67.82,200,0,54.0,196,54
4-8-9-12-149112087,100016,87,50,57.47,100.00,42.53,42.53,200,0,66.0,381,66
9-3-8-10-1304359990,100002,87,40,45.98,100.00,54.02,54.02,200,0,39.0,66,39
8-8-2-22-587894990,100089,87,15,17.24,91.50,74.26,74.26,183,17,114.0,1425,114
7-4-2-17-734626566,100065,87,31,35.63,90.50,54.87,54.87,181,19,108.0,2762,108
7-3-1-18-1782825445,100007,86,47,54.65,96.50,41.85,41.85,193,7,69.0,309,69
3-4-2-16-911008147,100051,86,32,37.21,80.00,42.79,42.79,160,40,105.0,2342,105
1-1-2-25-887873705,100094,86,31,36.05,94.00,57.95,57.95,188,12,99.0,1005,99
9-8-6-17-1087970045,400011,86,41,47.67,98.00,50.33,50.33,196,4,90.0,442,90
8-5-1-20-1386162484,100063,86,15,17.44,79.00,61.56,61.56,158,42,99.0,830,99
8-3-1-24-1407092183,100065,86,17,19.77,61.50,41.73,41.73,123,77,108.0,899,108
3-6-2-14-1438418617,100010,86,11,12.79,63.00,50.21,50.21,126,74,54.0,116,54
1-1-2-13-1282619271,100009,85,15,17.65,7.00,-10.65,10.65,14,186,42.0,61,42
5-5-9-15-517406857,100013,85,49,57.65,100.00,42.35,42.35,200,0,72.0,243,72
2-9-7-14-1999419633,200024,85,54,63.53,98.00,34.47,34.47,196,4,72.0,282,72
9-3-9-19-32621500,100034,85,21,24.71,40.50,15.79,15.79,81,119,72.0,220,72
8-7-8-14-1929620878,100020,85,54,63.53,98.00,34.47,34.47,196,4,66.0,171,66
5-7-4-21-603520387,100052,85,1,1.18,45.00,43.82,43.82,90,110,120.0,935,120
6-4-4-10-382850796,200003,85,23,27.06,94.50,67.44,67.44,189,11,42.0,98,42
9-4-8-13-1619317295,100026,84,15,17.86,97.50,79.64,79.64,195,5,54.0,165,54
8-3-7-10-1992522827,100030,84,48,57.14,98.50,41.36,41.36,197,3,66.0,321,66
6-1-8-17-1825514533,200053,84,51,60.71,100.00,39.29,39.29,200,0,72.0,329,72
7-9-6-16-240482762,200053,84,34,40.48,92.00,51.52,51.52,184,16,72.0,302,72
9-9-6-9-1712176527,100002,84,63,75.00,100.00,25.00,25.00,200,0,39.0,60,39
1-6-4-23-436555680,100051,83,5,6.02,89.00,82.98,82.98,178,22,105.0,1188,105
9-4-9-13-1557693586,100034,83,40,48.19,88.50,40.31,40.31,177,23,72.0,328,72
8-6-4-13-635196595,100031,83,64,77.11,100.00,22.89,22.89,200,0,60.0,152,60
8-3-7-13-770797147,100038,83,61,73.49,94.50,21.01,21.01,189,11,54.0,136,54
4-3-1-21-897221811,100086,83,25,30.12,81.50,51.38,51.38,163,37,117.0,2380,117
3-7-2-21-1690316257,400013,83,8,9.64,26.50,16.86,16.86,53,147,108.0,2959,108
5-8-2-17-441419464,100013,83,56,67.47,97.50,30.03,30.03,195,5,72.0,350,72
9-8-1-15-1496184998,100066,83,37,44.58,96.00,51.42,51.42,192,8,93.0,4541,93
8-1-8-16-56729846,100060,83,19,22.89,49.50,26.61,26.61,99,101,84.0,894,84
7-5-4-19-706894999,100070,83,17,20.48,42.50,22.02,22.02,85,115,117.0,1637,117
8-1-8-22-1749019701,100055,83,38,45.78,98.00,52.22,52.22,196,4,84.0,533,84
8-1-8-22-1470601364,100055,83,27,32.53,58.00,25.47,25.47,116,84,84.0,431,84
7-4-4-14-640191423,100066,83,20,24.10,82.00,57.90,57.90,164,36,93.0,2110,93
1-8-9-12-694809970,200004,82,43,52.44,100.00,47.56,47.56,200,0,48.0,215,48
8-6-4-16-313784303,100066,82,0,0.00,10.50,10.50,10.50,21,179,93.0,1288,93
1-8-4-17-1778770428,100067,82,33,40.24,98.00,57.76,57.76,196,4,90.0,1850,90
9-8-2-18-1519330784,400014,82,17,20.73,78.50,57.77,57.77,157,43,108.0,3370,108
7-1-2-21-1449527362,100055,82,54,65.85,99.50,33.65,33.65,199,1,84.0,716,84
3-8-5-15-1163357816,200013,82,54,65.85,90.50,24.65,24.65,181,19,63.0,207,63
6-2-4-14-549473117,200010,82,17,20.73,68.50,47.77,47.77,137,63,57.0,261,57
7-9-7-21-2047226872,100094,82,29,35.37,91.50,56.13,56.13,183,17,99.0,629,99
8-8-3-18-536999543,100069,82,32,39.02,72.50,33.48,33.48,145,55,114.0,1506,114
7-8-1-22-1737496910,100095,82,60,73.17,100.00,26.83,26.83,200,0,90.0,640,90
8-9-2-14-86144630,100033,81,56,69.14,100.00,30.86,30.86,200,0,60.0,347,60
3-9-8-19-1116858733,100036,81,26,32.10,50.00,17.90,17.90,100,100,90.0,784,90
2-8-4-15-2074336301,100062,81,8,9.88,86.50,76.62,76.62,173,27,72.0,492,72
4-4-1-24-1688656164,100061,81,17,20.99,80.50,59.51,59.51,161,39,102.0,1077,102
5-3-6-9-2097543456,100048,81,57,70.37,99.50,29.13,29.13,199,1,66.0,914,66
4-9-9-17-1694114719,100034,81,23,28.40,99.50,71.10,71.10,199,1,72.0,292,72
2-8-9-13-1399915738,100028,81,31,38.27,98.50,60.23,60.23,197,3,54.0,337,54
7-2-4-22-827634609,400017,81,37,45.68,99.00,53.32,53.32,198,2,117.0,1133,117
8-6-6-21-536698734,100089,81,18,22.22,99.00,76.78,76.78,198,2,114.0,1086,114
6-8-5-11-1436193372,100060,81,46,56.79,98.00,41.21,41.21,196,4,84.0,907,84
7-5-3-21-127802266,100076,81,28,34.57,49.00,14.43,14.43,98,102,90.0,478,90
8-8-7-20-860823072,100052,80,5,6.25,44.00,37.75,37.75,88,112,120.0,512,120
8-2-6-19-1449477573,100067,80,28,35.00,83.50,48.50,48.50,167,33,90.0,883,90
7-7-6-17-338771915,200024,80,14,17.50,49.00,31.50,31.50,98,102,72.0,152,72
9-7-7-11-1547171588,200007,80,51,63.75,100.00,36.25,36.25,200,0,57.0,183,57
7-5-6-12-341954393,200012,80,17,21.25,97.50,76.25,76.25,195,5,54.0,128,54
6-9-4-16-1132324714,100069,80,8,10.00,39.50,29.50,29.50,79,121,114.0,2424,114
8-4-1-12-179810737,100090,80,19,23.75,87.50,63.75,63.75,175,25,81.0,1179,81
7-4-2-17-444346255,100065,80,33,41.25,99.00,57.75,57.75,198,2,108.0,1842,108
1-6-8-14-1393071092,200007,80,23,28.75,98.50,69.75,69.75,197,3,57.0,236,57
1-7-2-23-443290047,100083,80,36,45.00,90.50,45.50,45.50,181,19,90.0,972,90
7-5-5-13-2120569166,100084,80,15,18.75,72.00,53.25,53.25,144,56,102.0,4342,102
8-8-5-17-694964292,100096,79,3,3.80,28.50,24.70,24.70,57,143,96.0,1398,96
1-6-8-12-165705023,200010,79,73,92.41,100.00,7.59,7.59,200,0,57.0,424,57
9-7-5-21-664458104,100089,79,39,49.37,77.00,27.63,27.63,154,46,114.0,1259,114
1-1-1-19-2012627272,100070,79,14,17.72,85.50,67.78,67.78,171,29,117.0,1726,117
7-2-4-22-279842304,400017,79,22,27.85,83.50,55.65,55.65,167,33,117.0,1117,117
6-6-7-16-1435570040,100086,79,25,31.65,83.00,51.35,51.35,166,34,117.0,2363,117
3-2-2-20-775187014,500001,79,9,11.39,100.00,88.61,88.61,200,0,78.0,269,78
3-3-3-11-621178115,200007,79,23,29.11,93.00,63.89,63.89,186,14,57.0,216,57
9-3-1-10-818425995,200012,79,41,51.90,100.00,48.10,48.10,200,0,54.0,333,54
7-2-5-20-614520459,100052,79,30,37.97,100.00,62.03,62.03,200,0,120.0,1083,120
8-9-8-13-1108902559,100072,79,66,83.54,97.00,13.46,13.46,194,6,63.0,352,63
7-2-1-17-284192929,100081,78,42,53.85,91.00,37.15,37.15,182,18,72.0,813,72
4-5-8-14-285261021,100023,78,50,64.10,100.00,35.90,35.90,200,0,54.0,203,54
3-9-4-10-1138325986,100010,78,17,21.79,100.00,78.21,78.21,200,0,54.0,270,54
9-4-1-13-745768116,200015,78,33,42.31,99.00,56.69,56.69,198,2,54.0,317,54
6-1-3-23-1299187324,100064,78,17,21.79,92.50,70.71,70.71,185,15,126.0,2320,126
9-6-1-22-1760498117,100096,78,11,14.10,43.00,28.90,28.90,86,114,96.0,1841,96
9-2-7-17-2033127319,100034,78,29,37.18,76.00,38.82,38.82,152,48,72.0,231,72
8-9-1-15-1370521911,100020,78,37,47.44,91.00,43.56,43.56,182,18,66.0,290,66
9-4-2-10-2094694518,100048,78,52,66.67,98.50,31.83,31.83,197,3,66.0,1060,66
2-3-1-15-1350960402,100078,78,57,73.08,94.50,21.42,21.42,189,11,81.0,1761,81
9-3-7-8-1064664828,200003,78,42,53.85,97.00,43.15,43.15,194,6,42.0,197,42
2-2-1-15-1289821841,200004,78,54,69.23,79.50,10.27,10.27,159,41,48.0,88,48
8-6-4-16-864246675,100066,78,7,8.97,61.50,52.53,52.53,123,77,93.0,1318,93
3-3-4-19-1899153574,100052,78,17,21.79,85.00,63.21,63.21,170,30,120.0,791,120
9-2-2-10-2066349587,100002,78,64,82.05,100.00,17.95,17.95,200,0,39.0,83,39
7-2-1-23-999220907,100095,77,42,54.55,79.50,24.95,24.95,159,41,90.0,1096,90
1-6-4-23-1201190852,100051,77,10,12.99,88.50,75.51,75.51,177,23,105.0,1460,105
9-6-2-15-1342747756,100004,77,0,0.00,99.00,99.00,99.00,198,2,60.0,231,60
5-8-2-15-1892273216,200007,77,6,7.79,84.00,76.21,76.21,168,32,57.0,142,57
5-3-5-14-814007500,100026,77,17,22.08,97.50,75.42,75.42,195,5,54.0,211,54
6-9-3-15-1126867197,100013,77,25,32.47,96.00,63.53,63.53,192,8,72.0,338,72
6-2-2-17-1298247508,100071,77,23,29.87,54.50,24.63,24.63,109,91,72.0,530,72
7-1-4-23-388496491,100066,77,27,35.06,79.50,44.44,44.44,159,41,93.0,1571,93
4-2-1-16-1983059983,100043,77,28,36.36,97.00,60.64,60.64,194,6,78.0,776,78
7-2-3-19-1937665787,100079,77,26,33.77,86.50,52.73,52.73,173,27,75.0,407,75
7-7-4-21-717668643,100064,76,12,15.79,36.00,20.21,20.21,72,128,126.0,2948,126
9-6-2-15-1642423418,100004,76,3,3.95,100.00,96.05,96.05,200,0,60.0,212,60
1-4-1-13-612039617,100046,76,69,90.79,99.50,8.71,8.71,199,1,57.0,239,57
2-1-4-11-1027936962,100037,76,48,63.16,85.50,22.34,22.34,171,29,66.0,530,66
7-3-2-10-1514043743,100088,76,17,22.37,53.50,31.13,31.13,107,93,72.0,1790,72
6-4-2-9-709916655,100009,76,29,38.16,99.50,61.34,61.34,199,1,42.0,105,42
9-7-5-21-529552217,100089,76,47,61.84,90.00,28.16,28.16,180,20,114.0,1281,114
9-9-7-22-1480229751,100036,76,3,3.95,0.50,-3.45,3.45,1,199,90.0,318,90
7-7-6-19-1244119665,100065,76,16,21.05,86.50,65.45,65.45,173,27,108.0,1361,108
6-7-4-21-1460376216,100069,76,1,1.32,18.00,16.68,16.68,36,164,114.0,1309,114
8-7-1-16-2140459908,100075,76,26,34.21,84.00,49.79,49.79,168,32,84.0,5251,84
4-5-7-20-1654089854,100092,76,46,60.53,93.50,32.97,32.97,187,13,75.0,194,75
6-4-2-9-1314560216,100009,76,51,67.11,100.00,32.89,32.89,200,0,42.0,123,42
9-8-1-18-1908818816,100085,76,16,21.05,70.00,48.95,48.95,140,60,84.0,638,84
7-4-2-19-990143100,100052,76,53,69.74,98.50,28.76,28.76,197,3,120.0,1102,120
7-3-6-13-368661731,200024,76,26,34.21,74.50,40.29,40.29,149,51,72.0,261,72
1-3-7-17-745517695,100097,76,46,60.53,100.00,39.47,39.47,200,0,84.0,564,84
6-6-2-22-1142842823,100086,76,11,14.47,36.00,21.53,21.53,72,128,117.0,1863,117
7-8-4-25-1632082144,100064,76,5,6.58,54.50,47.92,47.92,109,91,126.0,1689,126
6-9-6-15-1054727787,100061,75,7,9.33,81.00,71.67,71.67,162,38,102.0,1181,102
3-8-5-15-1289724793,200013,75,37,49.33,90.00,40.67,40.67,180,20,63.0,176,63
1-4-2-15-1506126037,100047,75,51,68.00,92.00,24.00,24.00,184,16,72.0,1317,72
9-5-3-10-2004706309,100080,75,42,56.00,85.50,29.50,29.50,171,29,69.0,781,69
7-6-5-22-960390540,100069,75,5,6.67,39.00,32.33,32.33,78,122,114.0,1075,114
8-3-3-13-1254649659,100034,75,12,16.00,94.00,78.00,78.00,188,12,72.0,239,72
1-9-5-24-1457881043,100084,75,6,8.00,37.00,29.00,29.00,74,126,102.0,4527,102
8-9-8-18-1767822311,400017,75,4,5.33,24.50,19.17,19.17,49,151,117.0,647,117
1-6-2-25-1378927345,100061,75,28,37.33,70.50,33.17,33.17,141,59,102.0,1179,102
2-3-7-18-1196222626,100097,75,9,12.00,75.50,63.50,63.50,151,49,84.0,508,84
3-2-8-11-1534644410,200004,75,15,20.00,99.50,79.50,79.50,199,1,48.0,210,48
8-4-3-17-60599754,100096,74,21,28.38,45.00,16.62,16.62,90,110,96.0,1067,96
8-1-5-14-942181175,100041,74,27,36.49,85.00,48.51,48.51,170,30,72.0,326,72
7-4-4-18-2116470307,400011,74,40,54.05,100.00,45.95,45.95,200,0,90.0,548,90
7-8-5-18-346569462,200053,74,41,55.41,84.00,28.59,28.59,168,32,72.0,208,72
3-5-9-9-742644731,200004,74,34,45.95,100.00,54.05,54.05,200,0,48.0,208,48
1-5-2-25-2080038894,100063,74,9,12.16,49.50,37.34,37.34,99,101,99.0,1027,99
2-3-2-14-557100828,200015,74,0,0.00,0.00,0.00,0.00,0,200,0.0,108,54
2-2-1-11-1480068895,100002,74,34,45.95,37.50,-8.45,8.45,75,125,39.0,53,39
2-2-7-13-1625212562,100056,74,66,89.19,96.00,6.81,6.81,192,8,54.0,504,54
5-6-3-14-2139886946,100041,74,35,47.30,97.50,50.20,50.20,195,5,72.0,323,72
1-5-8-24-691454423,100083,74,32,43.24,53.50,10.26,10.26,107,93,90.0,417,90
7-6-1-15-624382330,100058,74,22,29.73,100.00,70.27,70.27,200,0,84.0,1219,84
5-4-1-23-1565487001,400012,74,20,27.03,96.00,68.97,68.97,192,8,108.0,1331,108
3-2-3-19-140012296,200007,73,40,54.79,34.00,-20.79,20.79,68,132,57.0,96,57
4-3-5-13-268010427,100059,73,16,21.92,94.00,72.08,72.08,188,12,81.0,542,81
1-6-5-22-308921490,100070,73,21,28.77,63.00,34.23,34.23,126,74,117.0,2619,117
5-1-3-17-1864927268,100051,73,20,27.40,49.00,21.60,21.60,98,102,105.0,1901,105
2-6-1-9-1557134727,100008,73,53,72.60,100.00,27.40,27.40,200,0,42.0,231,42
8-6-8-16-1136404175,100076,73,5,6.85,74.00,67.15,67.15,148,52,90.0,609,90
2-8-1-22-1308041018,400015,73,58,79.45,100.00,20.55,20.55,200,0,90.0,1022,90
3-2-3-14-434925431,200003,73,6,8.22,0.00,-8.22,8.22,0,200,0.0,46,42
7-5-4-15-319530991,100063,73,25,34.25,97.50,63.25,63.25,195,5,99.0,1261,99
1-6-2-25-1382367787,100061,73,14,19.18,81.00,61.82,61.82,162,38,102.0,932,102
5-2-2-6-1721953867,100002,73,58,79.45,100.00,20.55,20.55,200,0,39.0,145,39
9-4-6-19-1548713907,100070,73,28,38.36,86.00,47.64,47.64,172,28,117.0,2897,117
8-6-8-24-2108365186,100089,73,23,31.51,48.50,16.99,16.99,97,103,114.0,1047,114
1-7-7-18-1892096912,100085,73,30,41.10,98.50,57.40,57.40,197,3,84.0,957,84
1-4-2-13-273782992,100043,72,54,75.00,100.00,25.00,25.00,200,0,78.0,1310,78
8-2-2-9-1878588822,100047,72,57,79.17,100.00,20.83,20.83,200,0,72.0,867,72
6-7-7-10-68406559,100074,72,58,80.56,100.00,19.44,19.44,200,0,54.0,206,54
4-2-1-24-1756242950,100069,72,0,0.00,3.50,3.50,3.50,7,193,114.0,2700,114
8-4-5-10-686840448,100041,72,24,33.33,97.00,63.67,63.67,194,6,72.0,416,72
8-5-8-23-1671950465,400014,72,27,37.50,75.00,37.50,37.50,150,50,108.0,2383,108
6-3-1-22-1204730496,100069,72,15,20.83,79.50,58.67,58.67,159,41,114.0,2890,114
9-5-3-10-503697207,100080,72,38,52.78,100.00,47.22,47.22,200,0,69.0,912,69
7-4-3-13-1749872033,100004,72,4,5.56,98.50,92.94,92.94,197,3,60.0,180,60
5-7-3-14-901818911,100094,71,14,19.72,93.00,73.28,73.28,186,14,99.0,913,99
7-7-6-15-1499527353,100096,71,10,14.08,72.50,58.42,58.42,145,55,96.0,1624,96
3-7-2-21-45738289,400013,71,17,23.94,84.00,60.06,60.06,168,32,108.0,4362,108
6-9-8-20-489632853,100097,71,16,22.54,53.00,30.46,30.46,106,94,84.0,252,84
8-9-5-11-1481336117,100026,71,34,47.89,100.00,52.11,52.11,200,0,54.0,161,54
7-1-3-20-1880689196,100095,71,29,40.85,100.00,59.15,59.15,200,0,90.0,728,90
8-8-1-11-301672068,200012,71,27,38.03,95.00,56.97,56.97,190,10,54.0,241,54
3-6-3-15-1503066049,400012,71,44,61.97,97.50,35.53,35.53,195,5,108.0,1339,108
3-5-2-11-1211956090,100016,71,49,69.01,100.00,30.99,30.99,200,0,66.0,371,66
6-1-2-22-440451441,100087,71,8,11.27,89.00,77.73,77.73,178,22,102.0,963,102
1-8-8-22-21055421,100061,71,12,16.90,88.50,71.60,71.60,177,23,102.0,1113,102
9-4-2-10-812242237,100048,71,45,63.38,95.00,31.62,31.62,190,10,66.0,950,66
8-2-5-11-742698670,200004,70,39,55.71,100.00,44.29,44.29,200,0,48.0,127,48
5-8-5-12-127554235,100030,70,40,57.14,86.00,28.86,28.86,172,28,66.0,222,66
1-2-1-13-532015611,100088,70,25,35.71,68.00,32.29,32.29,136,64,72.0,1953,72
6-9-4-16-1499280548,200013,70,53,75.71,99.00,23.29,23.29,198,2,63.0,154,63
3-2-2-20-1791970988,500001,70,4,5.71,99.50,93.79,93.79,199,1,78.0,269,78
1-9-2-23-2078117819,100063,70,19,27.14,98.50,71.36,71.36,197,3,99.0,1396,99
9-6-8-9-705959943,100081,70,44,62.86,100.00,37.14,37.14,200,0,72.0,1600,72
6-7-2-16-1358780837,100066,70,11,15.71,61.00,45.29,45.29,122,78,93.0,2145,93
3-8-6-14-16681316,400015,70,31,44.29,98.50,54.21,54.21,197,3,90.0,807,90
8-2-4-17-1146919053,100083,70,19,27.14,50.50,23.36,23.36,101,99,90.0,467,90
8-1-6-15-1660648767,100020,70,37,52.86,98.50,45.64,45.64,197,3,66.0,205,66
5-4-9-18-1634153531,400011,69,19,27.54,51.00,23.46,23.46,102,98,90.0,623,90
8-3-7-13-1285587923,100038,69,40,57.97,99.50,41.53,41.53,199,1,54.0,121,54
6-9-3-13-1472298568,100090,69,38,55.07,70.50,15.43,15.43,141,59,81.0,761,81
8-5-6-14-1442655864,400014,69,44,63.77,99.50,35.73,35.73,199,1,108.0,3534,108
7-7-3-21-1643597621,100065,69,23,33.33,99.00,65.67,65.67,198,2,108.0,1364,108
8-7-2-10-237179335,200053,69,39,56.52,98.50,41.98,41.98,197,3,72.0,504,72
8-4-4-18-422250158,400017,69,22,31.88,87.50,55.62,55.62,175,25,117.0,908,117
9-2-8-21-1128371590,400013,69,55,79.71,99.00,19.29,19.29,198,2,108.0,5542,108
6-9-9-11-579719762,200004,69,21,30.43,91.50,61.07,61.07,183,17,48.0,112,48
7-3-7-14-1095294160,100026,69,17,24.64,100.00,75.36,75.36,200,0,54.0,150,54
6-6-6-12-1968101215,100047,69,17,24.64,35.50,10.86,10.86,71,129,72.0,877,72
6-7-8-11-136792122,200003,68,21,30.88,100.00,69.12,69.12,200,0,42.0,73,42
9-2-3-9-220308406,100033,68,47,69.12,93.00,23.88,23.88,186,14,60.0,443,60
5-2-4-13-104130224,100046,68,41,60.29,99.50,39.21,39.21,199,1,57.0,243,57
7-5-5-12-1826286366,100096,68,19,27.94,90.00,62.06,62.06,180,20,96.0,2330,96
1-6-7-25-176070385,100094,68,22,32.35,42.50,10.15,10.15,85,115,99.0,784,99
9-6-1-20-326930949,100069,68,1,1.47,74.50,73.03,73.03,149,51,114.0,2984,114
1-7-5-19-164177167,100058,68,33,48.53,96.50,47.97,47.97,193,7,84.0,1268,84
9-4-2-14-1340141039,100016,68,53,77.94,100.00,22.06,22.06,200,0,66.0,308,66
6-7-1-14-418468701,100026,68,27,39.71,100.00,60.29,60.29,200,0,54.0,193,54
1-1-2-10-968073523,100043,68,54,79.41,100.00,20.59,20.59,200,0,78.0,1223,78
5-1-2-16-1778388297,100085,68,30,44.12,97.00,52.88,52.88,194,6,84.0,892,84
4-1-9-19-756150489,100078,68,36,52.94,85.00,32.06,32.06,170,30,81.0,1300,81
6-5-9-10-996880835,200003,68,29,42.65,100.00,57.35,57.35,200,0,42.0,96,42
4-1-8-19-1812331794,100078,68,35,51.47,99.00,47.53,47.53,198,2,81.0,1496,81
6-9-1-23-883672495,400012,68,12,17.65,78.50,60.85,60.85,157,43,108.0,1261,108
8-9-1-14-2074029409,100004,68,1,1.47,100.00,98.53,98.53,200,0,60.0,230,60
7-3-1-18-2038388373,100007,68,34,50.00,81.50,31.50,31.50,163,37,69.0,274,69
8-5-7-14-333403465,100083,68,19,27.94,75.50,47.56,47.56,151,49,90.0,614,90
8-3-2-25-1778146455,100064,68,4,5.88,56.00,50.12,50.12,112,88,126.0,1435,126
7-2-4-22-1682411522,400017,68,29,42.65,99.50,56.85,56.85,199,1,117.0,1093,117
7-5-8-9-189931052,100009,68,35,51.47,100.00,48.53,48.53,200,0,42.0,94,42
6-2-3-12-1722741130,100057,68,34,50.00,80.00,30.00,30.00,160,40,72.0,515,72
4-5-4-14-561393089,100005,67,42,62.69,97.50,34.81,34.81,195,5,66.0,222,66
7-2-4-22-1113587906,400017,67,7,10.45,81.00,70.55,70.55,162,38,117.0,1056,117
3-2-2-20-64400346,500001,67,8,11.94,100.00,88.06,88.06,200,0,78.0,314,78
8-8-4-18-1302497646,100063,67,14,20.90,68.00,47.10,47.10,136,64,99.0,619,99
4-6-7-13-590324397,200010,67,19,28.36,70.50,42.14,42.14,141,59,57.0,237,57
1-9-7-21-2037985160,100096,67,45,67.16,93.00,25.84,25.84,186,14,96.0,2375,96
6-6-1-21-1296410416,100066,67,13,19.40,93.50,74.10,74.10,187,13,93.0,2830,93
7-6-3-23-1713944274,400014,67,9,13.43,36.00,22.57,22.57,72,128,108.0,2065,108
2-1-1-24-296124853,100089,67,35,52.24,99.00,46.76,46.76,198,2,114.0,1493,114
9-1-7-12-553728291,100072,67,31,46.27,100.00,53.73,53.73,200,0,63.0,531,63
8-6-9-14-1392385917,100031,67,34,50.75,100.00,49.25,49.25,200,0,60.0,146,60
9-5-2-8-1346888384,100009,67,34,50.75,99.00,48.25,48.25,198,2,42.0,140,42
2-8-4-15-801530961,100062,66,8,12.12,82.50,70.38,70.38,165,35,72.0,519,72
5-3-3-15-1343008630,100004,66,3,4.55,74.00,69.45,69.45,148,52,60.0,129,60
3-9-3-8-2045459716,200015,66,18,27.27,100.00,72.73,72.73,200,0,54.0,369,54
7-1-5-16-946117077,100090,66,28,42.42,88.00,45.58,45.58,176,24,81.0,885,81
6-9-1-23-1316181784,400012,66,21,31.82,97.00,65.18,65.18,194,6,108.0,1232,108
8-6-9-19-1944576543,100086,66,1,1.52,10.50,8.98,8.98,21,179,117.0,947,117
1-5-6-15-1841715456,100075,66,13,19.70,92.00,72.30,72.30,184,16,84.0,5977,84
8-9-1-14-621279510,100004,66,2,3.03,99.00,95.97,95.97,198,2,60.0,219,60
6-8-3-16-517863230,100051,66,3,4.55,96.50,91.95,91.95,193,7,105.0,1108,105
4-5-4-19-2071429492,100052,66,4,6.06,86.50,80.44,80.44,173,27,120.0,606,120
5-8-2-17-1068726455,100013,66,49,74.24,97.00,22.76,22.76,194,6,72.0,250,72
5-4-2-14-1785123334,100096,66,23,34.85,62.50,27.65,27.65,125,75,96.0,2087,96
7-9-5-12-1369060682,100067,66,24,36.36,36.50,0.14,0.14,73,127,90.0,2219,90
2-1-1-11-2008193589,100080,66,44,66.67,99.50,32.83,32.83,199,1,69.0,869,69
8-1-5-24-1908201824,100087,66,29,43.94,97.00,53.06,53.06,194,6,102.0,963,102
8-6-2-21-1498318012,100084,66,10,15.15,91.50,76.35,76.35,183,17,102.0,2701,102
1-3-3-9-1456410235,100040,66,44,66.67,78.00,11.33,11.33,156,44,48.0,558,48
8-9-4-25-78883447,100052,66,2,3.03,19.00,15.97,15.97,38,162,120.0,664,120
2-3-9-11-1560894747,100030,65,43,66.15,94.50,28.35,28.35,189,11,66.0,372,66
9-7-4-12-771442316,100037,65,28,43.08,97.50,54.42,54.42,195,5,66.0,307,66
7-4-4-17-543744405,100037,65,36,55.38,77.00,21.62,21.62,154,46,66.0,167,66
5-2-2-14-1759140697,100076,65,45,69.23,97.50,28.27,28.27,195,5,90.0,774,90
1-6-5-15-1539205653,100075,65,16,24.62,86.00,61.38,61.38,172,28,84.0,5477,84
4-3-1-18-2067818351,100087,65,16,24.62,93.00,68.38,68.38,186,14,102.0,1983,102
4-3-1-17-709327573,100043,65,35,53.85,51.00,-2.85,2.85,102,98,78.0,522,78
8-1-8-16-295757756,100079,65,51,78.46,99.50,21.04,21.04,199,1,75.0,685,75
4-7-8-8-1446568746,100040,65,20,30.77,69.50,38.73,38.73,139,61,48.0,367,48
1-9-4-21-709816689,100096,65,6,9.23,39.00,29.77,29.77,78,122,96.0,2171,96
3-3-1-18-1815399536,100051,65,19,29.23,90.50,61.27,61.27,181,19,105.0,1283,105
7-6-4-19-395558223,100070,65,11,16.92,83.50,66.58,66.58,167,33,117.0,1285,117
2-3-3-15-380489446,100026,65,21,32.31,33.00,0.69,0.69,66,134,54.0,126,54
6-2-3-20-2016980315,100086,65,20,30.77,95.00,64.23,64.23,190,10,117.0,1635,117
8-4-7-20-1124852542,400017,65,9,13.85,72.00,58.15,58.15,144,56,117.0,609,117
5-6-2-16-1941394045,100066,64,5,7.81,53.00,45.19,45.19,106,94,93.0,1981,93
8-5-6-14-1192259347,200007,64,2,3.13,3.50,0.37,0.37,7,193,57.0,86,57
6-6-5-12-1572437729,200007,64,18,28.13,79.50,51.37,51.37,159,41,57.0,185,57
9-5-8-13-381183319,100031,64,24,37.50,85.50,48.00,48.00,171,29,60.0,192,60
6-5-5-10-1789884817,100002,64,30,46.88,100.00,53.12,53.12,200,0,39.0,55,39
8-9-1-14-1861143021,100004,64,1,1.56,99.50,97.94,97.94,199,1,60.0,263,60
2-7-5-15-2142283765,200053,64,23,35.94,97.50,61.56,61.56,195,5,72.0,472,72
9-3-5-14-1810606956,100038,64,34,53.13,91.50,38.37,38.37,183,17,54.0,138,54
6-9-1-23-2061773767,400012,64,7,10.94,91.50,80.56,80.56,183,17,108.0,1242,108
1-8-5-18-624161544,100021,64,14,21.88,99.50,77.62,77.62,199,1,72.0,340,72
8-3-7-14-1982840317,100067,64,8,12.50,25.00,12.50,12.50,50,150,90.0,1919,90
7-7-6-11-1330322169,100047,64,22,34.38,95.50,61.12,61.12,191,9,72.0,1226,72
4-2-2-15-447478808,100071,64,31,48.44,84.50,36.06,36.06,169,31,72.0,353,72
1-1-1-18-1570972324,100070,64,17,26.56,78.50,51.94,51.94,157,43,117.0,1400,117
9-1-9-16-600330960,100050,64,40,62.50,100.00,37.50,37.50,200,0,78.0,1139,78
7-7-9-13-178481180,100014,64,29,45.31,94.00,48.69,48.69,188,12,54.0,148,54
3-1-1-25-1361813424,100064,64,2,3.13,10.00,6.87,6.87,20,180,126.0,1336,126
9-4-1-11-1537696548,100004,63,0,0.00,100.00,100.00,100.00,200,0,60.0,303,60
2-6-4-15-1590135530,100004,63,0,0.00,100.00,100.00,100.00,200,0,60.0,223,60
3-2-9-22-1581520054,100097,63,15,23.81,97.00,73.19,73.19,194,6,84.0,402,84
1-9-8-13-415996617,100004,63,0,0.00,100.00,100.00,100.00,200,0,60.0,244,60
7-6-7-23-1190741482,100052,63,3,4.76,41.50,36.74,36.74,83,117,120.0,519,120
9-6-3-14-1771970654,100084,63,10,15.87,60.50,44.63,44.63,121,79,102.0,5071,102
1-9-8-13-640917746,100004,63,0,0.00,98.00,98.00,98.00,196,4,60.0,273,60
6-6-6-14-254899392,100071,63,5,7.94,32.00,24.06,24.06,64,136,72.0,358,72
1-8-4-13-1311921252,100004,63,0,0.00,100.00,100.00,100.00,200,0,60.0,241,60
6-2-1-15-1928419867,100004,63,0,0.00,98.00,98.00,98.00,196,4,60.0,253,60
7-5-3-21-710361018,100094,63,14,22.22,59.50,37.28,37.28,119,81,99.0,554,99
6-4-2-19-786024772,100083,63,23,36.51,91.00,54.49,54.49,182,18,90.0,740,90
7-4-5-23-1288019775,100052,63,21,33.33,98.00,64.67,64.67,196,4,120.0,827,120
6-5-3-13-548647128,100046,63,28,44.44,97.50,53.06,53.06,195,5,57.0,219,57
9-2-1-14-2082277003,100004,63,0,0.00,100.00,100.00,100.00,200,0,60.0,327,60
8-8-7-11-1875563097,100004,63,1,1.59,100.00,98.41,98.41,200,0,60.0,246,60
1-8-4-13-740399715,100004,63,0,0.00,100.00,100.00,100.00,200,0,60.0,217,60
5-4-2-21-618679159,400012,63,28,44.44,65.50,21.06,21.06,131,69,108.0,1014,108
8-6-7-11-1047774249,200007,63,33,52.38,97.50,45.12,45.12,195,5,57.0,176,57
7-8-2-13-1283153923,100048,63,43,68.25,97.50,29.25,29.25,195,5,66.0,581,66
3-9-7-9-726295739,100035,63,26,41.27,99.50,58.23,58.23,199,1,54.0,171,54
9-2-1-14-526351310,100004,63,0,0.00,100.00,100.00,100.00,200,0,60.0,321,60
1-1-2-25-311753852,400014,63,14,22.22,70.00,47.78,47.78,140,60,108.0,3472,108
9-4-5-20-473630203,100086,63,17,26.98,63.50,36.52,36.52,127,73,117.0,2809,117
6-4-5-15-698985927,100063,63,3,4.76,88.00,83.24,83.24,176,24,99.0,954,99
8-8-7-11-813087567,100004,63,0,0.00,99.50,99.50,99.50,199,1,60.0,186,60
6-5-6-14-743372346,100061,63,10,15.87,95.50,79.63,79.63,191,9,102.0,1191,102
4-6-4-13-1915201188,100078,63,25,39.68,98.00,58.32,58.32,196,4,81.0,1114,81
4-3-3-9-416782947,100004,63,0,0.00,100.00,100.00,100.00,200,0,60.0,250,60
9-2-1-14-665616712,100004,63,0,0.00,100.00,100.00,100.00,200,0,60.0,312,60
5-9-9-11-1899585926,100010,62,18,29.03,100.00,70.97,70.97,200,0,54.0,163,54
6-6-7-16-468694895,100076,62,9,14.52,90.00,75.48,75.48,180,20,90.0,579,90
3-4-5-11-2126720093,100010,62,25,40.32,100.00,59.68,59.68,200,0,54.0,189,54
2-2-5-10-732953130,100072,62,43,69.35,100.00,30.65,30.65,200,0,63.0,587,63
8-5-1-20-222073951,100063,62,13,20.97,95.50,74.53,74.53,191,9,99.0,811,99
8-6-7-15-1002710027,100087,62,19,30.65,94.00,63.35,63.35,188,12,102.0,1237,102
5-5-6-12-580942161,100058,62,24,38.71,79.00,40.29,40.29,158,42,84.0,1137,84
9-9-1-18-117278945,100071,62,26,41.94,100.00,58.06,58.06,200,0,72.0,485,72
5-7-4-18-2077735519,100089,62,13,20.97,99.00,78.03,78.03,198,2,114.0,1340,114
6-2-1-15-1592321240,100004,62,0,0.00,100.00,100.00,100.00,200,0,60.0,250,60
8-8-7-11-1405460881,100004,62,0,0.00,100.00,100.00,100.00,200,0,60.0,217,60
7-3-6-11-1495388170,100059,62,39,62.90,99.50,36.60,36.60,199,1,81.0,634,81
9-7-5-21-434209412,100089,62,16,25.81,73.50,47.69,47.69,147,53,114.0,1207,114
8-5-8-23-1227303429,400014,62,4,6.45,30.00,23.55,23.55,60,140,108.0,1935,108
7-3-3-24-1913849138,100036,62,30,48.39,74.50,26.11,26.11,149,51,90.0,505,90
4-7-2-20-1430811737,400012,62,35,56.45,97.50,41.05,41.05,195,5,108.0,1147,108
9-8-2-12-1665282641,100057,62,35,56.45,100.00,43.55,43.55,200,0,72.0,750,72
8-8-7-11-718159359,100004,62,0,0.00,100.00,100.00,100.00,200,0,60.0,226,60
7-4-5-15-872733423,100069,62,25,40.32,87.00,46.68,46.68,174,26,114.0,1909,114
5-4-8-12-2097592490,100010,62,20,32.26,100.00,67.74,67.74,200,0,54.0,193,54
7-9-3-22-1203802185,100061,62,16,25.81,73.00,47.19,47.19,146,54,102.0,949,102
6-2-1-15-1852401444,100004,62,0,0.00,100.00,100.00,100.00,200,0,60.0,272,60
9-1-4-19-1258086697,100066,62,12,19.35,31.50,12.15,12.15,63,137,93.0,2977,93
8-8-7-11-1442421654,100004,62,0,0.00,100.00,100.00,100.00,200,0,60.0,199,60
8-1-8-16-2063513745,100060,61,41,67.21,91.00,23.79,23.79,182,18,84.0,682,84
3-7-2-21-1726483016,400013,61,47,77.05,91.00,13.95,13.95,182,18,108.0,3239,108
7-7-5-21-1871507234,100085,61,35,57.38,85.50,28.12,28.12,171,29,84.0,349,84
5-8-1-13-1396551402,100028,61,43,70.49,97.00,26.51,26.51,194,6,54.0,316,54
9-8-9-9-1482000657,100088,61,42,68.85,100.00,31.15,31.15,200,0,72.0,2267,72
7-7-6-13-1483861591,100084,61,1,1.64,8.50,6.86,6.86,17,183,102.0,3395,102
2-5-5-13-760443656,100020,61,28,45.90,94.00,48.10,48.10,188,12,66.0,219,66
8-8-4-15-1958436270,100048,61,38,62.30,100.00,37.70,37.70,200,0,66.0,359,66
1-5-2-11-184085569,100009,61,13,21.31,76.00,54.69,54.69,152,48,42.0,75,42
5-3-1-16-429515381,100076,61,32,52.46,96.50,44.04,44.04,193,7,90.0,883,90
7-4-6-11-478305339,100004,61,1,1.64,99.50,97.86,97.86,199,1,60.0,236,60
9-8-2-12-1419201764,100057,61,51,83.61,100.00,16.39,16.39,200,0,72.0,716,72
8-6-5-21-2013065901,100051,61,17,27.87,52.50,24.63,24.63,105,95,105.0,715,105
1-5-7-17-1443608452,100083,61,22,36.07,95.00,58.93,58.93,190,10,90.0,864,90
8-6-2-20-246385067,100070,61,4,6.56,56.50,49.94,49.94,113,87,117.0,1463,117
3-5-8-12-964441242,200013,61,48,78.69,99.50,20.81,20.81,199,1,63.0,271,63
3-3-1-20-1241170219,100063,61,25,40.98,71.50,30.52,30.52,143,57,99.0,827,99
8-7-5-14-1636529749,100051,60,5,8.33,88.50,80.17,80.17,177,23,105.0,1420,105
3-1-4-10-782174050,100081,60,46,76.67,91.00,14.33,14.33,182,18,72.0,1642,72
4-6-2-22-795512612,100036,60,27,45.00,98.50,53.50,53.50,197,3,90.0,453,90
5-1-6-11-1598070172,100004,60,0,0.00,100.00,100.00,100.00,200,0,60.0,373,60
6-4-5-15-1596996385,100063,60,12,20.00,93.50,73.50,73.50,187,13,99.0,1076,99
4-4-1-24-316768160,100065,60,11,18.33,81.00,62.67,62.67,162,38,108.0,1749,108
5-1-6-11-1967492288,100004,60,0,0.00,100.00,100.00,100.00,200,0,60.0,321,60
8-1-3-19-1939790407,100034,60,23,38.33,99.00,60.67,60.67,198,2,72.0,262,72
6-4-1-14-439438760,100033,60,40,66.67,100.00,33.33,33.33,200,0,60.0,243,60
4-5-4-14-1849692381,100005,60,41,68.33,95.00,26.67,26.67,190,10,66.0,229,66
7-8-2-17-1939938756,100096,60,17,28.33,81.50,53.17,53.17,163,37,96.0,1323,96
5-3-1-16-1077627885,100076,60,23,38.33,94.50,56.17,56.17,189,11,90.0,856,90
4-1-2-24-810124159,100051,60,22,36.67,85.00,48.33,48.33,170,30,105.0,1504,105
9-2-1-21-626329478,100060,59,23,38.98,91.00,52.02,52.02,182,18,84.0,694,84
8-4-3-18-251916796,400014,59,24,40.68,87.00,46.32,46.32,174,26,108.0,2291,108
5-4-4-18-601057732,100052,59,18,30.51,97.00,66.49,66.49,194,6,120.0,860,120
7-3-6-11-552479556,100059,59,33,55.93,100.00,44.07,44.07,200,0,81.0,695,81
9-5-5-9-176701418,100008,59,29,49.15,98.00,48.85,48.85,196,4,42.0,101,42
8-7-6-13-1076968936,100092,59,42,71.19,98.00,26.81,26.81,196,4,75.0,221,75
8-3-1-24-1729763168,100065,59,18,30.51,83.50,52.99,52.99,167,33,108.0,828,108
1-7-8-19-1138944001,100096,59,12,20.34,79.50,59.16,59.16,159,41,96.0,1572,96
8-5-6-14-43439944,400014,59,19,32.20,92.00,59.80,59.80,184,16,108.0,3662,108
2-8-3-18-1398053921,100036,59,31,52.54,95.50,42.96,42.96,191,9,90.0,731,90
1-4-2-15-1606361015,100047,59,25,42.37,97.50,55.13,55.13,195,5,72.0,1417,72
7-6-9-19-1119080543,100061,59,7,11.86,54.00,42.14,42.14,108,92,102.0,710,102
7-4-5-13-1588674999,100010,59,7,11.86,100.00,88.14,88.14,200,0,54.0,110,54
2-6-4-15-2100667442,100004,59,46,77.97,100.00,22.03,22.03,200,0,60.0,225,60
8-1-3-23-289492213,100061,59,5,8.47,73.00,64.53,64.53,146,54,102.0,651,102
6-2-4-14-45306880,200010,59,0,0.00,19.50,19.50,19.50,39,161,57.0,189,57
8-1-4-23-548072587,100096,59,13,22.03,82.50,60.47,60.47,165,35,96.0,1180,96
9-6-9-14-587598814,100016,59,44,74.58,97.50,22.92,22.92,195,5,66.0,256,66
1-3-2-15-951502622,100059,59,12,20.34,58.50,38.16,38.16,117,83,81.0,842,81
1-5-3-16-1177799493,100080,59,26,44.07,45.50,1.43,1.43,91,109,69.0,989,69
7-5-1-15-1331631942,100033,59,50,84.75,100.00,15.25,15.25,200,0,60.0,362,60
7-9-4-16-1594877212,100051,59,12,20.34,97.00,76.66,76.66,194,6,105.0,1556,105
1-8-4-17-1082829070,100075,58,35,60.34,99.00,38.66,38.66,198,2,84.0,4096,84
4-2-6-14-736794182,100013,58,29,50.00,99.00,49.00,49.00,198,2,72.0,354,72
7-5-3-21-751125349,100076,58,12,20.69,50.50,29.81,29.81,101,99,90.0,513,90
7-2-4-22-2145901784,400017,58,10,17.24,93.00,75.76,75.76,186,14,117.0,1127,117
3-2-2-20-1621032757,500001,58,2,3.45,99.50,96.05,96.05,199,1,78.0,280,78
2-5-4-13-346854737,100007,58,34,58.62,99.50,40.88,40.88,199,1,69.0,467,69
9-2-8-21-2062185036,400013,58,35,60.34,99.00,38.66,38.66,198,2,108.0,6012,108
2-9-7-14-96470487,200024,58,28,48.28,100.00,51.72,51.72,200,0,72.0,227,72
5-4-2-21-84380694,100086,58,5,8.62,29.00,20.38,20.38,58,142,117.0,2266,117
7-6-1-24-2129755674,100084,58,8,13.79,25.00,11.21,11.21,50,150,102.0,2768,102
8-9-2-20-819213852,100095,58,22,37.93,90.00,52.07,52.07,180,20,90.0,672,90
5-6-3-14-1690128779,100041,58,26,44.83,47.50,2.67,2.67,95,105,72.0,295,72
1-2-1-16-1738087515,100067,58,20,34.48,99.50,65.02,65.02,199,1,90.0,2034,90
7-3-6-23-1902311363,100036,58,23,39.66,87.00,47.34,47.34,174,26,90.0,359,90
7-7-1-22-819264009,100094,58,20,34.48,89.50,55.02,55.02,179,21,99.0,889,99
7-7-8-22-1760773097,100070,58,21,36.21,80.00,43.79,43.79,160,40,117.0,1110,117
3-6-6-9-1699774923,200003,58,23,39.66,95.50,55.84,55.84,191,9,42.0,91,42
7-2-7-10-2028599859,100072,58,19,32.76,90.50,57.74,57.74,181,19,63.0,503,63
6-1-6-20-1839293273,100070,57,3,5.26,16.00,10.74,10.74,32,168,117.0,1946,117
9-6-5-19-1675169265,100064,57,14,24.56,80.50,55.94,55.94,161,39,126.0,2090,126
4-5-1-18-1463868438,100066,57,5,8.77,32.00,23.23,23.23,64,136,93.0,1833,93
1-7-2-19-88107760,100078,57,16,28.07,87.50,59.43,59.43,175,25,81.0,1288,81
3-4-3-19-627224069,100052,57,24,42.11,95.00,52.89,52.89,190,10,120.0,936,120
1-5-3-25-1193350459,100084,57,2,3.51,2.50,-1.01,1.01,5,195,102.0,4743,102
7-6-9-9-571924739,200015,57,16,28.07,99.50,71.43,71.43,199,1,54.0,325,54
9-4-5-11-457389949,200012,57,22,38.60,99.50,60.90,60.90,199,1,54.0,176,54
5-3-3-12-807300560,100085,57,12,21.05,97.00,75.95,75.95,194,6,84.0,827,84
9-6-8-9-84274771,100081,57,29,50.88,86.00,35.12,35.12,172,28,72.0,1670,72
1-7-8-20-1577024819,100060,57,16,28.07,92.00,63.93,63.93,184,16,84.0,417,84
3-2-8-11-21090175,200004,57,12,21.05,100.00,78.95,78.95,200,0,48.0,166,48
2-7-9-19-457728747,100050,57,29,50.88,97.00,46.12,46.12,194,6,78.0,648,78
9-8-2-13-2004557500,100080,57,19,33.33,72.50,39.17,39.17,145,55,69.0,766,69
1-3-2-15-868732816,100059,57,24,42.11,69.00,26.89,26.89,138,62,81.0,933,81
7-7-6-17-1226012823,200024,56,39,69.64,99.50,29.86,29.86,199,1,72.0,172,72
5-4-3-12-1369787262,100014,56,44,78.57,100.00,21.43,21.43,200,0,54.0,204,54
8-9-1-15-2124481734,100020,56,19,33.93,71.50,37.57,37.57,143,57,66.0,281,66
3-3-2-12-940455322,100058,56,12,21.43,92.00,70.57,70.57,184,16,84.0,1072,84
6-9-6-13-55008938,100096,56,18,32.14,94.00,61.86,61.86,188,12,96.0,2006,96
5-5-5-23-1194712918,100052,56,12,21.43,37.00,15.57,15.57,74,126,120.0,454,120
7-6-5-14-282138502,100084,56,10,17.86,65.50,47.64,47.64,131,69,102.0,2897,102
7-2-1-15-2053540417,100090,56,11,19.64,69.50,49.86,49.86,139,61,81.0,1334,81
4-5-2-13-1880949270,100023,56,40,71.43,100.00,28.57,28.57,200,0,54.0,161,54
2-3-8-11-924603096,100010,56,4,7.14,78.00,70.86,70.86,156,44,54.0,228,54
7-2-8-17-1030058095,100062,56,18,32.14,95.50,63.36,63.36,191,9,72.0,354,72
3-4-2-19-228785290,100070,55,8,14.55,33.00,18.45,18.45,66,134,117.0,1344,117
7-3-4-20-2105195759,100052,55,26,47.27,96.50,49.23,49.23,193,7,120.0,1001,120
9-6-1-25-384250673,100064,55,6,10.91,42.50,31.59,31.59,85,115,126.0,2295,126
9-2-7-16-1472653979,100079,55,20,36.36,77.00,40.64,40.64,154,46,75.0,448,75
3-5-4-9-295045343,100008,55,25,45.45,99.00,53.55,53.55,198,2,42.0,132,42
9-6-9-15-325611114,100004,55,5,9.09,97.00,87.91,87.91,194,6,60.0,148,60
3-2-2-20-1815398049,500001,55,3,5.45,100.00,94.55,94.55,200,0,78.0,321,78
1-1-1-19-673075905,100070,55,17,30.91,96.00,65.09,65.09,192,8,117.0,1369,117
7-9-8-12-1418352317,100040,55,13,23.64,99.50,75.86,75.86,199,1,48.0,180,48
3-1-1-23-642328127,100089,55,24,43.64,100.00,56.36,56.36,200,0,114.0,1574,114
7-7-9-14-699037191,200010,55,30,54.55,100.00,45.45,45.45,200,0,57.0,223,57
2-5-7-9-1573798170,100010,55,16,29.09,99.50,70.41,70.41,199,1,54.0,302,54
4-9-9-17-1843126016,100034,55,27,49.09,100.00,50.91,50.91,200,0,72.0,316,72
7-8-1-19-762884719,100085,55,17,30.91,89.00,58.09,58.09,178,22,84.0,496,84
6-4-8-24-1030948273,400015,55,11,20.00,33.00,13.00,13.00,66,134,90.0,371,90
8-7-4-14-120507140,100031,55,38,69.09,100.00,30.91,30.91,200,0,60.0,137,60
8-2-4-11-1024548051,100026,55,18,32.73,100.00,67.27,67.27,200,0,54.0,188,54
7-6-4-20-154733154,100070,55,17,30.91,97.00,66.09,66.09,194,6,117.0,1264,117
5-4-2-21-1087617972,400012,55,19,34.55,92.00,57.45,57.45,184,16,108.0,913,108
1-6-2-25-1438384798,100061,55,26,47.27,88.00,40.73,40.73,176,24,102.0,821,102
7-5-3-22-1678796284,100083,55,2,3.64,10.00,6.36,6.36,20,180,90.0,509,90
7-1-5-16-570610174,100090,55,24,43.64,87.50,43.86,43.86,175,25,81.0,1051,81
2-1-1-22-1555173002,100065,54,7,12.96,89.50,76.54,76.54,179,21,108.0,1352,108
3-8-6-14-1812230451,400015,54,27,50.00,97.00,47.00,47.00,194,6,90.0,855,90
8-7-2-21-999878073,100061,54,7,12.96,95.00,82.04,82.04,190,10,102.0,1044,102
6-3-3-14-842554427,100075,54,23,42.59,44.50,1.91,1.91,89,111,84.0,3413,84
9-1-7-21-737870868,100063,54,29,53.70,81.50,27.80,27.80,163,37,99.0,1426,99
3-6-3-15-1587253847,400012,54,11,20.37,99.00,78.63,78.63,198,2,108.0,1103,108
1-5-4-20-984484874,100066,54,11,20.37,91.50,71.13,71.13,183,17,93.0,2841,93
7-5-6-11-18271368,200012,54,13,24.07,100.00,75.93,75.93,200,0,54.0,144,54
6-4-5-13-1794194961,100087,54,25,46.30,93.00,46.70,46.70,186,14,102.0,2106,102
4-7-7-20-1344330004,100094,54,5,9.26,16.00,6.74,6.74,32,168,99.0,407,99
5-2-1-13-1349749343,100038,54,52,96.30,100.00,3.70,3.70,200,0,54.0,159,54
3-8-1-10-1463703784,100056,54,29,53.70,100.00,46.30,46.30,200,0,54.0,481,54
2-6-1-8-1744217603,100010,54,23,42.59,100.00,57.41,57.41,200,0,54.0,461,54
9-3-7-24-1008046802,100095,54,20,37.04,97.50,60.46,60.46,195,5,90.0,398,90
8-8-9-13-1908278987,100096,54,4,7.41,44.50,37.09,37.09,89,111,96.0,2495,96
3-2-2-24-502538131,100064,54,6,11.11,32.00,20.89,20.89,64,136,126.0,1723,126
7-3-3-12-181726811,200024,54,26,48.15,93.50,45.35,45.35,187,13,72.0,292,72
7-9-6-13-51148626,100087,54,10,18.52,98.50,79.98,79.98,197,3,102.0,2129,102
8-7-1-17-1402852137,100084,54,18,33.33,75.00,41.67,41.67,150,50,102.0,3457,102
3-3-1-20-983724779,100063,54,7,12.96,52.50,39.54,39.54,105,95,99.0,832,99
9-6-3-17-558885293,100069,54,12,22.22,93.00,70.78,70.78,186,14,114.0,2888,114
8-5-6-18-322930779,400017,54,22,40.74,83.00,42.26,42.26,166,34,117.0,650,117
2-6-6-10-451615587,100010,54,9,16.67,100.00,83.33,83.33,200,0,54.0,232,54
4-2-2-16-501414058,100051,54,4,7.41,84.50,77.09,77.09,169,31,105.0,1760,105
7-7-5-12-1849753665,200015,53,14,26.42,100.00,73.58,73.58,200,0,54.0,220,54
1-7-9-18-1694918170,100036,53,27,50.94,98.00,47.06,47.06,196,4,90.0,1066,90
9-7-7-15-91390239,100066,53,8,15.09,59.00,43.91,43.91,118,82,93.0,2267,93
7-3-6-13-500841298,200024,53,35,66.04,91.00,24.96,24.96,182,18,72.0,250,72
7-5-6-11-793271607,100090,53,16,30.19,97.50,67.31,67.31,195,5,81.0,1102,81
3-9-1-12-1130105417,100074,53,36,67.92,100.00,32.08,32.08,200,0,54.0,248,54
3-1-2-14-1609193746,100026,53,11,20.75,100.00,79.25,79.25,200,0,54.0,143,54
8-7-2-10-1799098369,200003,53,20,37.74,98.50,60.76,60.76,197,3,42.0,112,42
8-6-3-18-635734265,100086,53,0,0.00,30.50,30.50,30.50,61,139,117.0,1444,117
6-9-1-23-482484403,400012,52,13,25.00,67.50,42.50,42.50,135,65,108.0,1213,108
5-2-3-14-900790375,100010,52,16,30.77,99.00,68.23,68.23,198,2,54.0,132,54
1-8-6-17-426078034,100075,52,22,42.31,78.50,36.19,36.19,157,43,84.0,3717,84
9-5-2-14-635058091,200015,52,24,46.15,93.50,47.35,47.35,187,13,54.0,249,54
9-7-1-16-1615691172,400014,52,32,61.54,97.50,35.96,35.96,195,5,108.0,4474,108
7-6-1-15-1578991194,100058,52,3,5.77,98.50,92.73,92.73,197,3,84.0,1201,84
3-2-2-20-1877145533,500001,52,3,5.77,100.00,94.23,94.23,200,0,78.0,311,78
5-9-7-12-402054794,100033,52,28,53.85,65.50,11.65,11.65,131,69,60.0,164,60
5-3-6-15-1078595735,100046,52,29,55.77,100.00,44.23,44.23,200,0,57.0,200,57
8-5-1-20-142556188,100063,52,18,34.62,66.50,31.88,31.88,133,67,99.0,943,99
4-8-5-15-1952777035,100066,52,4,7.69,73.00,65.31,65.31,146,54,93.0,1915,93
9-4-2-11-1718428512,100009,52,31,59.62,100.00,40.38,40.38,200,0,42.0,96,42
7-3-4-11-783058347,100090,52,17,32.69,91.50,58.81,58.81,183,17,81.0,1135,81
1-1-7-11-1732359846,100009,52,36,69.23,100.00,30.77,30.77,200,0,42.0,129,42
7-4-3-24-1990649438,100065,52,16,30.77,15.00,-15.77,15.77,30,170,108.0,1039,108
3-6-3-13-1677162644,100034,52,16,30.77,96.00,65.23,65.23,192,8,72.0,284,72
7-6-2-18-333006399,100051,52,14,26.92,98.50,71.58,71.58,197,3,105.0,1594,105
3-8-1-10-522443187,100056,52,45,86.54,100.00,13.46,13.46,200,0,54.0,431,54
8-9-8-13-1897755796,100093,51,7,13.73,42.00,28.27,28.27,84,116,96.0,16662,96
9-2-4-24-491030752,400017,51,16,31.37,99.50,68.13,68.13,199,1,117.0,922,117
1-7-5-14-226202774,100088,51,24,47.06,99.00,51.94,51.94,198,2,72.0,1876,72
8-2-2-13-2019653818,100080,51,29,56.86,67.50,10.64,10.64,135,65,69.0,391,69
1-7-3-17-1039463391,100043,51,30,58.82,98.00,39.18,39.18,196,4,78.0,838,78
9-8-6-14-795548818,100028,51,12,23.53,42.50,18.97,18.97,85,115,54.0,167,54
6-2-1-13-2061417132,100079,51,29,56.86,86.00,29.14,29.14,172,28,75.0,661,75
4-1-1-21-329539358,100066,51,5,9.80,15.00,5.20,5.20,30,170,93.0,2278,93
8-5-6-11-2126172693,100071,51,28,54.90,99.00,44.10,44.10,198,2,72.0,486,72
8-3-3-13-1267610684,100034,51,6,11.76,47.50,35.74,35.74,95,105,72.0,273,72
7-8-6-13-2076214399,100084,51,19,37.25,67.00,29.75,29.75,134,66,102.0,2879,102
6-9-5-12-1669361145,100026,51,13,25.49,97.00,71.51,71.51,194,6,54.0,158,54
5-7-1-17-196685927,100079,51,22,43.14,60.00,16.86,16.86,120,80,75.0,660,75
8-5-2-14-1097127707,100055,51,34,66.67,91.00,24.33,24.33,182,18,84.0,586,84
3-7-2-11-502670228,100010,51,34,66.67,100.00,33.33,33.33,200,0,54.0,200,54
7-4-3-22-467428312,100094,51,18,35.29,80.50,45.21,45.21,161,39,99.0,532,99
9-4-3-11-1744641617,100059,51,14,27.45,50.00,22.55,22.55,100,100,81.0,792,81
3-7-2-21-2109807167,400013,51,6,11.76,56.00,44.24,44.24,112,88,108.0,2943,108
8-2-9-11-650497783,100079,51,27,52.94,100.00,47.06,47.06,200,0,75.0,698,75
1-9-5-24-612064685,100084,51,9,17.65,26.50,8.85,8.85,53,147,102.0,4022,102
5-8-6-11-2133722576,100014,51,30,58.82,99.00,40.18,40.18,198,2,54.0,116,54
6-5-2-21-722083188,100086,51,9,17.65,54.50,36.85,36.85,109,91,117.0,2867,117
7-7-5-23-244305076,100070,51,10,19.61,76.00,56.39,56.39,152,48,117.0,1314,117
9-8-1-17-1306601695,100075,50,35,70.00,100.00,30.00,30.00,200,0,84.0,5278,84
6-7-1-14-1153541593,100060,50,16,32.00,87.50,55.50,55.50,175,25,84.0,858,84
9-7-6-10-2052802561,100023,50,26,52.00,99.50,47.50,47.50,199,1,54.0,215,54
8-5-5-15-297271659,100083,50,3,6.00,56.00,50.00,50.00,112,88,90.0,660,90
6-1-7-21-840771570,400014,50,12,24.00,50.00,26.00,26.00,100,100,108.0,3122,108
8-2-5-17-1614434137,100034,50,20,40.00,32.00,-8.00,8.00,64,136,72.0,167,72
9-2-5-24-1950128113,100064,50,4,8.00,54.00,46.00,46.00,108,92,126.0,1738,126
5-9-9-17-267511108,100092,50,39,78.00,97.00,19.00,19.00,194,6,75.0,206,75
1-4-1-12-512498699,100072,50,40,80.00,99.50,19.50,19.50,199,1,63.0,642,63
1-1-2-25-1073460026,100094,50,14,28.00,96.50,68.50,68.50,193,7,99.0,694,99
4-1-2-24-1366678507,100051,50,15,30.00,70.50,40.50,40.50,141,59,105.0,1438,105
5-2-2-14-433198430,100076,50,9,18.00,98.00,80.00,80.00,196,4,90.0,697,90
6-1-3-22-2042625388,100086,50,7,14.00,75.50,61.50,61.50,151,49,117.0,1394,117
9-1-5-15-1719561082,200007,50,22,44.00,100.00,56.00,56.00,200,0,57.0,217,57
3-1-3-21-471012660,100089,50,12,24.00,72.50,48.50,48.50,145,55,114.0,1667,114
4-4-1-24-1472652056,100061,50,13,26.00,100.00,74.00,74.00,200,0,102.0,996,102
7-9-8-21-477758350,400011,50,30,60.00,99.50,39.50,39.50,199,1,90.0,434,90
1-7-5-19-1663638642,100058,50,32,64.00,97.00,33.00,33.00,194,6,84.0,1416,84
8-3-7-17-1299869705,100050,50,27,54.00,87.00,33.00,33.00,174,26,78.0,899,78
1-2-2-22-1765490901,100067,50,11,22.00,90.50,68.50,68.50,181,19,90.0,1714,90
7-6-2-16-926545235,100051,50,2,4.00,82.50,78.50,78.50,165,35,105.0,1431,105
2-6-4-15-1661721967,100004,50,27,54.00,98.00,44.00,44.00,196,4,60.0,244,60
6-5-1-10-253120028,100008,50,30,60.00,100.00,40.00,40.00,200,0,42.0,118,42
6-4-6-15-916044473,100031,50,15,30.00,100.00,70.00,70.00,200,0,60.0,131,60
9-9-7-14-279333246,100076,50,21,42.00,96.00,54.00,54.00,192,8,90.0,638,90
6-5-5-17-863969012,100071,49,6,12.24,43.00,30.76,30.76,86,114,72.0,273,72
1-4-2-15-706829815,100047,49,27,55.10,83.00,27.90,27.90,166,34,72.0,1497,72
7-4-6-16-804180642,100058,49,14,28.57,55.50,26.93,26.93,111,89,84.0,508,84
7-4-3-24-1086837219,100065,49,10,20.41,24.50,4.09,4.09,49,151,108.0,1049,108
3-2-1-21-835275895,100070,49,2,4.08,16.50,12.42,12.42,33,167,117.0,1612,117
7-9-7-21-440212077,100094,49,16,32.65,93.00,60.35,60.35,186,14,99.0,582,99
8-7-1-13-227959668,100033,49,28,57.14,97.00,39.86,39.86,194,6,60.0,271,60
3-5-8-24-186018484,400013,49,17,34.69,99.50,64.81,64.81,199,1,108.0,6472,108
5-3-8-11-448740332,100034,49,7,14.29,87.00,72.71,72.71,174,26,72.0,346,72
7-7-6-17-1790189908,200024,49,10,20.41,51.00,30.59,30.59,102,98,72.0,163,72
2-2-1-12-1797182768,100059,49,26,53.06,97.50,44.44,44.44,195,5,81.0,754,81
5-2-8-18-1291070703,100097,49,15,30.61,92.00,61.39,61.39,184,16,84.0,475,84
4-3-1-11-1521140145,100058,49,8,16.33,100.00,83.67,83.67,200,0,84.0,1384,84
1-4-2-24-1276029532,100067,49,2,4.08,1.00,-3.08,3.08,2,198,90.0,2309,90
7-2-3-21-2138300448,100070,49,2,4.08,31.00,26.92,26.92,62,138,117.0,2239,117
5-7-5-24-2079209193,100089,49,5,10.20,39.00,28.80,28.80,78,122,114.0,908,114
3-6-1-11-1438901659,200003,49,18,36.73,99.00,62.27,62.27,198,2,42.0,85,42
8-7-8-14-1290589651,100020,49,12,24.49,32.50,8.01,8.01,65,135,66.0,141,66
7-7-7-16-1378250983,100090,49,3,6.12,23.00,16.88,16.88,46,154,81.0,551,81
8-2-1-20-858552635,100066,49,6,12.24,54.50,42.26,42.26,109,91,93.0,1100,93
4-2-3-17-1768331550,100069,49,4,8.16,4.50,-3.66,3.66,9,191,114.0,1359,114
5-9-6-14-1190575109,100023,49,26,53.06,100.00,46.94,46.94,200,0,54.0,126,54
3-3-1-17-2052092492,100092,49,15,30.61,76.00,45.39,45.39,152,48,75.0,203,75
9-2-4-16-789478034,100041,49,17,34.69,87.50,52.81,52.81,175,25,72.0,349,72
7-3-3-12-1615344384,100028,49,13,26.53,27.50,0.97,0.97,55,145,54.0,213,54
6-2-2-18-1673336504,100043,49,17,34.69,80.00,45.31,45.31,160,40,78.0,390,78
6-4-1-14-1301522357,100078,49,18,36.73,91.50,54.77,54.77,183,17,81.0,1302,81
8-2-4-9-327632338,200010,49,44,89.80,100.00,10.20,10.20,200,0,57.0,323,57
9-2-8-13-929341930,200013,49,25,51.02,100.00,48.98,48.98,200,0,63.0,306,63
9-3-7-11-1659848677,200004,49,4,8.16,91.00,82.84,82.84,182,18,48.0,153,48
6-8-1-18-1776386068,100055,49,19,38.78,93.50,54.72,54.72,187,13,84.0,657,84
6-5-1-20-1960435117,100086,48,14,29.17,88.50,59.33,59.33,177,23,117.0,1950,117
1-1-1-20-941132065,100069,48,9,18.75,87.00,68.25,68.25,174,26,114.0,1583,114
4-4-4-13-1816371419,200010,48,31,64.58,100.00,35.42,35.42,200,0,57.0,279,57
9-6-8-9-1757761032,100081,48,25,52.08,98.50,46.42,46.42,197,3,72.0,1574,72
1-1-1-18-514859016,100070,48,25,52.08,95.00,42.92,42.92,190,10,117.0,1443,117
5-8-9-12-1194735763,100038,48,29,60.42,100.00,39.58,39.58,200,0,54.0,114,54
3-2-5-10-1251879022,100047,48,13,27.08,67.50,40.42,40.42,135,65,72.0,1423,72
3-5-8-24-594712868,400013,48,11,22.92,72.00,49.08,49.08,144,56,108.0,4752,108
7-2-4-22-550346849,400017,48,7,14.58,98.50,83.92,83.92,197,3,117.0,1164,117
5-4-1-23-1097359875,400012,48,19,39.58,99.50,59.92,59.92,199,1,108.0,1165,108
8-4-2-22-1068466910,100064,48,1,2.08,73.50,71.42,71.42,147,53,126.0,1956,126
8-8-7-18-303925069,100065,48,5,10.42,68.00,57.58,57.58,136,64,108.0,990,108
4-2-2-19-1958644992,100064,48,5,10.42,80.00,69.58,69.58,160,40,126.0,3287,126
6-9-3-15-1870534123,100013,48,10,20.83,100.00,79.17,79.17,200,0,72.0,265,72
8-8-4-18-1456468593,100063,48,19,39.58,95.50,55.92,55.92,191,9,99.0,1083,99
8-9-1-14-1489652375,100004,48,29,60.42,100.00,39.58,39.58,200,0,60.0,220,60
7-6-6-18-371643148,100069,48,12,25.00,54.00,29.00,29.00,108,92,114.0,1070,114
5-4-3-15-740697988,200010,48,17,35.42,98.00,62.58,62.58,196,4,57.0,172,57
8-8-5-18-893852440,100092,47,23,48.94,96.00,47.06,47.06,192,8,75.0,177,75
7-6-2-18-1687918530,100066,47,8,17.02,28.50,11.48,11.48,57,143,93.0,1353,93
2-8-3-12-1321326308,100074,47,25,53.19,100.00,46.81,46.81,200,0,54.0,210,54
7-9-6-16-996441935,200053,47,22,46.81,87.00,40.19,40.19,174,26,72.0,240,72
5-6-3-14-516617829,100041,47,7,14.89,40.50,25.61,25.61,81,119,72.0,287,72
8-8-1-14-752168202,200012,47,17,36.17,67.50,31.33,31.33,135,65,54.0,151,54
6-4-4-24-1038575677,100061,47,11,23.40,26.00,2.60,2.60,52,148,102.0,616,102
4-1-5-12-1329319934,100040,47,6,12.77,87.50,74.73,74.73,175,25,48.0,397,48
7-6-4-13-569203804,100079,47,22,46.81,90.00,43.19,43.19,180,20,75.0,554,75
8-5-9-16-522563735,100013,47,8,17.02,44.50,27.48,27.48,89,111,72.0,202,72
1-7-9-19-1748034012,100058,47,27,57.45,99.00,41.55,41.55,198,2,84.0,1131,84
8-1-5-20-1692658084,100084,46,10,21.74,84.00,62.26,62.26,168,32,102.0,3470,102
8-5-8-15-1897609658,100094,46,6,13.04,73.00,59.96,59.96,146,54,99.0,587,99
7-1-4-25-1182245449,100086,46,6,13.04,10.50,-2.54,2.54,21,179,117.0,1928,117
9-7-3-15-476958867,100057,46,32,69.57,100.00,30.43,30.43,200,0,72.0,733,72
9-8-9-15-1151273963,100065,46,9,19.57,88.00,68.43,68.43,176,24,108.0,1730,108
2-1-1-17-653189170,100086,46,13,28.26,81.50,53.24,53.24,163,37,117.0,2421,117
7-2-4-22-648256632,400017,46,7,15.22,58.50,43.28,43.28,117,83,117.0,1143,117
4-3-5-10-2112999450,100090,46,7,15.22,71.50,56.28,56.28,143,57,81.0,1066,81
7-8-4-13-698314584,100041,46,30,65.22,99.00,33.78,33.78,198,2,72.0,297,72
8-2-4-17-804518005,100083,46,17,36.96,99.50,62.54,62.54,199,1,90.0,792,90
7-3-4-16-582596005,100063,46,3,6.52,86.50,79.98,79.98,173,27,99.0,1149,99
8-4-6-14-316758293,200053,46,11,23.91,48.50,24.59,24.59,97,103,72.0,218,72
1-7-7-18-1596748723,100061,46,30,65.22,99.50,34.28,34.28,199,1,102.0,1692,102
9-2-6-18-581832039,100096,46,12,26.09,73.00,46.91,46.91,146,54,96.0,1893,96
2-5-5-10-25274582,100002,46,16,34.78,100.00,65.22,65.22,200,0,39.0,83,39
3-9-8-16-1984730065,100050,46,21,45.65,80.00,34.35,34.35,160,40,78.0,1153,78
8-6-8-16-610133453,100076,46,13,28.26,51.00,22.74,22.74,102,98,90.0,521,90
8-9-3-9-2053470073,100072,46,34,73.91,100.00,26.09,26.09,200,0,63.0,481,63
1-8-5-20-1009741351,400014,46,21,45.65,99.50,53.85,53.85,199,1,108.0,5462,108
8-2-4-11-1536943368,100040,46,22,47.83,100.00,52.17,52.17,200,0,48.0,212,48
7-9-8-17-1940718550,100086,46,1,2.17,6.00,3.83,3.83,12,188,117.0,2000,117
7-6-2-12-1020953671,100085,46,23,50.00,99.00,49.00,49.00,198,2,84.0,1048,84
1-8-3-19-962832697,100093,46,8,17.39,43.50,26.11,26.11,87,113,96.0,10685,96
2-8-2-14-352152015,100030,46,22,47.83,100.00,52.17,52.17,200,0,66.0,263,66
5-3-5-14-1833480305,100026,46,13,28.26,72.00,43.74,43.74,144,56,54.0,154,54
2-3-3-13-225143261,100046,46,32,69.57,89.00,19.43,19.43,178,22,57.0,157,57
8-9-1-19-159468492,100065,46,15,32.61,82.50,49.89,49.89,165,35,108.0,2079,108
1-8-8-22-425008988,100061,45,4,8.89,80.00,71.11,71.11,160,40,102.0,876,102
9-8-6-17-947275195,400011,45,7,15.56,98.00,82.44,82.44,196,4,90.0,468,90
7-8-4-10-221664681,100071,45,36,80.00,100.00,20.00,20.00,200,0,72.0,715,72
3-2-2-20-1588953140,500001,45,5,11.11,100.00,88.89,88.89,200,0,78.0,315,78
5-7-7-11-984809771,200053,45,31,68.89,99.00,30.11,30.11,198,2,72.0,432,72
5-9-6-16-1789409385,100031,45,24,53.33,85.50,32.17,32.17,171,29,60.0,128,60
7-2-3-11-649537781,100007,45,20,44.44,100.00,55.56,55.56,200,0,69.0,394,69
3-4-7-17-632810406,100076,45,2,4.44,6.00,1.56,1.56,12,188,90.0,459,90
5-8-8-10-402477798,100037,45,23,51.11,98.00,46.89,46.89,196,4,66.0,573,66
7-7-8-15-1313887087,100051,45,9,20.00,89.50,69.50,69.50,179,21,105.0,1271,105
8-5-3-18-1041610712,100092,45,32,71.11,100.00,28.89,28.89,200,0,75.0,178,75
3-8-9-19-243890054,100013,45,13,28.89,60.50,31.61,31.61,121,79,72.0,200,72
9-4-1-13-413984212,200015,45,19,42.22,100.00,57.78,57.78,200,0,54.0,272,54
5-4-5-14-1065818559,100096,45,8,17.78,95.00,77.22,77.22,190,10,96.0,1887,96
5-1-2-16-218457456,100036,45,24,53.33,91.50,38.17,38.17,183,17,90.0,711,90
7-2-4-22-195614687,400017,45,18,40.00,55.00,15.00,15.00,110,90,117.0,1071,117
5-6-4-13-315874535,100087,45,13,28.89,92.50,63.61,63.61,185,15,102.0,1816,102
3-1-4-23-817495364,400011,45,14,31.11,98.50,67.39,67.39,197,3,90.0,590,90
5-3-5-25-411542948,100052,45,0,0.00,4.00,4.00,4.00,8,192,120.0,373,120
9-1-8-16-1767960387,100043,45,25,55.56,93.50,37.94,37.94,187,13,78.0,775,78
9-5-5-17-3449703,100078,45,11,24.44,42.00,17.56,17.56,84,116,81.0,679,81
6-7-8-11-1480999523,100007,45,12,26.67,97.50,70.83,70.83,195,5,69.0,386,69
9-3-7-16-145983312,100083,45,12,26.67,85.00,58.33,58.33,170,30,90.0,705,90
4-5-3-21-1899256614,100052,45,2,4.44,69.00,64.56,64.56,138,62,120.0,623,120
8-6-1-20-1979754991,100097,45,30,66.67,100.00,33.33,33.33,200,0,84.0,382,84
9-3-5-16-1738260385,100051,45,12,26.67,65.50,38.83,38.83,131,69,105.0,1381,105
2-8-3-23-326714105,100094,45,7,15.56,86.50,70.94,70.94,173,27,99.0,507,99
2-3-1-12-1342260626,100041,45,5,11.11,96.50,85.39,85.39,193,7,72.0,379,72
8-3-7-10-427548625,100030,44,20,45.45,100.00,54.55,54.55,200,0,66.0,317,66
1-8-8-22-519892406,100075,44,14,31.82,54.00,22.18,22.18,108,92,84.0,3576,84
1-2-1-13-973835477,100088,44,23,52.27,99.50,47.23,47.23,199,1,72.0,1881,72
3-9-4-16-1364071442,100036,44,8,18.18,98.00,79.82,79.82,196,4,90.0,794,90
9-9-5-17-106206683,100076,44,14,31.82,42.50,10.68,10.68,85,115,90.0,623,90
7-1-3-13-1519869191,100066,44,14,31.82,92.50,60.68,60.68,185,15,93.0,3089,93
3-2-9-22-1683493284,100097,44,8,18.18,95.00,76.82,76.82,190,10,84.0,366,84
7-5-4-20-482633019,100070,44,5,11.36,41.00,29.64,29.64,82,118,117.0,1437,117
9-7-6-18-19287491,100089,44,9,20.45,97.00,76.55,76.55,194,6,114.0,1338,114
8-6-3-10-1139217986,200003,44,19,43.18,100.00,56.82,56.82,200,0,42.0,92,42
8-8-9-12-266732530,100096,44,8,18.18,78.00,59.82,59.82,156,44,96.0,3351,96
6-3-7-10-1399556919,100010,44,5,11.36,100.00,88.64,88.64,200,0,54.0,237,54
2-1-2-24-77865129,100064,44,12,27.27,33.50,6.23,6.23,67,133,126.0,1784,126
3-2-1-16-497779673,100087,44,8,18.18,76.50,58.32,58.32,153,47,102.0,1468,102
7-7-6-11-1903340343,100047,44,19,43.18,84.00,40.82,40.82,168,32,72.0,1234,72
9-7-8-24-1464253970,100089,44,7,15.91,29.50,13.59,13.59,59,141,114.0,854,114
1-5-9-14-132460044,100034,44,22,50.00,96.50,46.50,46.50,193,7,72.0,446,72
1-7-6-10-1778513437,100028,44,34,77.27,100.00,22.73,22.73,200,0,54.0,547,54
5-2-5-21-1346112418,100097,44,24,54.55,78.50,23.95,23.95,157,43,84.0,350,84
1-3-8-17-623743431,100005,44,26,59.09,93.00,33.91,33.91,186,14,66.0,179,66
7-5-4-19-323923518,100085,44,29,65.91,95.00,29.09,29.09,190,10,84.0,418,84
8-1-8-22-1819917771,100055,44,17,38.64,45.50,6.86,6.86,91,109,84.0,454,84
7-8-6-12-717594132,100066,44,11,25.00,98.00,73.00,73.00,196,4,93.0,2733,93
7-9-6-16-447811628,200053,44,22,50.00,94.00,44.00,44.00,188,12,72.0,222,72
7-4-4-17-954746658,100069,44,11,25.00,44.00,19.00,19.00,88,112,114.0,1626,114
7-3-8-23-1294047800,100052,43,12,27.91,46.00,18.09,18.09,92,108,120.0,582,120
6-3-1-22-42999087,100069,43,7,16.28,91.50,75.22,75.22,183,17,114.0,2161,114
9-5-5-11-831381695,100048,43,30,69.77,99.50,29.73,29.73,199,1,66.0,653,66
7-4-5-20-91094883,100051,43,16,37.21,40.50,3.29,3.29,81,119,105.0,1031,105
5-3-1-15-1140180226,100005,43,6,13.95,34.00,20.05,20.05,68,132,66.0,220,66
8-9-8-9-571086422,200013,43,29,67.44,100.00,32.56,32.56,200,0,63.0,316,63
3-1-1-23-2000007170,100089,43,18,41.86,50.00,8.14,8.14,100,100,114.0,1699,114
1-1-2-19-596974510,100050,43,19,44.19,99.50,55.31,55.31,199,1,78.0,763,78
9-4-6-20-523736463,100064,43,1,2.33,4.50,2.17,2.17,9,191,126.0,2004,126
6-1-8-18-374559711,100067,43,5,11.63,31.50,19.87,19.87,63,137,90.0,1357,90
4-5-7-14-759374248,100048,43,5,11.63,34.00,22.37,22.37,68,132,66.0,516,66
3-4-7-17-1564881714,100078,43,2,4.65,7.50,2.85,2.85,15,185,81.0,771,81
3-8-8-10-2011418724,200004,43,19,44.19,70.00,25.81,25.81,140,60,48.0,182,48
4-7-3-21-1472456499,100060,43,9,20.93,61.50,40.57,40.57,123,77,84.0,499,84
7-3-7-13-1582417773,200012,43,13,30.23,98.00,67.77,67.77,196,4,54.0,207,54
6-7-6-13-886754627,100094,43,14,32.56,84.00,51.44,51.44,168,32,99.0,796,99
3-9-9-16-1653119963,100013,43,19,44.19,91.00,46.81,46.81,182,18,72.0,362,72
7-2-4-22-1835879631,400017,43,19,44.19,96.50,52.31,52.31,193,7,117.0,1145,117
8-9-8-13-1517492164,100081,43,11,25.58,91.00,65.42,65.42,182,18,72.0,814,72
2-2-7-13-1124394731,100056,42,30,71.43,100.00,28.57,28.57,200,0,54.0,545,54
4-2-1-24-1605797979,100069,42,4,9.52,47.00,37.48,37.48,94,106,114.0,2183,114
8-6-2-15-1789932792,100066,42,10,23.81,94.00,70.19,70.19,188,12,93.0,2271,93
4-1-8-19-1866622107,100078,42,33,78.57,100.00,21.43,21.43,200,0,81.0,1303,81
7-2-4-22-1043102161,400017,42,16,38.10,76.00,37.90,37.90,152,48,117.0,926,117
1-7-5-20-2002308593,100085,42,9,21.43,24.50,3.07,3.07,49,151,84.0,570,84
7-3-1-18-1397428994,100007,42,34,80.95,99.50,18.55,18.55,199,1,69.0,259,69
1-7-3-18-438727403,100067,42,14,33.33,100.00,66.67,66.67,200,0,90.0,3067,90
8-3-9-11-1948587022,200003,42,26,61.90,100.00,38.10,38.10,200,0,42.0,92,42
1-6-2-19-872142448,100075,42,19,45.24,91.50,46.26,46.26,183,17,84.0,2447,84
5-8-2-15-128612901,200007,42,9,21.43,99.00,77.57,77.57,198,2,57.0,146,57
8-9-4-7-920910832,100040,42,19,45.24,98.00,52.76,52.76,196,4,48.0,378,48
9-3-9-10-1599476870,100023,42,23,54.76,95.50,40.74,40.74,191,9,54.0,297,54
9-4-2-10-1304913923,100088,42,28,66.67,81.50,14.83,14.83,163,37,72.0,1864,72
1-9-8-21-1831009499,100051,42,6,14.29,87.50,73.21,73.21,175,25,105.0,1571,105
7-6-1-18-1662327081,100084,42,19,45.24,88.50,43.26,43.26,177,23,102.0,3913,102
1-7-4-18-795191180,100067,42,16,38.10,99.50,61.40,61.40,199,1,90.0,2438,90
7-1-3-20-1108920896,100095,42,20,47.62,98.50,50.88,50.88,197,3,90.0,746,90
9-9-5-8-818929959,200012,42,16,38.10,100.00,61.90,61.90,200,0,54.0,218,54
1-4-2-16-1715498761,100067,42,9,21.43,90.00,68.57,68.57,180,20,90.0,3111,90
9-7-6-15-907942447,100036,42,16,38.10,99.50,61.40,61.40,199,1,90.0,627,90
2-3-9-14-445465265,100010,42,4,9.52,53.50,43.98,43.98,107,93,54.0,151,54
1-3-2-15-2041196063,100059,42,20,47.62,69.50,21.88,21.88,139,61,81.0,1007,81
3-1-7-14-1025492745,100074,42,24,57.14,98.00,40.86,40.86,196,4,54.0,163,54
5-3-1-16-2136860269,100076,41,15,36.59,94.50,57.91,57.91,189,11,90.0,731,90
3-2-2-22-645215549,100095,41,18,43.90,50.50,6.60,6.60,101,99,90.0,301,90
6-6-1-13-1356601765,200024,41,21,51.22,95.50,44.28,44.28,191,9,72.0,283,72
9-2-2-10-2137116918,100037,41,19,46.34,96.50,50.16,50.16,193,7,66.0,468,66
9-9-4-12-609770523,200004,41,6,14.63,100.00,85.37,85.37,200,0,48.0,114,48
5-3-1-16-1743678366,100076,41,9,21.95,99.50,77.55,77.55,199,1,90.0,780,90
7-4-4-22-1008909083,100070,41,6,14.63,24.00,9.37,9.37,48,152,117.0,1313,117
6-9-1-23-883504785,400012,41,14,34.15,95.00,60.85,60.85,190,10,108.0,1258,108
3-4-1-25-1001889894,100086,41,8,19.51,94.00,74.49,74.49,188,12,117.0,2171,117
3-2-2-20-1146367750,500001,41,3,7.32,100.00,92.68,92.68,200,0,78.0,271,78
9-9-9-18-840172007,100061,41,2,4.88,12.50,7.62,7.62,25,175,102.0,717,102
3-3-5-25-1241202641,100052,41,0,0.00,6.00,6.00,6.00,12,188,120.0,749,120
4-4-4-24-116374775,100061,41,6,14.63,41.50,26.87,26.87,83,117,102.0,505,102
7-9-9-14-968051945,200015,41,5,12.20,7.50,-4.70,4.70,15,185,54.0,179,54
1-7-8-20-875046130,100060,41,12,29.27,90.00,60.73,60.73,180,20,84.0,532,84
9-7-4-15-1455720294,100055,41,14,34.15,91.00,56.85,56.85,182,18,84.0,694,84
9-4-7-20-1851013418,100087,41,8,19.51,52.00,32.49,32.49,104,96,102.0,1170,102
7-9-2-16-75918250,100093,41,11,26.83,77.00,50.17,50.17,154,46,96.0,13765,96
3-5-8-24-713542175,400013,41,20,48.78,97.50,48.72,48.72,195,5,108.0,5723,108
7-1-7-18-121232535,100058,41,6,14.63,94.00,79.37,79.37,188,12,84.0,965,84
7-2-4-22-746119697,400017,41,17,41.46,99.50,58.04,58.04,199,1,117.0,1041,117
6-8-2-19-611148871,100065,41,9,21.95,95.00,73.05,73.05,190,10,108.0,1345,108
1-3-2-12-1535111437,100023,41,34,82.93,100.00,17.07,17.07,200,0,54.0,342,54
3-2-2-18-979264904,100086,41,9,21.95,39.50,17.55,17.55,79,121,117.0,2204,117
4-3-2-12-790624918,200012,40,17,42.50,66.50,24.00,24.00,133,67,54.0,145,54
5-3-1-15-1866636430,100005,40,6,15.00,36.00,21.00,21.00,72,128,66.0,229,66
4-6-2-18-1742633517,100043,40,16,40.00,47.00,7.00,7.00,94,106,78.0,257,78
7-5-1-14-784987940,100066,40,5,12.50,81.00,68.50,68.50,162,38,93.0,2926,93
8-7-3-14-748758907,100096,40,15,37.50,86.00,48.50,48.50,172,28,96.0,1643,96
2-3-1-12-1486814933,100041,40,4,10.00,99.00,89.00,89.00,198,2,72.0,364,72
7-6-2-18-1438377727,100066,40,9,22.50,41.00,18.50,18.50,82,118,93.0,1972,93
3-9-5-20-1864416094,100092,40,14,35.00,71.00,36.00,36.00,142,58,75.0,167,75
7-3-7-12-264734437,200010,40,25,62.50,100.00,37.50,37.50,200,0,57.0,271,57
7-7-1-21-924563394,100055,40,7,17.50,96.00,78.50,78.50,192,8,84.0,573,84
8-5-2-14-404552131,100055,40,14,35.00,97.50,62.50,62.50,195,5,84.0,609,84
8-6-7-15-472893482,100046,40,12,30.00,59.50,29.50,29.50,119,81,57.0,105,57
6-6-4-21-986849664,100065,40,1,2.50,11.50,9.00,9.00,23,177,108.0,625,108
8-8-6-12-869216574,100075,40,12,30.00,99.00,69.00,69.00,198,2,84.0,4046,84
7-4-8-11-1063709929,100028,40,17,42.50,98.50,56.00,56.00,197,3,54.0,197,54
5-2-3-15-1209120436,100004,40,2,5.00,95.00,90.00,90.00,190,10,60.0,195,60
1-9-5-13-2054682777,100075,40,8,20.00,95.00,75.00,75.00,190,10,84.0,7033,84
7-2-1-17-2117758713,100081,40,13,32.50,84.00,51.50,51.50,168,32,72.0,780,72
7-4-5-9-98674724,100020,40,29,72.50,100.00,27.50,27.50,200,0,66.0,304,66
7-6-5-22-299437363,100063,40,3,7.50,75.00,67.50,67.50,150,50,99.0,736,99
8-6-4-14-305765992,200010,40,4,10.00,32.00,22.00,22.00,64,136,57.0,133,57
6-9-8-22-920032721,100052,40,10,25.00,79.00,54.00,54.00,158,42,120.0,608,120
6-2-2-17-1944454644,100071,40,6,15.00,44.50,29.50,29.50,89,111,72.0,442,72
7-5-6-12-2079953986,200012,40,4,10.00,100.00,90.00,90.00,200,0,54.0,155,54
7-4-2-17-1572764613,100065,40,10,25.00,98.50,73.50,73.50,197,3,108.0,1684,108
7-9-4-19-419087167,100034,40,29,72.50,95.00,22.50,22.50,190,10,72.0,161,72
5-1-2-23-888208792,100063,40,10,25.00,88.50,63.50,63.50,177,23,99.0,1036,99
5-2-4-21-1100357153,100070,40,13,32.50,52.00,19.50,19.50,104,96,117.0,2661,117
6-3-1-22-831471909,100084,40,0,0.00,14.00,14.00,14.00,28,172,102.0,3056,102
8-9-1-22-1617797329,100095,40,14,35.00,68.00,33.00,33.00,136,64,90.0,597,90
5-4-3-14-293252769,100087,39,15,38.46,99.50,61.04,61.04,199,1,102.0,2014,102
7-4-7-17-1217331915,100083,39,17,43.59,44.50,0.91,0.91,89,111,90.0,465,90
9-6-6-5-1112245354,100009,39,24,61.54,100.00,38.46,38.46,200,0,42.0,146,42
7-4-2-12-299618590,200015,39,20,51.28,99.50,48.22,48.22,199,1,54.0,303,54
3-8-3-25-1579191125,400017,39,0,0.00,2.50,2.50,2.50,5,195,117.0,341,117
9-9-4-15-492051665,200007,39,4,10.26,90.50,80.24,80.24,181,19,57.0,174,57
8-2-6-12-120075173,100081,39,26,66.67,80.00,13.33,13.33,160,40,72.0,1177,72
7-3-3-9-1715750301,100056,39,38,97.44,100.00,2.56,2.56,200,0,54.0,494,54
9-4-9-22-1938044224,100089,39,18,46.15,74.50,28.35,28.35,149,51,114.0,1203,114
7-6-4-20-1956448995,100064,39,7,17.95,81.50,63.55,63.55,163,37,126.0,2165,126
8-7-5-23-2066099352,400015,39,11,28.21,33.00,4.79,4.79,66,134,90.0,547,90
3-4-2-16-1331274049,100051,39,8,20.51,81.50,60.99,60.99,163,37,105.0,1816,105
3-9-3-8-1990260415,200015,39,18,46.15,100.00,53.85,53.85,200,0,54.0,403,54
7-6-2-23-1165608010,100086,39,14,35.90,73.50,37.60,37.60,147,53,117.0,2269,117
9-7-3-15-1746867802,100057,39,10,25.64,91.50,65.86,65.86,183,17,72.0,601,72
1-6-5-17-1978254063,100088,39,16,41.03,37.50,-3.53,3.53,75,125,72.0,1926,72
3-3-9-12-62011593,100038,39,18,46.15,95.00,48.85,48.85,190,10,54.0,127,54
5-1-2-16-907418908,100043,39,16,41.03,97.00,55.97,55.97,194,6,78.0,723,78
3-5-9-8-761190358,100008,39,18,46.15,100.00,53.85,53.85,200,0,42.0,129,42
6-6-3-13-2134383045,100041,39,8,20.51,95.50,74.99,74.99,191,9,72.0,356,72
5-2-8-6-1198933067,100040,39,18,46.15,100.00,53.85,53.85,200,0,48.0,468,48
2-5-7-12-252446328,100026,39,3,7.69,100.00,92.31,92.31,200,0,54.0,200,54
8-8-2-14-310984508,100047,39,21,53.85,98.50,44.65,44.65,197,3,72.0,1701,72
3-6-8-11-1322950358,100010,39,16,41.03,97.50,56.47,56.47,195,5,54.0,181,54
5-9-9-12-1343936231,200004,38,7,18.42,99.50,81.08,81.08,199,1,48.0,145,48
4-4-3-19-1972078538,100052,38,4,10.53,69.50,58.97,58.97,139,61,120.0,891,120
2-8-4-8-580850989,100037,38,19,50.00,100.00,50.00,50.00,200,0,66.0,550,66
6-6-2-17-223949725,100030,38,4,10.53,2.50,-8.03,8.03,5,195,66.0,158,66
9-4-1-16-1291129229,100093,38,5,13.16,64.50,51.34,51.34,129,71,96.0,19770,96
3-7-5-17-2028050920,100097,38,14,36.84,98.00,61.16,61.16,196,4,84.0,369,84
8-8-1-21-1324745189,100083,38,23,60.53,79.00,18.47,18.47,158,42,90.0,548,90
1-6-4-20-1191575790,100087,38,7,18.42,94.00,75.58,75.58,188,12,102.0,1781,102
7-5-3-21-1914250652,100070,38,5,13.16,34.50,21.34,21.34,69,131,117.0,2530,117
8-9-1-22-724902469,100095,38,10,26.32,84.00,57.68,57.68,168,32,90.0,584,90
3-5-4-15-954366432,100021,38,2,5.26,99.00,93.74,93.74,198,2,72.0,340,72
5-8-5-12-1161587161,100030,38,18,47.37,93.50,46.13,46.13,187,13,66.0,224,66
5-4-9-18-157693193,400011,38,6,15.79,53.50,37.71,37.71,107,93,90.0,705,90
7-4-4-15-479703653,100065,38,11,28.95,99.50,70.55,70.55,199,1,108.0,1532,108
8-9-8-15-839491737,100031,38,5,13.16,52.50,39.34,39.34,105,95,60.0,133,60
9-8-6-17-913120523,400011,38,7,18.42,96.00,77.58,77.58,192,8,90.0,420,90
4-2-2-22-632030400,100064,38,4,10.53,22.00,11.47,11.47,44,156,126.0,2773,126
3-7-9-19-85486794,200024,38,7,18.42,27.00,8.58,8.58,54,146,72.0,143,72
8-4-5-21-1670714105,100052,38,3,7.89,93.50,85.61,85.61,187,13,120.0,594,120
7-5-5-21-1055342347,100076,38,4,10.53,20.50,9.97,9.97,41,159,90.0,300,90
8-5-1-20-1577001042,100063,38,16,42.11,90.00,47.89,47.89,180,20,99.0,1279,99
1-1-1-12-179053345,100058,38,2,5.26,69.50,64.24,64.24,139,61,84.0,970,84
9-5-8-18-1710555345,100071,38,11,28.95,64.50,35.55,35.55,129,71,72.0,383,72
1-6-8-14-1573841167,200007,38,4,10.53,93.00,82.47,82.47,186,14,57.0,231,57
7-8-2-13-1344040327,100048,38,24,63.16,92.00,28.84,28.84,184,16,66.0,563,66
1-5-7-16-847692244,100079,38,26,68.42,97.50,29.08,29.08,195,5,75.0,868,75
6-6-3-24-720921534,100052,38,6,15.79,92.50,76.71,76.71,185,15,120.0,547,120
7-2-4-17-1484195914,100090,38,8,21.05,63.00,41.95,41.95,126,74,81.0,829,81
6-3-1-16-1755971924,200024,38,10,26.32,32.50,6.18,6.18,65,135,72.0,159,72
6-3-2-20-1941244455,100064,38,6,15.79,91.00,75.21,75.21,182,18,126.0,2337,126
4-7-2-20-158617054,400012,38,1,2.63,87.50,84.87,84.87,175,25,108.0,1221,108
5-4-5-21-234667303,400012,38,3,7.89,18.50,10.61,10.61,37,163,108.0,779,108
2-2-2-12-883662776,200004,38,4,10.53,59.50,48.97,48.97,119,81,48.0,100,48
1-2-7-12-1889600474,200015,38,11,28.95,99.50,70.55,70.55,199,1,54.0,332,54
7-2-4-22-404954671,400017,38,12,31.58,71.50,39.92,39.92,143,57,117.0,1142,117
7-6-9-15-1901427908,100013,37,27,72.97,95.50,22.53,22.53,191,9,72.0,301,72
8-7-3-14-864570833,100096,37,3,8.11,95.50,87.39,87.39,191,9,96.0,1856,96
4-1-1-20-1000187356,100093,37,13,35.14,86.00,50.86,50.86,172,28,96.0,21694,96
7-6-2-14-2114824289,100066,37,17,45.95,95.50,49.55,49.55,191,9,93.0,2746,93
6-1-4-23-1393866471,100051,37,4,10.81,60.50,49.69,49.69,121,79,105.0,1048,105
7-7-2-17-626789297,100090,37,4,10.81,13.50,2.69,2.69,27,173,81.0,578,81
6-9-3-15-551966248,100013,37,8,21.62,100.00,78.38,78.38,200,0,72.0,283,72
3-1-8-11-1314119981,200003,37,4,10.81,95.00,84.19,84.19,190,10,42.0,91,42
7-2-4-22-1091080930,400017,37,9,24.32,97.50,73.18,73.18,195,5,117.0,1154,117
5-7-7-11-184404038,200053,37,15,40.54,99.50,58.96,58.96,199,1,72.0,468,72
7-6-9-10-960595097,100088,37,18,48.65,98.00,49.35,49.35,196,4,72.0,1431,72
9-4-6-24-1754075368,100061,37,5,13.51,40.50,26.99,26.99,81,119,102.0,819,102
8-6-4-14-1866807496,200010,37,16,43.24,77.50,34.26,34.26,155,45,57.0,148,57
5-5-4-14-2123627567,200015,37,10,27.03,87.00,59.97,59.97,174,26,54.0,166,54
7-3-1-18-1807924903,100007,37,32,86.49,97.00,10.51,10.51,194,6,69.0,247,69
1-7-2-19-1260905438,100078,37,8,21.62,79.00,57.38,57.38,158,42,81.0,962,81
2-3-2-12-2003794828,200004,37,11,29.73,99.00,69.27,69.27,198,2,48.0,117,48
9-7-8-17-700656341,100051,37,1,2.70,17.50,14.80,14.80,35,165,105.0,901,105
3-7-2-21-1016133840,400013,37,5,13.51,17.50,3.99,3.99,35,165,108.0,3977,108
9-7-1-20-108319232,100036,37,12,32.43,96.50,64.07,64.07,193,7,90.0,672,90
5-1-9-20-755779060,100097,37,6,16.22,92.00,75.78,75.78,184,16,84.0,435,84
3-1-3-19-251355652,100021,37,10,27.03,100.00,72.97,72.97,200,0,72.0,328,72
8-5-6-14-1544052034,400014,37,17,45.95,100.00,54.05,54.05,200,0,108.0,3621,108
2-8-5-14-1010038930,100016,37,16,43.24,99.50,56.26,56.26,199,1,66.0,275,66
1-9-3-13-1814968741,100037,37,24,64.86,97.50,32.64,32.64,195,5,66.0,540,66
2-9-7-21-621258912,100036,37,16,43.24,60.00,16.76,16.76,120,80,90.0,877,90
5-7-3-9-2010000762,200007,37,19,51.35,99.50,48.15,48.15,199,1,57.0,282,57
8-4-9-23-861015432,100089,37,8,21.62,61.00,39.38,39.38,122,78,114.0,1909,114
7-4-4-14-317513225,400013,37,8,21.62,28.00,6.38,6.38,56,144,108.0,5794,108
8-6-6-12-865156249,100083,37,18,48.65,95.00,46.35,46.35,190,10,90.0,905,90
7-5-5-19-1473739626,100064,37,3,8.11,49.50,41.39,41.39,99,101,126.0,2301,126
6-2-3-17-1364202125,100066,37,2,5.41,31.50,26.09,26.09,63,137,93.0,2388,93
8-7-2-21-110772490,100061,37,3,8.11,84.00,75.89,75.89,168,32,102.0,1130,102
6-3-7-10-780194046,100010,37,4,10.81,100.00,89.19,89.19,200,0,54.0,252,54
7-3-6-14-243347233,100094,37,9,24.32,19.00,-5.32,5.32,38,162,99.0,602,99
7-4-5-11-2138676846,100047,37,10,27.03,59.50,32.47,32.47,119,81,72.0,963,72
7-8-4-13-1350486190,100085,37,15,40.54,100.00,59.46,59.46,200,0,84.0,562,84
9-5-8-11-300648484,200007,37,16,43.24,96.50,53.26,53.26,193,7,57.0,197,57
1-6-4-16-486393124,100059,37,7,18.92,34.50,15.58,15.58,69,131,81.0,665,81
3-8-6-12-1165098201,100010,37,17,45.95,100.00,54.05,54.05,200,0,54.0,192,54
5-9-2-10-1846609357,100002,36,18,50.00,100.00,50.00,50.00,200,0,39.0,70,39
9-4-3-19-1129445632,100058,36,8,22.22,26.50,4.28,4.28,53,147,84.0,828,84
5-9-5-12-233642972,100020,36,8,22.22,95.50,73.28,73.28,191,9,66.0,208,66
9-6-4-23-1141131179,100064,36,5,13.89,31.00,17.11,17.11,62,138,126.0,1625,126
9-4-9-9-1145315869,200003,36,19,52.78,100.00,47.22,47.22,200,0,42.0,92,42
3-2-8-11-1845173820,200004,36,8,22.22,100.00,77.78,77.78,200,0,48.0,164,48
8-4-6-14-124351807,200053,36,5,13.89,21.50,7.61,7.61,43,157,72.0,331,72
3-9-7-9-1007326848,100035,36,12,33.33,95.00,61.67,61.67,190,10,54.0,202,54
9-3-7-16-1802987658,100057,36,6,16.67,12.50,-4.17,4.17,25,175,72.0,491,72
3-2-2-20-170187332,500001,36,5,13.89,99.00,85.11,85.11,198,2,78.0,309,78
4-7-7-20-151472887,100094,36,6,16.67,59.50,42.83,42.83,119,81,99.0,652,99
2-5-7-12-776040775,100026,36,6,16.67,100.00,83.33,83.33,200,0,54.0,181,54
6-1-3-24-1826962225,100051,36,1,2.78,85.50,82.72,82.72,171,29,105.0,1093,105
1-1-2-25-716225519,100094,36,20,55.56,99.50,43.94,43.94,199,1,99.0,703,99
2-3-1-12-842380112,100041,36,6,16.67,99.50,82.83,82.83,199,1,72.0,377,72
9-9-1-14-79453323,200015,36,2,5.56,94.00,88.44,88.44,188,12,54.0,209,54
6-4-2-19-903166238,100083,36,15,41.67,93.50,51.83,51.83,187,13,90.0,916,90
3-8-6-14-970008977,400015,36,13,36.11,100.00,63.89,63.89,200,0,90.0,902,90
7-4-7-12-1281550581,100034,36,25,69.44,100.00,30.56,30.56,200,0,72.0,317,72
8-6-1-17-812988118,100087,36,16,44.44,95.00,50.56,50.56,190,10,102.0,1322,102
2-1-4-11-609383589,100037,36,26,72.22,98.00,25.78,25.78,196,4,66.0,451,66
1-5-8-17-17221174,400015,36,20,55.56,64.00,8.44,8.44,128,72,90.0,1099,90
7-3-3-14-1663789729,100093,36,2,5.56,61.00,55.44,55.44,122,78,96.0,19184,96
5-8-6-14-2054223066,100071,36,15,41.67,97.50,55.83,55.83,195,5,72.0,369,72
7-4-6-14-1663096340,100096,36,6,16.67,92.50,75.83,75.83,185,15,96.0,1450,96
4-4-1-24-429689364,100061,36,4,11.11,87.50,76.39,76.39,175,25,102.0,926,102
7-2-1-15-521750425,100090,36,14,38.89,90.00,51.11,51.11,180,20,81.0,953,81
1-8-4-17-1429981938,100075,36,16,44.44,86.00,41.56,41.56,172,28,84.0,3475,84
3-3-9-12-1794793171,100038,36,28,77.78,99.50,21.72,21.72,199,1,54.0,155,54
2-7-5-23-1934633852,400017,35,3,8.57,86.00,77.43,77.43,172,28,117.0,1078,117
5-1-6-13-1682700404,100080,35,23,65.71,99.50,33.79,33.79,199,1,69.0,847,69
3-3-5-13-766439031,100020,35,16,45.71,58.00,12.29,12.29,116,84,66.0,191,66
3-6-5-16-1477569200,100004,35,12,34.29,75.00,40.71,40.71,150,50,60.0,130,60
9-8-3-15-1940095688,100067,35,8,22.86,93.50,70.64,70.64,187,13,90.0,1834,90
8-4-4-18-829877747,400017,35,15,42.86,79.00,36.14,36.14,158,42,117.0,760,117
1-4-5-19-1309573802,100058,35,11,31.43,99.00,67.57,67.57,198,2,84.0,1765,84
7-5-4-14-1651955829,100087,35,8,22.86,88.00,65.14,65.14,176,24,102.0,1724,102
1-5-4-24-99032498,100096,35,9,25.71,92.50,66.79,66.79,185,15,96.0,2524,96
6-2-2-17-1192023236,100071,35,16,45.71,55.00,9.29,9.29,110,90,72.0,407,72
7-5-6-16-317243987,100004,35,5,14.29,98.00,83.71,83.71,196,4,60.0,159,60
7-6-2-17-822058577,100051,35,1,2.86,97.00,94.14,94.14,194,6,105.0,1388,105
5-5-1-13-410382060,100016,35,29,82.86,100.00,17.14,17.14,200,0,66.0,432,66
9-9-8-7-1112473577,200003,35,22,62.86,100.00,37.14,37.14,200,0,42.0,123,42
3-3-1-21-1239076765,100095,35,15,42.86,81.00,38.14,38.14,162,38,90.0,485,90
2-4-2-9-1894761848,200015,35,6,17.14,99.50,82.36,82.36,199,1,54.0,413,54
9-8-6-17-1133946181,400011,35,25,71.43,94.50,23.07,23.07,189,11,90.0,517,90
4-4-8-22-859912609,100070,35,7,20.00,31.50,11.50,11.50,63,137,117.0,1260,117
7-9-8-17-207637232,100007,35,11,31.43,73.00,41.57,41.57,146,54,69.0,239,69
7-2-1-15-326601220,100090,35,9,25.71,73.00,47.29,47.29,146,54,81.0,1282,81
2-7-9-19-511668835,100050,35,11,31.43,89.00,57.57,57.57,178,22,78.0,828,78
7-5-5-13-232187360,100063,35,5,14.29,95.50,81.21,81.21,191,9,99.0,1335,99
2-1-7-16-407412054,100020,35,18,51.43,95.50,44.07,44.07,191,9,66.0,288,66
9-9-4-12-2038298874,200004,35,12,34.29,100.00,65.71,65.71,200,0,48.0,124,48
5-8-4-18-222453048,100076,35,7,20.00,45.00,25.00,25.00,90,110,90.0,398,90
1-4-2-24-728577385,100067,35,8,22.86,88.00,65.14,65.14,176,24,90.0,1944,90
2-3-6-10-1382696563,100074,35,22,62.86,99.50,36.64,36.64,199,1,54.0,187,54
6-5-4-13-143913882,100072,35,12,34.29,62.50,28.21,28.21,125,75,63.0,289,63
6-7-2-13-204986873,100090,35,8,22.86,68.50,45.64,45.64,137,63,81.0,814,81
6-3-5-10-24650027,100057,34,18,52.94,99.50,46.56,46.56,199,1,72.0,676,72
2-7-3-18-2070020123,100041,34,12,35.29,68.50,33.21,33.21,137,63,72.0,236,72
1-1-1-12-855767370,100058,34,1,2.94,100.00,97.06,97.06,200,0,84.0,989,84
1-6-3-25-2102689413,100096,34,0,0.00,11.00,11.00,11.00,22,178,96.0,1021,96
9-8-6-17-649914237,400011,34,9,26.47,94.50,68.03,68.03,189,11,90.0,501,90
4-6-3-19-1254176995,100089,34,2,5.88,88.00,82.12,82.12,176,24,114.0,1148,114
6-7-7-18-738606209,400013,34,8,23.53,44.00,20.47,20.47,88,112,108.0,3498,108
8-3-2-13-1163893428,100007,34,8,23.53,31.00,7.47,7.47,62,138,69.0,278,69
5-3-1-16-1009368223,100076,34,10,29.41,99.50,70.09,70.09,199,1,90.0,690,90
2-8-3-10-1102713742,100010,34,9,26.47,100.00,73.53,73.53,200,0,54.0,218,54
8-8-6-13-224093094,100030,34,7,20.59,32.50,11.91,11.91,65,135,66.0,172,66
9-8-7-20-116114749,100089,34,11,32.35,93.50,61.15,61.15,187,13,114.0,1114,114
8-6-8-16-691516637,100096,34,4,11.76,41.50,29.74,29.74,83,117,96.0,1321,96
8-9-8-15-1203394551,100063,34,3,8.82,94.00,85.18,85.18,188,12,99.0,1116,99
8-1-8-16-394112336,100060,34,10,29.41,62.00,32.59,32.59,124,76,84.0,760,84
9-1-7-12-851593981,100072,34,19,55.88,100.00,44.12,44.12,200,0,63.0,613,63
5-3-1-15-1377228655,100005,34,9,26.47,30.00,3.53,3.53,60,140,66.0,231,66
1-7-4-19-389242898,100051,34,5,14.71,69.50,54.79,54.79,139,61,105.0,1720,105
7-6-9-13-1695208595,100067,34,4,11.76,24.00,12.24,12.24,48,152,90.0,1809,90
5-6-3-14-1434780852,100034,34,14,41.18,39.00,-2.18,2.18,78,122,72.0,226,72
7-1-3-16-1346641206,200024,34,14,41.18,95.50,54.32,54.32,191,9,72.0,228,72
5-4-9-10-104921834,100072,34,15,44.12,100.00,55.88,55.88,200,0,63.0,467,63
3-4-8-22-1388751293,100097,34,11,32.35,100.00,67.65,67.65,200,0,84.0,349,84
2-5-7-13-1851722368,100037,34,12,35.29,81.50,46.21,46.21,163,37,66.0,236,66
4-3-2-15-621315393,400015,34,17,50.00,79.50,29.50,29.50,159,41,90.0,726,90
7-8-1-19-1445390367,100084,34,3,8.82,20.00,11.18,11.18,40,160,102.0,3374,102
8-7-2-20-1253089590,100050,34,6,17.65,54.50,36.85,36.85,109,91,78.0,776,78
1-1-1-19-1542236411,100070,34,6,17.65,58.00,40.35,40.35,116,84,117.0,1508,117
9-4-9-13-2029051964,100034,34,10,29.41,82.00,52.59,52.59,164,36,72.0,417,72
8-3-7-14-1410686904,100067,34,3,8.82,25.50,16.68,16.68,51,149,90.0,1699,90
9-3-1-7-1221672971,200012,34,21,61.76,100.00,38.24,38.24,200,0,54.0,1455,54
4-7-2-20-1292375942,400012,34,11,32.35,100.00,67.65,67.65,200,0,108.0,1754,108
7-6-9-19-275710547,100061,34,4,11.76,91.50,79.74,79.74,183,17,102.0,1663,102
9-6-5-11-563373739,100058,33,2,6.06,82.50,76.44,76.44,165,35,84.0,2671,84
1-8-8-24-370257244,100083,33,9,27.27,91.00,63.73,63.73,182,18,90.0,846,90
5-2-3-20-1618965219,400015,33,9,27.27,96.00,68.73,68.73,192,8,90.0,582,90
1-7-2-23-1046974437,100083,33,15,45.45,79.00,33.55,33.55,158,42,90.0,972,90
4-1-1-15-1646441945,100094,33,23,69.70,100.00,30.30,30.30,200,0,99.0,990,99
6-4-5-17-497182006,100058,33,0,0.00,97.50,97.50,97.50,195,5,84.0,666,84
9-6-5-13-208907979,100023,33,16,48.48,99.50,51.02,51.02,199,1,54.0,156,54
2-9-8-17-1040266033,100020,33,4,12.12,67.50,55.38,55.38,135,65,66.0,180,66
3-1-2-14-1454570218,100026,33,6,18.18,100.00,81.82,81.82,200,0,54.0,149,54
6-4-1-14-1716564079,100033,33,21,63.64,99.50,35.86,35.86,199,1,60.0,330,60
7-8-8-16-2092787645,100078,33,18,54.55,97.00,42.45,42.45,194,6,81.0,1191,81
5-4-2-21-1002922497,100086,33,12,36.36,52.00,15.64,15.64,104,96,117.0,3850,117
8-9-6-12-1415618242,100034,33,8,24.24,97.50,73.26,73.26,195,5,72.0,261,72
5-6-9-20-1874063832,100092,33,19,57.58,66.00,8.42,8.42,132,68,75.0,161,75
8-9-4-10-2090048612,200004,33,15,45.45,99.50,54.05,54.05,199,1,48.0,218,48
5-9-6-16-1638211042,100031,33,10,30.30,99.00,68.70,68.70,198,2,60.0,153,60
7-3-3-15-1590397164,100079,33,25,75.76,97.50,21.74,21.74,195,5,75.0,532,75
1-2-8-17-346134271,100016,33,16,48.48,100.00,51.52,51.52,200,0,66.0,638,66
8-7-9-20-863755005,400017,33,4,12.12,83.50,71.38,71.38,167,33,117.0,888,117
7-6-5-20-237427231,100070,33,2,6.06,92.00,85.94,85.94,184,16,117.0,1205,117
8-8-4-13-1690045375,100026,33,9,27.27,100.00,72.73,72.73,200,0,54.0,125,54
8-5-7-12-1112632697,200004,33,5,15.15,96.50,81.35,81.35,193,7,48.0,118,48
5-5-1-14-170471254,100058,33,8,24.24,36.50,12.26,12.26,73,127,84.0,1273,84
9-5-7-15-792181840,100016,33,27,81.82,97.50,15.68,15.68,195,5,66.0,238,66
9-4-8-24-963698296,400017,33,3,9.09,3.50,-5.59,5.59,7,193,117.0,406,117
9-9-4-17-1916176673,100061,33,1,3.03,88.00,84.97,84.97,176,24,102.0,969,102
6-7-4-19-631341432,100052,33,6,18.18,100.00,81.82,81.82,200,0,120.0,956,120
6-2-1-16-1908931753,100007,33,9,27.27,100.00,72.73,72.73,200,0,69.0,321,69
9-1-3-15-1268277649,100041,33,13,39.39,90.50,51.11,51.11,181,19,72.0,537,72
2-9-9-14-2092347442,100028,33,9,27.27,99.50,72.23,72.23,199,1,54.0,226,54
3-4-2-10-1273698812,100059,33,12,36.36,92.50,56.14,56.14,185,15,81.0,968,81
4-7-2-19-2134081383,100060,33,3,9.09,59.50,50.41,50.41,119,81,84.0,493,84
9-2-9-23-1108310874,100095,33,9,27.27,86.00,58.73,58.73,172,28,90.0,508,90
1-8-4-19-658290476,100081,33,21,63.64,78.50,14.86,14.86,157,43,72.0,815,72
7-4-4-14-442573708,100066,33,10,30.30,80.50,50.20,50.20,161,39,93.0,3055,93
1-7-5-14-981923674,100088,33,10,30.30,76.00,45.70,45.70,152,48,72.0,1469,72
8-6-7-15-2122610212,100046,33,19,57.58,93.00,35.42,35.42,186,14,57.0,112,57
8-4-3-18-6121966,400014,33,7,21.21,81.50,60.29,60.29,163,37,108.0,2348,108
3-4-1-16-223612184,100094,33,9,27.27,82.50,55.23,55.23,165,35,99.0,1198,99
6-1-7-21-2128149978,400014,33,1,3.03,31.50,28.47,28.47,63,137,108.0,3693,108
9-6-5-11-65614671,100058,33,0,0.00,97.00,97.00,97.00,194,6,84.0,1350,84
8-8-4-13-23944751,100047,32,3,9.38,89.50,80.12,80.12,179,21,72.0,1066,72
1-3-2-15-136113483,100059,32,23,71.88,86.50,14.62,14.62,173,27,81.0,834,81
2-9-5-8-544581660,100010,32,13,40.63,100.00,59.37,59.37,200,0,54.0,273,54
9-2-6-24-1835489411,100070,32,5,15.63,88.50,72.87,72.87,177,23,117.0,2541,117
6-3-3-14-1139294860,100021,32,6,18.75,100.00,81.25,81.25,200,0,72.0,360,72
6-9-4-18-676971509,100051,32,11,34.38,38.00,3.62,3.62,76,124,105.0,1725,105
8-7-5-16-398529525,100080,32,12,37.50,34.50,-3.00,3.00,69,131,69.0,280,69
9-6-6-11-730503420,100046,32,19,59.38,97.50,38.12,38.12,195,5,57.0,258,57
9-8-4-10-1237108814,100040,32,9,28.13,84.50,56.37,56.37,169,31,48.0,304,48
6-8-3-25-1567105120,100089,32,2,6.25,74.50,68.25,68.25,149,51,114.0,909,114
1-1-2-15-650594440,100067,32,9,28.13,100.00,71.87,71.87,200,0,90.0,1618,90
8-5-8-23-535797495,400014,32,4,12.50,28.00,15.50,15.50,56,144,108.0,1865,108
4-5-2-7-781335235,200015,32,20,62.50,100.00,37.50,37.50,200,0,54.0,402,54
5-4-1-20-348031433,100084,32,5,15.63,53.00,37.37,37.37,106,94,102.0,5328,102
6-6-7-14-420654772,100057,32,8,25.00,40.50,15.50,15.50,81,119,72.0,347,72
8-4-4-14-1243677061,100067,32,21,65.63,97.50,31.87,31.87,195,5,90.0,1238,90
4-6-3-19-1530039486,100089,32,6,18.75,94.50,75.75,75.75,189,11,114.0,1247,114
7-9-8-17-932401969,100007,32,10,31.25,100.00,68.75,68.75,200,0,69.0,259,69
7-4-2-19-1810225224,100051,32,2,6.25,87.50,81.25,81.25,175,25,105.0,1572,105
9-4-1-17-1526713669,100013,32,18,56.25,99.00,42.75,42.75,198,2,72.0,316,72
5-4-2-21-1735921077,400012,32,9,28.13,94.00,65.87,65.87,188,12,108.0,885,108
7-8-4-10-1802631612,100071,32,22,68.75,100.00,31.25,31.25,200,0,72.0,574,72
7-6-4-16-236841173,100063,32,10,31.25,83.00,51.75,51.75,166,34,99.0,994,99
7-6-3-16-968023700,100066,32,8,25.00,78.00,53.00,53.00,156,44,93.0,1381,93
3-9-9-16-415496718,100013,32,15,46.88,98.00,51.12,51.12,196,4,72.0,279,72
7-7-3-19-1116537016,100096,32,1,3.13,30.50,27.37,27.37,61,139,96.0,1405,96
1-7-2-16-97841839,100080,32,14,43.75,95.00,51.25,51.25,190,10,69.0,604,69
8-8-9-16-514338418,100087,32,20,62.50,87.50,25.00,25.00,175,25,102.0,1113,102
3-5-2-10-480038597,100028,32,22,68.75,100.00,31.25,31.25,200,0,54.0,299,54
7-8-5-18-1296561587,200053,32,5,15.63,15.50,-0.13,0.13,31,169,72.0,188,72
4-3-3-16-232424304,100069,32,10,31.25,92.50,61.25,61.25,185,15,114.0,1790,114
2-6-7-10-395842120,100038,32,26,81.25,100.00,18.75,18.75,200,0,54.0,253,54
8-6-3-18-1834439622,100065,32,8,25.00,88.00,63.00,63.00,176,24,108.0,957,108
6-3-1-24-198702226,100095,32,5,15.63,97.50,81.87,81.87,195,5,90.0,379,90
1-7-7-18-231692737,100085,32,17,53.13,100.00,46.87,46.87,200,0,84.0,824,84
5-4-2-21-225212929,400012,32,16,50.00,98.00,48.00,48.00,196,4,108.0,1028,108
8-5-8-15-714445742,100094,32,13,40.63,52.00,11.37,11.37,104,96,99.0,732,99
9-2-4-16-1289836984,100041,32,16,50.00,89.50,39.50,39.50,179,21,72.0,351,72
7-6-8-13-1823747322,200013,31,18,58.06,100.00,41.94,41.94,200,0,63.0,218,63
3-2-9-22-1120454893,400015,31,21,67.74,57.50,-10.24,10.24,115,85,90.0,627,90
4-2-3-20-428483732,100052,31,5,16.13,69.50,53.37,53.37,139,61,120.0,965,120
9-5-9-15-1061011569,500002,31,7,22.58,98.00,75.42,75.42,196,4,78.0,341,78
7-4-5-11-392388565,100047,31,15,48.39,98.50,50.11,50.11,197,3,72.0,969,72
6-2-2-17-1771253425,100071,31,9,29.03,83.00,53.97,53.97,166,34,72.0,393,72
7-3-4-23-778314061,100094,31,14,45.16,96.50,51.34,51.34,193,7,99.0,446,99
4-8-9-15-1437097447,100071,31,20,64.52,99.50,34.98,34.98,199,1,72.0,599,72
1-2-2-22-258575020,100070,31,4,12.90,88.00,75.10,75.10,176,24,117.0,2922,117
6-9-8-11-2058476263,100080,31,22,70.97,65.00,-5.97,5.97,130,70,69.0,606,69
8-6-8-20-928280088,100078,31,18,58.06,70.00,11.94,11.94,140,60,81.0,515,81
4-4-2-16-476712861,100058,31,14,45.16,99.50,54.34,54.34,199,1,84.0,890,84
8-7-2-15-200020277,200024,31,13,41.94,77.50,35.56,35.56,155,45,72.0,189,72
8-2-6-12-270659277,100081,31,15,48.39,94.50,46.11,46.11,189,11,72.0,1377,72
4-8-7-21-278667157,100078,31,14,45.16,42.00,-3.16,3.16,84,116,81.0,838,81
9-8-2-11-943332011,100060,31,16,51.61,100.00,48.39,48.39,200,0,84.0,1154,84
6-3-7-10-1483051510,100010,31,2,6.45,100.00,93.55,93.55,200,0,54.0,265,54
3-4-2-16-1205427337,100051,31,2,6.45,72.50,66.05,66.05,145,55,105.0,1975,105
7-1-2-11-148760829,100090,31,17,54.84,98.00,43.16,43.16,196,4,81.0,1063,81
4-1-2-17-193231986,100076,31,11,35.48,100.00,64.52,64.52,200,0,90.0,764,90
9-8-8-7-732612498,100009,31,7,22.58,94.00,71.42,71.42,188,12,42.0,115,42
5-5-3-15-389671305,200010,31,6,19.35,56.00,36.65,36.65,112,88,57.0,184,57
1-2-1-19-1012890974,100087,31,7,22.58,56.00,33.42,33.42,112,88,102.0,2689,102
7-6-4-12-1377539693,100066,31,3,9.68,89.50,79.82,79.82,179,21,93.0,2196,93
7-3-2-10-1333855330,100088,31,13,41.94,43.50,1.56,1.56,87,113,72.0,1556,72
7-2-8-17-1641523585,100062,31,4,12.90,39.50,26.60,26.60,79,121,72.0,347,72
7-9-8-12-1642821329,100040,31,4,12.90,94.00,81.10,81.10,188,12,48.0,272,48
3-8-6-14-1108846833,400015,31,12,38.71,93.50,54.79,54.79,187,13,90.0,1181,90
3-9-5-16-1609873132,200013,31,12,38.71,95.50,56.79,56.79,191,9,63.0,192,63
1-7-2-16-923250111,100080,31,18,58.06,100.00,41.94,41.94,200,0,69.0,680,69
2-1-1-16-2095793983,100086,30,10,33.33,87.50,54.17,54.17,175,25,117.0,3228,117
3-4-6-19-2001154263,100089,30,1,3.33,40.00,36.67,36.67,80,120,114.0,1054,114
4-3-9-12-1804634360,100071,30,22,73.33,95.50,22.17,22.17,191,9,72.0,741,72
9-6-7-11-1477264162,100008,30,20,66.67,100.00,33.33,33.33,200,0,42.0,70,42
4-7-2-20-1564055293,400012,30,9,30.00,37.50,7.50,7.50,75,125,108.0,1198,108
4-6-7-17-1194500138,100085,30,7,23.33,86.00,62.67,62.67,172,28,84.0,407,84
6-5-3-14-1701659860,100051,30,1,3.33,82.50,79.17,79.17,165,35,105.0,1443,105
5-6-8-10-1400430130,200015,30,14,46.67,100.00,53.33,53.33,200,0,54.0,205,54
2-9-8-11-192266006,100023,30,17,56.67,94.00,37.33,37.33,188,12,54.0,210,54
5-7-8-12-392126607,100060,30,16,53.33,90.50,37.17,37.17,181,19,84.0,812,84
8-6-4-14-1003140515,200010,30,16,53.33,79.50,26.17,26.17,159,41,57.0,155,57
8-5-5-17-428939213,100061,30,3,10.00,91.00,81.00,81.00,182,18,102.0,637,102
5-4-9-18-753653058,400011,30,12,40.00,71.00,31.00,31.00,142,58,90.0,615,90
3-3-1-17-173091856,100092,30,10,33.33,94.50,61.17,61.17,189,11,75.0,197,75
8-7-1-20-1952541913,100069,30,3,10.00,99.50,89.50,89.50,199,1,114.0,2451,114
3-3-4-16-88370836,200053,30,1,3.33,50.50,47.17,47.17,101,99,72.0,262,72
6-1-1-19-179605210,100058,30,1,3.33,99.00,95.67,95.67,198,2,84.0,1166,84
2-7-9-19-478527889,100050,30,15,50.00,99.50,49.50,49.50,199,1,78.0,791,78
7-5-5-21-1458608410,100076,30,10,33.33,74.50,41.17,41.17,149,51,90.0,331,90
9-7-4-15-164016410,100055,30,19,63.33,83.00,19.67,19.67,166,34,84.0,619,84
3-4-6-12-419305570,100031,30,18,60.00,99.50,39.50,39.50,199,1,60.0,191,60
4-3-9-17-1605583653,100030,30,22,73.33,100.00,26.67,26.67,200,0,66.0,290,66
5-2-3-25-425864613,100070,30,1,3.33,13.50,10.17,10.17,27,173,117.0,2512,117
7-7-9-13-988025985,100014,30,14,46.67,99.50,52.83,52.83,199,1,54.0,186,54
7-3-2-10-1841359378,100088,30,19,63.33,97.50,34.17,34.17,195,5,72.0,1653,72
4-4-9-18-3730833,400011,30,15,50.00,65.50,15.50,15.50,131,69,90.0,754,90
6-9-8-20-250025255,100097,30,18,60.00,91.50,31.50,31.50,183,17,84.0,276,84
7-5-8-13-684543825,200053,30,17,56.67,100.00,43.33,43.33,200,0,72.0,401,72
8-6-7-14-459435605,100087,30,13,43.33,98.00,54.67,54.67,196,4,102.0,1526,102
1-2-6-14-876880469,100072,30,15,50.00,98.00,48.00,48.00,196,4,63.0,348,63
1-6-3-22-1984343330,100051,30,5,16.67,90.50,73.83,73.83,181,19,105.0,1488,105
8-2-4-17-1727346972,100079,30,10,33.33,94.50,61.17,61.17,189,11,75.0,347,75
9-8-4-10-1535162648,100040,30,12,40.00,97.00,57.00,57.00,194,6,48.0,234,48
6-4-2-19-115458948,100083,30,8,26.67,83.50,56.83,56.83,167,33,90.0,829,90
5-5-4-20-79904548,400013,30,16,53.33,99.50,46.17,46.17,199,1,108.0,2453,108
8-2-4-17-1898916511,100083,30,16,53.33,92.50,39.17,39.17,185,15,90.0,542,90
6-5-5-15-1329917311,100061,30,4,13.33,98.00,84.67,84.67,196,4,102.0,1029,102
3-5-8-24-536888389,400013,30,2,6.67,83.50,76.83,76.83,167,33,108.0,5102,108
8-4-4-10-1758475824,200003,30,23,76.67,84.00,7.33,7.33,168,32,42.0,88,42
8-5-1-22-480274331,100036,30,6,20.00,93.50,73.50,73.50,187,13,90.0,488,90
1-4-5-20-1432343743,100055,30,3,10.00,97.50,87.50,87.50,195,5,84.0,681,84
3-3-1-20-1662883350,100063,30,3,10.00,40.00,30.00,30.00,80,120,99.0,904,99
1-3-3-18-1409009773,100096,30,2,6.67,89.00,82.33,82.33,178,22,96.0,2394,96