关卡牌局代码,地形编号,开始次数,净过关次数,净胜率(%),ReplayCode,模拟胜利,模拟失败,模拟胜率(%),模拟平均步数,耗时ms,地形总牌数
5-2-2-9-56717259,100002,39215,37582,95.84,Y1HntDrKMfF9W+RuBgZGJmZmFlY2ZnZWJg5GBiBk4mBgZ2FjYmBlYOJgY2FnZGJkYGBovwcA,200,0,100.00,39.0,80,39
7-3-7-13-1627787459,200012,34833,21463,61.62,YzHjEbkyu6hX4fN+BkYQYGBiZmFkZWPnYGBlZeRkY2Rg4+BkZ+diZmPhZmfi4GQDirBzcXNxM7GxsTCzszEwCFYBAA==,192,8,96.00,54.0,170,54
5-7-9-14-284673124,200007,34618,30330,87.61,Y7Hkqw061fxM0+woAwMjExMzCysTGzMTAwsbOwcnGzMnFycHExM3Dy8HM5DPzc7MzMHIysPBwc3LxcnDwcnLxcrIwcJwdgoA,200,0,100.00,57.0,166,57
4-3-2-11-894424826,100008,34103,32053,93.99,Y9Hill5it/it5dZKBkYGBgYmBgZmJmYWVjZ2Dk4GRi4gn5GZmZ2DixMoxMrCxcHGCeQynC4DAA==,200,0,100.00,42.0,64,42
5-3-2-8-2055937765,100009,33934,26729,78.77,Y9Hi2H4++ryoVGg2AwMjEwMzIwsrExsTEysLIysbIyMLAwMbCyMDCzsDM1AOKMXOysrOwNDyFQA=,192,8,96.00,42.0,103,42
6-5-8-8-1378250419,200003,33836,29429,86.98,Y9HiMDo2L70p+KILAyMTMwsLCysTGzsTOzMLEzsjOxs7MzMTGxsLEyMDKwuQzQaUZmNgYShWAwA=,200,0,100.00,42.0,100,42
5-9-3-10-474961651,100002,33621,31579,93.93,Y1HntDrKMfF9W+RuBkYGJmYWFkZWNnZmZkZGDkYOZqAQGzsrEyMLIxM7KxuQxwwUm/UfAA==,200,0,100.00,39.0,67,39
3-8-9-12-73570277,200004,33142,25011,75.47,BcG5EYAADAOwPI7jcAcNM9AzCFtRMyANsyDhXL5j3Z/73cwjkSg2Zd1pIAMjjdhFb4JCpiaynWVX/Q==,199,1,99.50,48.0,131,48
3-6-3-11-1506752473,100010,32719,21741,66.45,DcaxDYAwDARAv/8dx2EfJAahZxcqJCahZg8mYQe46jRP23Lu97UeBqcYaEyii5mo+j+AVLdqyBEoF+XFNiCr6PY+Hw==,195,5,97.50,54.0,173,54
2-5-7-12-20644418,100026,32706,27179,83.1,YzHjlshXea937WM1AyMTMwsrExsjOxM7MwcTGycHGyMbJwMnGycnExszIzsDIwtQjIuVjYMTiFi5uDg4WRiZGBbdBQA=,200,0,100.00,54.0,189,54
7-7-3-10-1569851149,200015,31924,29921,93.73,DcmxDYBADANAO877P0xBh4REi0RDzTgMw2gMBNde7tNyPe99bitABikxsoFhKgx1j6EQqvo/aoPuaWezbBSO+QM=,200,0,100.00,54.0,387,54
3-1-4-7-63798979,100040,29441,27411,93.1,YzFgv+di6v+6dHMsAyMDIxMTAzMQMLKwsrExswJZrGwsLGyMrGzMDAzMbKyMTCBFQHkgxcrgmQwA,200,0,100.00,48.0,547,48
5-2-8-6-1618774090,100040,28978,26074,89.98,YzFgu+di6v+6dHMsAwMDIxMzCysTMxMjExAwMzMxMAApIAQhVmZmZkZGBkYWBlZmBhZmBkaG0LMA,200,0,100.00,48.0,441,48
9-5-9-12-852990572,200007,28915,20595,71.23,DchLDYBADAXA9vXfxcgaIEEFCX44oY0LQtABcxzdlvN4rneuNzFExeAKC1hGCbK6VGpkQrrNYATOLvHR3v8HiGnuHw==,149,51,74.50,57.0,178,57
1-5-9-14-306970427,200012,28808,25337,87.95,YzHjFrkyu6hX4fN+BkZGRiYmZhZWNnYgwcLMwcnJyQqELEwsbGxAAshi5WTi5GBiAPLZ2bm4GNi4ODkYxKMB,200,0,100.00,54.0,219,54
3-5-4-11-283739285,100008,28787,25037,86.97,Y9Hill5it/it5dZKBkYGJmYWZlYgZGNkZ+VgZGbmYGXjZGVhZ+Jk5+JiYGDj4OJkYGBlYWI4GwsA,200,0,100.00,42.0,72,42
2-5-2-9-1418056602,100009,28302,21259,75.11,Y9Hi3H4++ryoVGg2AyMTMzMLCzMrGwsjOxsDEzsrEwMHIzMLGwsbBztYho2ZlYOZjYWFgek2AA==,197,3,98.50,42.0,94,42
5-8-4-10-2065905104,200003,28236,23693,83.91,Y9HiMjo2L70p+KILAyMTMzMzCysTCyMDGzszMxBxsHBwcLIxsjKxcTIxMzCzsHAysbAzsTL0uwEA,200,0,100.00,42.0,76,42
1-8-9-14-815256076,200015,27739,24348,87.78,DcaxDYAwDATAd/yfxGYQJCTalNSMwzCswTY0bEOqO45lPe/3OvYNVoDiTnDWTFWN6IaO2hWVDEmejMwmGEVOv+cH,200,0,100.00,54.0,336,54
8-9-7-9-1220514995,200004,26996,24004,88.92,DcgxAYBADAPANG3T/gALGtgRgyNmBLK8CQzAjRfHmPuy3dezwuhm4QRTLLcg002U2BA6i/oj0quRwHt+,194,6,97.00,48.0,134,48
9-6-7-12-1172693894,100026,26756,20055,74.96,DcJJEYBADATAyU6OzQYBCODNE1sIwAxvBGGDwgFUt27TvC/Per8HpJFChTWhe/x6YlRUCKgNSo/RpZJ0M/QMysB1fg==,198,2,99.00,54.0,134,54
2-5-6-13-417806506,100010,24833,17915,72.14,BcFLDYBADAXA1+2/RQ8JPpY7XjiRoIQzKlDFjKzLsd3n++wXaIAhpGTmCPMIT7dEZRNB2VusBtwCo0I6WEH45g8=,198,2,99.00,54.0,138,54
8-9-5-10-1231195455,100002,24551,23366,95.17,Y1HnsjrKMfF9W+RuBgZGJmZmRhZWFjZ2Rg4mTnYGBjYmTpAoKzMLEyMHOyuQYONkED0BAA==,200,0,100.00,39.0,47,39
3-6-5-9-141460796,100008,23503,17532,74.59,Y9HilF5it/it5dZKBkYmZhYGVhY2BjZWBgZ2BiCThZWdg5WDhZmdnY2DiREoysLIxM7OzBDKCAA=,198,2,99.00,42.0,102,42
8-4-5-13-165749961,100026,23246,14992,64.49,YzHjlchXea937WM1AyMTAyMzMwsrMxsjCwM7BzsnExcbIzczJzMPKzsXMzsDIxcPAwMTO1CMm5mHg5OdmQOolkHuJgA=,196,4,98.00,54.0,114,54
8-4-2-12-256858201,200012,23244,14004,60.25,BcFBEYAwDATAu+TSpOWLAFQgrD5QwAweUIAJnGCAXe3L+p7z2L4HpDmpaE5Eg5lSFV0kHQYfNKopxyi3XoSzJ677Bw==,197,3,98.50,54.0,145,54
9-9-5-14-476160617,200007,23023,5149,22.36,Y7Hkqw061fxM0+woAyMTAzMLCxMzKwsbAwsTGzsHKws7JydQiJmLm4eJgYOXByjBwMXIw8vBwszNzczEy8XOyMrJxOBcBgA=,29,171,14.50,57.0,132,57
3-6-3-11-368073261,100010,22895,16593,72.47,DcaxDYAwDARAf/4d22EHxkBiEHp2oUJiEmrWQ4KrTsu0r9fx3NtpaBRdPUQiCygKwlAlwrL/bRwu0JMtqZ4W9s4f,193,7,96.50,54.0,181,54
4-9-6-8-234806128,100009,22656,21481,94.81,Y9Hi2H4++ryoVGg2AyMjEwMTAzMzC5ABxKxsTMysTEysrMxMrOxM7Cws7CzMzGxsLKxMDBz/AQ==,200,0,100.00,42.0,133,42
3-7-9-9-25160818,200003,22456,18220,81.14,Y9HiMDo2L70p+KILAyMTExMjIzMLAysrGzsTKzs7GzsbE5DNyMjCysYMFGNnZWRmZWBhYrg5BwA=,199,1,99.50,42.0,122,42
9-2-8-9-964359838,100040,22352,18900,84.56,YzHguOdi6v+6dHMsAyMDIxMTAzMLKxsjOxMjEysLCxMjiGBiZwWKM7CysLIzM7AxMALVMQMpBulWAA==,199,1,99.50,48.0,427,48
9-5-1-13-2008390322,200015,22178,13994,63.1,DcqxDYBADAPAxLE/CYsgIdFSUjMMBcMwGi27wNXHbZqP+7n2dTEHgiHZyBJcpMRoVzNchvyHaQSqgjkAt4a95wc=,189,11,94.50,54.0,269,54
3-8-9-12-1455592508,200004,20968,9977,47.58,YzHguqfKK9zbfJOPgZGJmZmZhZWNjY2dgR3E5mBn42RmYefgZGNjZWPkYGJg4+BgZgYKsnAwsrMytM8HAA==,168,32,84.00,48.0,123,48
8-1-7-10-1616385220,200012,12357,8767,70.95,DcpBFYBADAPRpEm3CEAAKhDGFQ0oWC9gAicYoJc5zPvel/Wdx7V9D8AgQk7K5igMCSl3eqlII+wMuGG1ZA6c9w8=,193,7,96.50,54.0,217,54
2-5-1-10-1447252652,100002,12172,10863,89.25,Y1HntDrKMfF9W+RuBkYmZhYWVkZGNgZWdg5mZiBiZ2JmYGFjZGRlYGBjYGRmYgeKMnALAQA=,200,0,100.00,39.0,71,39
2-5-6-13-1948683737,100010,11982,9100,75.95,YzHjSbDsad6yKrSTgZGJmYWZmZGVhZGNnZmDnYMTSIBIdjYuFlZGBm52LiY2bg5mDg4OZmYubiZGDk4GRlaGU5YA,200,0,100.00,54.0,141,54
7-5-8-9-1207295261,100009,11924,8318,69.76,Y9Hi3H4++ryoVGg2AwMDIwMjIxMzkGRhZWVgY2ZkZ2ZiZ+NgZ+JgZmZhYmJjYeJgZQYChgotAA==,189,11,94.50,42.0,80,42
5-7-9-14-1898185760,200007,11771,9780,83.09,DcSxEYAwCAVQICSBT3APF/DO1hHcx7NwNhsHcQ59xdN1OvbneuflJpaiVRpzZ2NhR2mIgWI6hjdKNZIO8QxUuP9luKDTdn4=,200,0,100.00,57.0,181,57
2-2-2-12-1290794734,200004,11649,6625,56.87,BcG5AUBAFAXA96/9F5KtQa49sViqN4lazOixfPs67+vdQCykECOxIR4ZRDkipFoIAxrO3l3BaYoCzucH,163,37,81.50,48.0,95,48
1-6-3-8-155844256,100008,11630,11087,95.33,Y9Fil15it/it5dZKBkYmZkZGFlZWZlY2ZmYGRgYmFhY2ZgYWBmYGNgZmFiCXkZERKA7EszwB,200,0,100.00,42.0,176,42
3-6-9-12-1793236849,100010,11608,8857,76.3,Fci5DYBADATA83drL/0gUQj59UKERCVIZOS0Bkw4Pk9jObb7XPcmai6hHTCkVCqztDRTQXa2Mn4d7giKsND+fa4X,200,0,100.00,54.0,201,54
8-9-7-9-650494639,200004,11174,9655,86.41,BcGhAYBADAPAJN82RYBhBjzrvUYzHgLDLNzFuXzHut/Xu4HiiKSQ5SwyJHMYbqhSNhs1GM3KSuCZPw==,200,0,100.00,48.0,151,48
6-5-8-8-2112527324,200003,11155,9468,84.88,Y9HiMDo2L70p+KILAyMTMwMDCysjGwMjOyM7CxsTOzsjAyMrGwMLOwtQhp2FhY2BmYkNKLAoDAA=,200,0,100.00,42.0,100,42
9-5-2-8-640786469,100009,11150,9024,80.93,Y9Hi2H4++ryoVGg2AyMjAxMTAyMzCxMjCwsjKxsbIwM7EwMzCyMjGzsDMwMTELKyswKlGILFAA==,136,64,68.00,42.0,119,42
5-8-9-11-446647845,200003,11138,3117,27.99,Y9HiNjo2L70p+KILAyMTMwsTKxs7BwMnC5DDxMTFxcTAysnFysrOyszGysLMwcHIxsDJzsAg8AUA,117,83,58.50,42.0,67,42
8-2-5-13-1898227314,200007,11042,5649,51.16,Fcg7EYBADAXAvHf5XC64oMIAM9jADxXaaBCCBGqGLVe36djv81nWS0A2QhWgefQcFQFG/El1A13EvZCjt+HKVFS3kPn9AA==,133,67,66.50,57.0,167,57
5-8-3-11-1185362931,100008,11025,8876,80.51,Y9Hill5it/it5dZKBkYmZhZWFjZWdnZGDnZ2Tk5GVi52VnYWVnYGDnYONgYmVk4uLmZmNnYmhqAyAA==,186,14,93.00,42.0,77,42
7-7-3-10-1253062599,200015,10958,9066,82.73,DcGxDYBADANAJ078CYsgIdFSUjMOw1AwGLvQwl1s03xcz7mvC37mYDiZRMgw5NVSyRhwUzsrwTFaTMnMiff+AA==,199,1,99.50,54.0,318,54
9-5-1-13-1977128911,200015,10904,7712,70.73,BcGxDYAwDATA9/vt2CwSCYmWMnXGYRhGYyDudB9zv9+zrhMGOl2BSAVHGUu0tpBzCK5hzgygE4gizJvY8wc=,179,21,89.50,54.0,242,54
5-9-6-10-366667489,200012,10883,2062,18.95,BcExAYBADAPAtGm+LTMCcMCGsPeBAsRgAhtMGOAujmV9rnlu3w1zWkCDQJagJtiDNHTC1E2GRxpVKavGyHTs7w8=,66,134,33.00,54.0,165,54
4-7-8-8-1175318129,100040,10859,6640,61.15,DcWxEYAwDANAWZLtjEPDBvTc0TMGk7EPC7BE0vx7G9+xn//z3ghSdhpOgGlVSdnNVaEK3SF1kl4GcE0=,149,51,74.50,48.0,369,48
4-7-8-8-1318715517,100040,10455,6294,60.2,YzHguOdi6v+6dHMsAyMjEzMzCwMLIwMLAysQMDAzMjKzsTMzsbGzMLOwsrKxsgOZbOyMrAwsQDZDWCcA,189,11,94.50,48.0,383,48
8-4-5-13-1590830761,100026,9854,7571,76.83,YzHjlchXea937WM1AyMTMxMTMzMLKyuQycbOwckO5HIxsXNwszGzsPCwMzBycPIwcTMzAzEbFycPOxcrOzPDmxMA,199,1,99.50,54.0,118,54
8-5-9-14-1720496447,100026,9574,2660,27.78,YzHjk8hXea937WM1AyMTMzMzCysbOwcjJxc3NxMPNw8zMyczBy8LNzsPIxcDDysvEy8DGzNYnI2bi4OFlZOdoUwRAA==,147,53,73.50,54.0,102,54
6-2-6-14-1637285911,200010,9467,1056,11.15,DcKxFYAwCAXATyCfhOBAFpZO6gZuYWXhBI5hpd47m6f1Wbbzfg9ABEVNUPn3RvRQCXKUHIlsJt5LsnaSmeJNbQCB/foA,11,189,5.50,57.0,129,57
6-3-5-10-140999069,100002,9378,6631,70.71,Y1HnsjrKMfF9W+RuBkYmZhZWNlYWIGDn4GRmYeBkZGHiYGXjYGdnYmZmA4owMgBF4y8CAA==,172,28,86.00,39.0,54,39
5-6-7-8-524450595,100040,9377,6731,71.78,YzHguOdi6v+6dHMsAwMjIxMzCwsTKxszEzsjM5DNwMDEysLOyMLGzM7MBpRgYmJgZ2dkZ2JkZWVgZai+BgA=,199,1,99.50,48.0,330,48
8-3-9-13-598872161,100010,9232,5923,64.16,BcGxDYAwDATAd+KPnQ/zIDFIatiFColJqFmFfbjzdTm2+3yfecFQajUH2RAwyy7AXUhxdCWophGlmqmHRmki8e0/,189,11,94.50,54.0,157,54
9-5-9-12-49368688,200007,9028,1300,14.4,FcmxDYAwDARA+/1OYptFWACJkhUQ61AxGw2DMAfi2uM6nftzvfNyi8Jo8Obog2gMBzMJiyq6Bvs/cEaZRKglxUaDbMcH,47,153,23.50,57.0,166,57
2-9-7-11-1102392293,200003,8632,6512,75.44,Y9HiMjo2L70p+KILAyMTMwMTMwsTKxMbOzsDKwc7OycbEzs7BxMjUJyJhZOTjYOFiYGBlZHhbiAA,198,2,99.00,42.0,96,42
3-5-7-10-282103655,100008,8590,6107,71.09,Y9Hikl5it/it5dZKBkYmZhZWFgYgZmVjB1KsHCwMQMTOwczJxsnJxMjGwsLOyMTKwMzQYAoA,198,2,99.00,42.0,94,42
5-9-8-11-1550551944,200004,8457,4505,53.27,FcirFYBADATAze82CQ8M5hrA0yOaAjHUwmPk+Lm8x7rf17NBoOYhJjagTBKVyfTOvySqFewRziyBYc4P,138,62,69.00,48.0,97,48
1-5-9-14-1638733117,200012,8427,4884,57.96,YzHjFrkyu6hX4fN+BgZGJmZGFlY2dg4GVlZOTjZ2TjZOdjY2FkZOdi5WoASQzcnIycbMxMXOysHMxsnEwcXJyHDjGAA=,148,52,74.00,54.0,210,54
2-5-2-9-373579457,100009,8363,4768,57.01,Y9Hi3H4++ryoVGg2AyMTMzMLMysbMwsjOysDExs7EwMHIzMHkM/KwsIMlGNlZudgZWVmZqicAQA=,200,0,100.00,42.0,110,42
9-5-5-14-646473892,100026,8262,4592,55.58,BcG7DYAwDAXA518cJzY1A1BTshYDsCdrICQG4E6PZT23Z7/fCyAWsJpQY0eP4TO9pUfBGWQiXiO1T9YZ0kZ1FsNXPw==,187,13,93.50,54.0,100,54
2-9-7-10-1324820564,200015,8147,5888,72.27,BcGxDYAwEANAO7H9YRIkJFpK6qxCxxJswGgMxJ2OZZ3vd5/7BrYOykYcq0LG4KAtlAGxOpymRG0MdibA9fw=,189,11,94.50,54.0,325,54
4-9-6-8-792171460,100009,7216,6810,94.37,DcY7AcAgDAXAvE8IBliQUD+dKqGOMFIZWCo3na/+7WePeb8BRFC0BCbkBjRSPiudsGhnlmKuHw==,200,0,100.00,42.0,131,42
3-7-9-9-1592283681,200003,7095,6425,90.56,Y9HiMDo2L70p+KILAyMTAxMTEzMDEwsrGwMrKzsQsTGws7MysTKysTCzsrGzs7Eys7AxMjAohwAA,200,0,100.00,42.0,116,42
7-2-1-12-1442763123,200007,7008,6573,93.79,Y7Hkqg061fxM0+woAwMjAxMTEDMCWUyMjMxMQAEWVpAIGzMjkGRgBlIs7Mwc7GwMbJycrKwcHJzMLOxMDM++AQA=,200,0,100.00,57.0,259,57
6-6-9-8-904838019,100008,6976,5349,76.68,Y9HikF5it/it5dZKBkYmRmYWVmZWNmZmBkYWRlZWZnZmIJuNjYWdjZ2VhYmVhYGZiZGNhZGBpx4A,199,1,99.50,42.0,103,42
3-6-9-6-1513937923,100001,6906,6541,94.71,Y5Fg9ph+Z/HFllyDhkZGRiYGJgYGKAmkQQIgxMjkcBQA,200,0,100.00,22.0,46,24
4-9-6-10-1453691158,200012,6879,5456,79.31,DclBFYBQCATA5S8s4NkAprCQDexhAsNYwiI+C+hcx9dpvs/9WN4LMAzQGTBlDXog1GFD3UkqM/xvera8lNFdxPZ8,200,0,100.00,54.0,246,54
9-2-5-12-59138711,100040,6749,4146,61.43,YzHguudi6v+6dHMsAyMDEzMLKxMbOyMDKzsrOwcnOwMjOwcHOwMTJzMTIxMbUJKBhYGNkZUVpJST4V0SAA==,194,6,97.00,48.0,241,48
3-2-5-12-611651086,100010,6745,3172,47.03,YzHjSbDsad6yKrSTgZGJmYWVjZ2Bg4OTg4OLm4uTgxMIuLi4Obi4GBm4GDjYWVnYmJmAfCZmNhZWdg6gGCPDU2EA,154,46,77.00,54.0,192,54
4-3-3-8-870315622,100040,6548,4750,72.54,DcoxAYBADAPAtGnSl8OCA3YUIANlbIjBACb+txuutvEd+/nfzwVEMrIEBRN2G9Ftg8uSuplUZaxkGngn,199,1,99.50,48.0,353,48
3-2-6-11-126216040,200010,6535,3692,56.5,Fca7DYAwDATQS+zkzmYWBqCgzKRMQ8UMSCxBxad40vNlGve6Heezo1SYt95JMX4l5U1SfBeZsEgEK1PMrIXozeC45hc=,160,40,80.00,57.0,245,57
3-9-1-10-201440351,100010,6524,5500,84.3,YzHjSLDsad6yKrSTgZGJkZmFlYWVkZGFhY2ZnY2ZmZmNjZ2ZmQUkwAAWZ2ZiZGVjZ2NlZAKJsgJFGV7yAAA=,200,0,100.00,54.0,287,54
8-9-1-14-1295604928,100004,6363,4030,63.33,BcGxDYAwDATAt/1O3kFiIoagySb0jIiEqCmYhDtuy/Pt9/muEzC4IZiI1pUS3SoyNEhKyISaO8oiKkdXt+GN5hCO6wc=,199,1,99.50,60.0,213,60
5-5-6-9-1619448877,100002,6307,5730,90.85,Y1HntDrKMfF9W+RuBkYmZhZWFlY2NjYWdg5mBiZGEMnCygokGJiZWFkZOJjZGVkYcjwB,200,0,100.00,39.0,58,39
9-6-7-14-766835731,200012,6241,1375,22.03,YzHjE7kyu6hX4fN+BkZGJkZmBhZWNgZ2EODg5GJk5WblZGTk4WVhZ2RhY+NiZeZi5mZl5OTlYGLi5gGKc7AyyDYAAA==,117,83,58.50,54.0,112,54
9-9-5-14-1679917473,200007,6192,4017,64.87,BcFLFYAwDATAbbpJk37wUQO8hw38cEIMSrhwwQU6mOG2HPtzfnO9kSRTVWgGmCYiS/GoqrX1IjYG1QpMYjTSe83dI6EJ3usH,187,13,93.50,57.0,133,57
5-9-8-11-1258708744,200004,6138,4383,71.41,Dcm9GUBQDAXQ5N7k5cdHYwa9HdUmMY9CYxZOe2yf3m1ez+NZRAEa6EM9kJkFZEdZD5JCG4XOqMI/Ki739QE=,198,2,99.00,48.0,115,48
5-8-2-15-1267562710,200007,6080,869,14.29,DcixDYAwDATAt2O/4yQMwgJIzEDHPlRshkTDIMwBV56t07E/5zsvNyDQYk56sEoCajW1Ndf+3yC7h0MDQNEcvdRBaxRs1wc=,25,175,12.50,57.0,103,57
2-9-7-10-2054288810,200003,6018,4803,79.81,Y9HiNDo2L70p+KILAyMjEyMDMwsrAwMDGxMjGzsbGwcbIzMbAyMrI5BmYefgYGNhYmNnZGVwlgEA,197,3,98.50,42.0,131,42
2-5-2-9-1598249322,100009,5979,4185,70,Y9Hi3H4++ryoVGg2AyMTMwsLExMrGzMjMxsDOwcHCwMTIws7KxMTGzsLEwsbUI6Fg42VhY3h5VsA,200,0,100.00,42.0,104,42
1-8-9-14-780794592,200015,5967,3790,63.52,DcexDYAwDARAv/3OJ2YQJCRaSmrmYAKGYTQatoHrjts0H/dz7etigDmCCWuAy/ugwEC17vmvJI6oyob0ZIqqsvf8AA==,196,4,98.00,54.0,207,54
4-6-2-15-1465668458,100021,5937,4958,83.51,DclLDYBADAXA7r62r/vjRIIULOCBBFucUYUIggeY6+g2rcvxPvO5i0jKgqwZCoE5A25uFmQYQ82jALX11GFhpQwG2/Dg+NuJ1FutItf9AQ==,200,0,100.00,72.0,309,72
9-3-1-9-566948559,200012,5747,4751,82.67,DcpBEYBADATB2U1yGEAAKpCDCHygADFnAhH8MUB+U12T+7I+93lt30QSloyJSNmAq5kRjVGMXmxndETJKTjeHw==,200,0,100.00,54.0,394,54
9-5-5-14-362185415,100026,5742,2964,51.62,YzHjk8hXea937WM1AyMjEzMzMwsrExsTMzsDBycXOzcXFxsXDw8vAxszEyMrCzMnBw8XMzcvEzMvNxMXOycHUDGD0mwA,197,3,98.50,54.0,128,54
9-5-7-13-1245853386,100026,5704,2050,35.94,BcFLFYAwDATATTdtPi13BPTMEVsIQB4eaoOHA2b03PZrvsf6bkgRglqbKKt5eJb07u4plWgNyByDvQvNECNStGA9Pw==,123,77,61.50,54.0,109,54
2-6-4-11-83536910,100008,5700,4849,85.07,Y9Hikl5it/it5dZKBgZGJmYWZlY2BmZ2BgYWFgZ2dlZmDk5mDhYmVk4OTkYWNgYgYmRmYGJw5gMA,200,0,100.00,42.0,95,42
8-5-7-12-936430523,200004,5503,2114,38.42,YzHguafKK9zbfJOPgZGJkZmFlZGNnZGdnR3I5mDnZGfk4GLl4mZjZ2BkY+Vg4QSp4OIEynNzMzDkTQUA,137,63,68.50,48.0,128,48
3-3-4-12-400297177,100010,5198,3251,62.54,DcaxDYAwDATAd+zk8zHzIFFkDHp2oUJiEmoGhKsu1uXY7vN99gtW3AO1kcauoRAjxz+TBLZe5YXwdLC4ajaCsPkB,200,0,100.00,54.0,176,54
5-6-8-10-367995863,200015,5000,3424,68.48,YzHjUveYcqXATleLgZGBiYmZkZGFlY2RlZ2RnYOVjY2Fk42VhYWTnZ2DnYGBjQUsz8DGysnCwMrIzMTECBSuFwIA,198,2,99.00,54.0,204,54
6-5-8-8-2058410677,200003,4945,4252,85.99,Y9HiMDo2L70p+KILAyMTAzMzMxMLKzMTGxsrAxsDAzsDKxMDIzMzIxMbCzMbUICZnZ2FiZmhLRkA,200,0,100.00,42.0,104,42
3-7-9-6-1500971109,100008,4919,4583,93.17,Y9Fik15it/it5dZKBgZGJmZmZgYgYmBhZWBhYQBBZlYWFiZWFlZWRhYgwcrCyMrCxLDwJgA=,200,0,100.00,42.0,209,42
6-9-7-10-1761701050,100002,4639,3281,70.73,Y1HnsjrKMfF9W+RuBkYmRmYWFlYWFhZmNiZ2DnYmDgZGBiZOTiZGVqAIKxsjIycHEzuD/XIA,200,0,100.00,39.0,52,39
5-2-8-15-1190199891,200007,4522,1535,33.95,DcjBEYAgDATAC1wICViIDTBjCX6tR1/W5sdCrEN+O8ttuY73/tbxQFKmFqVVR7IAszJiFqc9A2JVUL31pq2TCkRJ0XHuPw==,199,1,99.50,57.0,175,57
4-9-6-8-1858044781,100009,4502,3595,79.85,BcFBAYAwDAPANGmbGeCDBPzwQgLW9kfGHKBld3mNbz3rOO8XCIBiSiAR1SFLadKVtChV203MfwM=,200,0,100.00,42.0,130,42
4-8-8-14-1103592048,200012,4386,2406,54.86,YzHjE7kyu6hX4fN+BkYmZhYGJlZmNhY2dnYORhZOBkYOZg4OJi4uVqAAFzsbByc3Dw8vMxsPMzszGysHLzcnNy/D3mAA,200,0,100.00,54.0,109,54
1-8-6-10-1958004206,100040,4327,3587,82.9,DcgxAYBADAPANknTl/IjCw7YUYAMVDHiBwOYgBtPy3i2dX/P+4gEgkRSSlUY/U8BKjaKSstld7Oy3TGvDw==,200,0,100.00,48.0,325,48
5-4-9-12-607524046,200004,4292,3024,70.46,DcS7AUBQDAXQ5OV7EzRqpd6OagNqjGAGTnH0mJ59Xq/zXohpiJoHW2JU/hmyIJnkUa4NoLohKOUKercP,200,0,100.00,48.0,166,48
3-8-6-12-1567142398,100010,4146,2594,62.57,Fcq5DYBADARAr73nj14IkSiEnF6IkKiEmFqoBzHxcJn29TqeezsFauAAzc0DSBYs3JnJbG2x6iyOPzmUYKS4vPMH,199,1,99.50,54.0,156,54
3-6-5-7-753462900,200004,4097,3302,80.6,DcmhAYAwEAPA5PMJCgwz4NkRCwt0Mwyz0LPX5/Id6/5c7wYWKLScOJCRQsmO7S4SKMyLIrIa4/4B,200,0,100.00,48.0,220,48
9-9-5-14-2032573128,200007,3982,1743,43.77,Y7Hkqw061fxM0+woAyMTMwsrExMDGysLAxMTCzsHGxs7Jxc3kMnDy8DKwM3BwsTEys3MyMPBxcrAycPCysvLyc7MxciwqwcA,182,18,91.00,57.0,134,57
8-9-7-9-49335105,200004,3919,3058,78.03,Dce7AUBAFATA3X3fC0hoQa5HsYpUcolamGz8HO+xbPc1V1A0DwaUFUkWqkmP7L8KsFRJh6zTBDz7Bw==,199,1,99.50,48.0,136,48
4-1-3-8-171549570,200015,3804,3498,91.96,DcixDYBADATB8/r8phMkJFJCYsqhGDqiBepBMOF4m+bjes59XRQglCm7TAyRrWq3S2NAhGgbyq0/qQh0vx8=,200,0,100.00,54.0,260,54
5-9-6-10-1808414602,200012,3612,1975,54.68,DclBFYBQCATA/bCw4NkAprCCfexhAsNYwiI+C+hch+s03+d+LO+FYTAnIwFVRQogImnV1ZbqMHraCElglf858Gwf,194,6,97.00,54.0,155,54
7-2-2-14-1164975412,100034,3515,1845,52.49,DYg7FYBAEMRmdvb+R40lGjSgBh04oMIMHVLYvJci8W357vfazmdHQBghN8EZBnJF0eKbiYnI2UtNrZehMUtPaD5rzWKj9WETx/oD,174,26,87.00,72.0,336,72
6-9-5-12-668183108,100026,3508,1865,53.16,DcoxFYAwDATQy/WaNC0CEMDEwIgjZgTgExs8HMCfv/ZpPpdnu98LxiJVwkGGN8ugqfchh5xIwGOMok62hpLV/4xj/QA=,199,1,99.50,54.0,149,54
3-3-4-12-1853324629,100010,3386,1963,57.97,Dcq5DYAwEATA83279lEPEoWQ0wsREpWQQoE4HGl8XY7tPr9nv6SpeaQlaJ0xMAhgBGuSyebCNGivUswl3pAUfX8=,195,5,97.50,54.0,189,54
9-4-2-11-1636050657,100009,3380,2678,79.23,Y9Hi2n4++ryoVGg2AwMjEwMzIwsrCysTEwsDIxs7AwMrGxMHGyMDOzsTM0iOgYOTg5OTkWG2BAA=,200,0,100.00,42.0,90,42
9-5-9-12-1367215434,200007,3328,1737,52.19,BcE5EYAADATAfJcXIxhgBhtooaVCGw1C0MGu7ct1vPe3bg+xqAHwUEkIU2l7VwHZ1dBKhkgoejJt2jWnLEiIzx8=,185,15,92.50,57.0,172,57
6-5-6-12-1759135965,100026,3313,2114,63.81,DcjBEYAwCATAA44QiAVYgOP48mlbFmCftuHYge5zeUzzuTz7/V4QNZIOU2uGFj0rPUZnhgFasGSQ8lfQJXOwGtbtAw==,198,2,99.00,54.0,162,54
7-5-8-9-2037095272,100009,3309,2869,86.7,Y9Hi3H4++ryoVGg2AwQwMjEzMLCwsjGxsLAxsrGzM7MwMjExsTOyMrJyMHIwM7FwsDB4HQIA,200,0,100.00,42.0,73,42
2-8-9-13-974351898,200012,3294,1282,38.92,DclBEYAwDATAa3OXpO0XAahAWH0wCEAMJnCCAfrcWR5je+957t+DUo00uTOCgFLVWs9S0IzVSUhrJVtGsPeUY1w/,142,58,71.00,54.0,178,54
6-7-1-14-484149411,100026,3231,1733,53.64,DcYxEYBADATA/F/u8gkGEMAMHSW2EIBPahwwOICt1vdpPpZnu97TWgfgdAWHSCjVoBoQi5bZqOoudNJ9IP5a2Hp/,199,1,99.50,54.0,223,54
9-5-3-12-529092644,100026,3129,2369,75.71,BcFBEYAwDATAy13StMEAAnjz7BdJCMASerDB4IBdn8t6bu/+fBeMpCSDQLdo2a1181EpMYxiqxHKBHoqhxdB3McP,200,0,100.00,54.0,165,54
6-1-7-12-1460536077,200015,3076,2177,70.77,YzHjVPeYcqXATleLgREEmRgZmRlYGBhY2RjZmViY2Jg4GBmYGZjYGNmYgFwWFlY2ZjYODlY2FgagCBs7O4PKQgA=,195,5,97.50,54.0,361,54
3-7-6-10-1011770516,200003,2887,2178,75.44,Y9HiMjo2L70p+KILAyMTExMDAzMLEwMrGzsbBzsrBysHJwcDJxMDIwsnMytQgJWNmYOFkYlBYwIA,195,5,97.50,42.0,68,42
2-5-6-13-112814722,100010,2865,1331,46.46,DcqxDYAwDATAz8fx2wnzIDEIPR2DUCExCTWzUcPVZ/O0Ldfx3OsJFFYaGuDycKV6SKOPhIhW5dZHobtYkhaqf8W7fw==,168,32,84.00,54.0,141,54
4-8-9-10-449956610,100002,2820,2479,87.91,Y1HntDrKMfF9W+RuBkYmZhZWNmZ2NnYWDiYmNiCfjY2RhQnIY2XhYGFiYmUGiTLcOQkA,200,0,100.00,39.0,71,39
1-2-4-14-556491290,200010,2786,1583,56.82,DcOxEYAwDAQwJ7HfydsMRJGS5ViDaaiYgTGoAN1J12V75nHd7ylFqjQthvr3PkAAVs0iCAZH0+5MBiIzQKNT+2gi+wc=,157,43,78.50,57.0,261,57
8-1-7-10-1113274906,200012,2599,1855,71.37,YzHjELkyu6hX4fN+BkYmJiZGRmYWZgZWNiY2BnYWZmYGIGZhZQTKMLADSSCbhZmNgY2JhZmRhY2JnZGNhSH5EAA=,200,0,100.00,54.0,237,54
2-8-1-11-914433613,100008,2584,1983,76.74,Y9HikF5it/it5dZKBkYmZgYWFlYGBgYWEM3Gzs7Oys4KZDODCCZGBjZ2VkYmdjZmhnUWAA==,200,0,100.00,42.0,100,42
4-9-6-8-1331527505,100009,2574,1776,69,BcE5AYBADATAzT4JBmgQQIEfKiQgEBlniRlf27eetR/3C6CKoBzEYDc5xTQlxXbM0SjEWT8=,200,0,100.00,42.0,97,42
3-6-3-13-2135051854,100034,2555,1416,55.42,FcexDYAwDATAj/2OnTiMhZSGsZiDDahYho4xKBHXHefynPcx92tDEaURNJhK9RCauv2FsSm7ZA21BOjDNWpBwqX1wYzI6C6jZcG7fg==,193,7,96.50,72.0,285,72
2-2-4-6-516912024,100006,2546,2255,88.57,FchLCYBAAAXA9zWMGWy0fcxhA7GEsD28CuIcJ+tynM9493mDEEHZSh3CdWtVrPBX3KAmru0D,200,0,100.00,42.0,111,42
6-5-8-8-177839705,200003,2527,2025,80.13,BcExAYAwEAPApMnnccHOiAYcIAIf9QFy2HHEnbdlf59rnt8BDsEqOmQpYtROAoCyW5JH1wDW+wc=,200,0,100.00,42.0,101,42
4-2-1-11-366039763,200007,2517,2187,86.89,FckxEYBADATAu1zy+Q9KMMAMNvBDhRsk0NMgBB0M266v0749xzsvN0AjIQEywcwpRUswWxfZxj9J8559RA1GlWU6zusD,200,0,100.00,57.0,224,57
4-8-2-11-416714199,100040,2512,1792,71.34,BcExAYBADAPAtEn7LWpYcMCOgpeBGjQw4QcDmOBO6/Lu2/GdzwTMKcoigwCVCsskNcQc1T0EMuVeXQKu+wc=,195,5,97.50,48.0,295,48
3-9-1-10-1437898536,100010,2489,1836,73.76,FcqxDYBADAPAOHYcJkJiEHp2oUJiEmqGo0I85UmnedqWc7+v9QgkxUIJNOyWBNkACRSbwfxDj+JUkAPxvB8=,200,0,100.00,54.0,287,54
7-9-3-22-1134896836,100061,2471,1171,47.39,Fci5EQIxDABAfZblX7ap6Iq5DLogpAkiZmgH+mHYcOW8PD7X7/t5fwEiASAxIYJA0MjMgAGN1FIuEVNt1A24I2XNPYzhZa49E/jaRdxhilhU1iwqZq2O5SbbvIr9L2uD2/ED,197,3,98.50,102.0,936,102
9-2-1-10-992417545,100008,2456,2288,93.16,DcQxAYBADATBvVwSROCAipYGNZhAD28BWXjgp5jclnWcz3e8N4KwZxKpwmEhZYSrjbqzQAH79QM=,200,0,100.00,42.0,139,42
4-4-3-19-169896340,100063,2417,778,32.19,BcG5EQIxDABA/fKnk22GoogISZmhGzI6oCoiirldeV3+v9v98fy8AYkFlVjNRUpt5gpNSi8yojQ/UoSLOBiDzlTEY84DYxF0cbXOPhRyRWwauanusSplDiwjQs2U4fo9AQ==,150,50,75.00,99.0,1032,99
3-6-5-7-1300720893,200004,2385,1912,80.17,Fci7FUBQFETR+dy5IhI1yPUoVpM2SNTiic5ep/bp3eb1PJ4FFAiXEiBqJHaPtNMlNsSxEvpX4b4+,200,0,100.00,48.0,215,48
7-1-2-18-283465020,100041,2377,1807,76.02,Dcq7FYAwDANAS7IT58MWLAIVQ8KUPHpy9fm13cL5vfthCwjIKIKUmVyKKPJaHG4lV0kiWwfHTLqjMaz2ntCYamPWtHh+,200,0,100.00,72.0,348,72
3-3-7-14-337412540,200007,2341,1032,44.08,DcS5DYAwEATAPe/Ze34oBJEj0Qb9EFEbCYUgyoAJxrfp2O/zmdcLlkDPRVEbRLUMmhhAqJuUGsHKVMboDg799ZJVsbwf,182,18,91.00,57.0,141,57
1-8-6-10-493415321,100040,2318,1660,71.61,YzHguOdi6v+6dHMsAyMDEzMLEyszAwMLExMzAxAzMjAwMDOxsTCwsTIys7GwMLGwMbOzsrMzswFFGYoiAA==,200,0,100.00,48.0,378,48
5-2-2-10-306512679,200012,2317,1222,52.74,Dcc7FYBADATATbL5USMAFQjDxyk4MRRYwAkGuDfV8Nz2d17j+G5AdDE6gkklV6tNJJwQdKm4pkAzG6hUywDm8wM=,165,35,82.50,54.0,207,54
6-3-7-14-15122547,100026,2288,830,36.28,BcFBEYAwDATApLk2ybX8EdA3T2whAA1YQQ42GBywi31Zj/luz3eKFoOhNg9LZaAH1UiCYbQc4VG7oAwOtuIpHa3Kdf8=,129,71,64.50,54.0,116,54
8-1-7-10-1122611271,200012,2224,1147,51.57,DcpJEYAwEATAubJBAALABMLwgYKIwQQmeGOAPLuqcyzrM85r+25QpOQQjUX07igsQ4nBSM0pe44KPFnV8e4/,194,6,97.00,54.0,210,54
1-8-9-14-1416127145,200015,2181,1337,61.3,DcSrDYBQEATA2333pxASEiwSTS0oiqE0qkHBiNFtmo/7ufZ1EUCIoUYxeCRqgG7oZGl0mSt9IDX5F+2ulibv+QE=,198,2,99.00,54.0,208,54
3-6-1-11-94008267,200003,2180,938,43.03,Y9HiNDo2L70p+KILAyMTMwsLKxs7CyszMzMHCwOQw8DAwsrCzMHOyMbEwcDCzMDKxMbIzspgtwcA,169,31,84.50,42.0,82,42
2-2-1-15-1852844686,200007,2178,1239,56.89,Y7Hkqw061fxM0+woAyMTAzMLCysbAws7GwsQczCysnFycbOwMHLwcLKyM7AxsbAwcTAwcHFxM3DzcjIz8/LwMjDwsDFMkwIA,190,10,95.00,57.0,218,57
3-7-7-11-1316746172,200003,2159,1574,72.9,Y9HiMjo2L70p+KILAyMTMwsIMLCygQA7Bxs7JwsbKxsLAyMHMxMrOycHJwsTMxsjC8PXfQA=,200,0,100.00,42.0,111,42
9-9-4-15-854056714,200007,2088,605,28.98,DclBEYAwDATAS3rXNm0RggFmsIEfXmjjgwMMoIM+d5b7ch7P9a3bDfNEuZhFd7dSkxABqfXexVrgmssyKjAaU4sxacjvDw==,154,46,77.00,57.0,168,57
3-2-2-20-1589224852,500001,2076,1032,49.71,BcG5EQIxEARAPasZvasP59wLiACwCJcqqoiCKDiHbrnf3o/XdZyfn7HOS4CQAGPKpbaErCpsjdZHi8QavUC7AlIznRmhaO9awjSOmGOtMYV77W2e3z8=,200,0,100.00,78.0,300,78
2-8-3-8-837038233,100008,2028,1693,83.48,Y9HikF5it/it5dZKBgZGJmZmBiBiYQWRrGzM7GwMbKzMDExsLGzsjAwMQBkgxcbEMO8YAA==,200,0,100.00,42.0,138,42
9-5-3-12-1453237172,100026,2002,1130,56.44,DcVLDYBADAXAvv5bDCCAM8e1hQAMogAbgAM2mWR0LOuxPfv9nQTGJHOBiphHlrdmEQcETaDKgCWnGzqVIEzv9QM=,200,0,100.00,54.0,149,54
6-5-9-10-1675873812,200003,1912,831,43.46,Y9HiMjo2L70p+KILAyMTMwsLKxsjOwcjMxszEycrMycjMxMrBwsLAzsrIwsHKycrCzsjGwMzwyk/AA==,144,56,72.00,42.0,70,42
8-4-5-13-1227238515,100026,1830,579,31.64,BcG7FYAwDANAxVK+NtQZgJqStRgge7IGjw2407XN+3jP51tIRhGZKslQ2XoZlDdHDBkz0qD3VqmI4lUZ3Z3Y1w8=,200,0,100.00,54.0,115,54
2-9-7-14-73137766,100010,1825,1018,55.78,YzHjSbDsad6yKrSTgZGJmYWFmZGZkZWNjZmdnYMdhDm5uDnYWYGCDOysLCzcbEzMXJyczEzsQKVc3AxA4cLFAA==,200,0,100.00,54.0,189,54
9-6-6-5-359897715,100009,1811,1608,88.79,Y9Fi3X4++ryoVGg2AyMjAyMTAzMLExCyMDIzMTEzMjMwAElGJiYGFrAkCwszCwsDw/7tAA==,200,0,100.00,42.0,123,42
9-3-6-11-1601603057,200004,1807,200,11.07,BcG5DYBADARAr9c+PwgSdCWQ0yMxBSIhamHGzuU71v2+nk2gJEBT+mBkJVCZyeFsN3AkpCMaJYSpzPcH,28,172,14.00,48.0,131,48
3-9-4-10-1611515397,200012,1790,1066,59.55,BcExAYBADAPAtGm/KTMCUIEwRPyGAsQwYAEnGOAu9mV9r+PcvhvmZJBIIEcRSopKuarhqBFiJI09CqwmKg3z+QE=,199,1,99.50,54.0,240,54
4-3-7-12-229595959,200007,1788,1307,73.1,DcZBEYAwDATAS5q0vQQjGGCmNnCAEF5IQQsfhKCDvnZtLOf+Xt+6PRAt5mpWWwe1EXTGHHLiymiKjlqYEGaGREap2XHcPw==,199,1,99.50,57.0,187,57
8-1-7-18-411954126,100093,1756,216,12.3,Dcq5AQIxDARAaVeWrcd0QUhPUMN1dDENEJLSDg3AxGP3y/v2Op6f8yEKCmgmNqBUn+IkV/icK1IjLWJlhVRbd2ex2/9bc8Cwt4rKqNxGJrwioAJPqLtHpVy/Pw==,71,129,35.50,96.0,19131,96
4-3-6-9-641998791,200015,1690,1166,68.99,FcqxDYBAEANB373/bCpBQiIlJKYciiGmGkqgIJ5NZ7lN83G9574uiEBmI3t1WVUCmfXnLA4lg2q2NL7uoAHczwc=,200,0,100.00,54.0,338,54
3-8-9-11-1855175220,200004,1688,771,45.68,DcOxDYBADANAJ07iDxI0zEDPIkxFzTgMQ8MscNLFPr3bvF7ns8Cc9MgSRv8JuNpDEpAyNERyyMvDKnHcHw==,153,47,76.50,48.0,161,48
9-9-5-14-1792126750,200007,1684,1121,66.57,BcFJEYBADATASTJ7JxhYBRigChv44YUjPPBBCDro5r6cx3t96/YAohAzJs00zaWm1PqoIt57MzKamBBWYuhwp9YoWQHc8wc=,197,3,98.50,57.0,175,57
4-9-6-8-175372921,100009,1668,1319,79.08,Y9Hi2H4++ryoVGg2AyMDIyMTIxMzCxAwMjCxsjExsrKwsLMyMQOZTEws7OwsTGzMrKwsDPEdAA==,200,0,100.00,42.0,137,42
3-7-2-10-785463290,200007,1650,885,53.64,DcqxEYAwDANAyXIcm4YVaFmAu6zBPlTMRsMgzEGqb97Hcp3v/e3HA5po3kgHBLgkRE+ksgimMWWcYdIL3SLUvBzb+gM=,161,39,80.50,57.0,222,57
5-8-8-10-1503347691,200004,1645,1122,68.21,DcirEYBQEAPA3O8lxwwYPA5Pj2iqoCoMtcDKzWN693m9zmeBeSDLhhVIByqDHKSG/rIuhotdqaZJ2O4P,200,0,100.00,48.0,146,48
6-3-6-13-70881245,100026,1640,707,43.11,DcmhFYAwDAXAtEma9Pfj8aCRrMUA7MkaPCwKzp7t03ys93Y9p5Sq5t40snYHNHMUR2cjlY4hSsP/QEeJCmPIkOX9AA==,170,30,85.00,54.0,131,54
8-5-5-12-2026022116,100026,1611,1102,68.4,BcFLFYAwDATA3XyaNkEAAjj3xMMWAjCGEmzwcMCMHct6bu98vgsUBWnqxha96UCSPaOku2oxpRQQInNQwnOINez3Dw==,160,40,80.00,54.0,139,54
1-5-9-14-1372836591,200012,1609,587,36.48,YzHjFrkyu6hX4fN+BkYmZkYWVjZ2JlYGDjZ2dnZONiDJxsTKyMbBycEIxGycbCxs7IzMnFxcDIxcnMzs7BwsDCoJAA==,185,15,92.50,54.0,231,54
3-6-9-13-347808302,100010,1583,759,47.95,DcixDYAwDARAO7Hzb4d5kMge9OxChcQk1CzCRqQ7na3Lsd3n++yXaKnm7g10x0SQkarwDrKxmiCB0i0LolNQ58r4fg==,196,4,98.00,54.0,188,54
8-3-9-13-125831418,100010,1548,907,58.59,Fco7DYBQDAXQ277+iw8ckCCEHS9MJChhxgSuCGc+skz7eh3PvZ0gHsJQmBMiiVHGjHZFuUcl3DrtP6M6SsXMC+/8AQ==,200,0,100.00,54.0,135,54
4-2-2-11-1048614710,200012,1511,893,59.1,YzHjFrkyu6hX4fN+BkYmZkYmRjDJwsoAZDAxMbOxMzMxcHBysTIzcLKxMHMwMjEwsLKxcbGzcLFxsLNxMjLMYwcA,194,6,97.00,54.0,212,54
4-5-2-7-544909645,200015,1499,1115,74.38,Dci5DYBADAXRf9imFCQkUkJiWqCLTehkS9uCcDDBm7i2/Zlr3OcBkp0ER5bKQolOVRhlMCHKIWWSvdkGvvcH,200,0,100.00,54.0,381,54
4-8-8-14-1848178681,200012,1492,776,52.01,YzHjE7kyu6hX4fN+BkYmBmYWRlYGNiYmBnYOZhZOFmZWdi4ORm6gEAMHNycPDwcPLxcvLxc7AxsHAzcDBwcnBweDFxMA,196,4,98.00,54.0,170,54
6-7-5-13-1025027369,100026,1477,916,62.02,BcGxFYAgDAXA/ORDEsDeAagtXcsB3JMZ7Hxu4B3Pbb/me6zvFkDNlIXVQ5DaQHQmR02FRYS0Mbqp1xampRdauKznBw==,200,0,100.00,54.0,117,54
9-9-2-15-599285093,200010,1463,672,45.93,DcoxAYAwDATAT/Ntvg2GGBhRigFssIAGZDABNx/naX2W7brfA2ZAcdYW6oPMTKJ3jKo6LFW88D8tFZSIyEYDHdjPDw==,172,28,86.00,57.0,223,57
9-2-8-9-1955175113,100040,1425,993,69.68,DcYxFYAwEAPQJM3ddcELCw7YUYCMKsMPex8m6PS/9/6ex/WN5wZINcgKpukVSy47VQLDlUBjEFwAc/sB,200,0,100.00,48.0,464,48
9-2-8-9-475852910,100040,1416,540,38.14,YzHguOdi6v+6dHMsAwMjIxMzIxMTCysDGzsjOxM7kMHCxM7EyMzEwsTIAhRgZmBgY2EEqmNlY2BgaGIDAA==,175,25,87.50,48.0,385,48
3-2-5-12-919527696,100010,1402,576,41.08,DcG5DYBADARAv2d7TTUESFcIOb0QIVEJMQXCjG3LMe/zffaLWNR8hGRVAsgCuqpR+aPgFLehgoboMJfkINBcPw==,195,5,97.50,54.0,170,54
5-1-3-23-46216807,100086,1387,316,22.78,Dck5AcJAEADA/ff+NwpoocYZZjCCCSo84COZduR1/I/78/Z+fACJhdRc1MxRQyT2hJC51BgkldB6HHWk3nLJdTTIrXuelci0dca+djavfVXwNpRcRa5zR5x7CCrsCWoyFpIxG14Pv+8J,187,13,93.50,117.0,2663,117
5-2-8-6-210008701,100040,1383,930,67.25,YzFgu+di6v+6dHMsAyMDAxMTMxMTEwsjKwuQBAIgB0izAklmBiCPgYGBhZGRgZGRmZWBheE+HwA=,169,31,84.50,48.0,451,48
3-3-6-9-157850138,200007,1372,879,64.07,DccxFYBQDAPAtGnzgxQM8B428MOENhYMsDOgA267Wqd9u453Xk5EBqtT6GFKA1aSYYcixRw0O7JNFySU/sON5/4A,198,2,99.00,57.0,228,57
3-8-9-11-1991454686,200004,1363,694,50.92,YzHguqfKK9zbfJOPgZGJiZmZhZWNjZ2Bg42dmZmdjY2JE0iyc7CzsbIzsjNwsjAxcQAJNmY2RnZWBl87AA==,187,13,93.50,48.0,159,48
6-7-2-12-182340579,200004,1318,824,62.52,YzHguqfKK9zbfJOPgZGBkYmZhYmBgZWZiZWRiYWRjY2VjY2dASjAysbBxgkU4uTgYOcEKmNlBgqnRgEA,199,1,99.50,48.0,148,48
6-2-4-10-824060172,200012,1279,762,59.58,DcY7FYBADATA3XwuWWoE8BBBhyl8oAAxmMAJBmCqiW2an+s4l/cGYSDhtPibg9UAo1FqWbFpyLYh9/aQ0uUD6/4B,179,21,89.50,54.0,184,54
9-9-5-14-1336417582,200007,1266,64,5.06,BcFJEYAwEATA2cnk3uAjBqiKDfzwQgpa+CAEHXRrbefxXt/cHxgDRMVEgEQuQbG2ruStRo1SjeSAspdkrQPd8wgg1v0D,41,159,20.50,57.0,150,57
4-3-6-9-51158828,200015,1230,806,65.53,DcqxDYBADANAx28nYRIkJFrKrxHTMAyjMRBcfTqW9Xzee+4bAkEOmc5SlRMSXN1WqIlwB+sP5dZIsR3AvD4=,193,7,96.50,54.0,341,54
3-8-3-14-2006835512,100026,1230,637,51.79,BcFJEYAwEATAmeyRbLJU8YwA3jyxhQAMoBAbFA7o1mOZ5/buz3eBLKIGZy1s9OjA6DkaetJLAOJOmqLWVGsYIU7c6w8=,180,20,90.00,54.0,130,54
2-2-1-9-537723634,100002,1206,843,69.9,Y1HntDrKMfF9W+RuBkYmJmYWVlZmNnZ2Jg5GIACSDCzMbExM7ExMbKwsDIwcTIyMDO4VAA==,200,0,100.00,39.0,85,39
3-6-6-11-2022631346,100010,1195,601,50.29,BcG5DYBADARA7/o/+kGiEPLrhQiJSohJCOmMGVuXuV3Hc++ngFAlzEORQGUlAh7Q9iHhapF0eimTPaxjSMr3/g==,197,3,98.50,54.0,161,54
4-8-2-11-1673016249,100040,1185,468,39.49,YzHguudi6v+6dHMsAyMTEwMzCzMjCysbCwsTKzMzMxuQzc7CxMzMwsrBwcrOycHGClTAxMTCyc7JwHCkGgA=,192,8,96.00,48.0,313,48
3-1-3-11-431127941,100008,1175,1017,86.55,Y9Hikl5it/it5dZKBkYGBiZmZhYWVjYWRnZ2VkYmDg5OJg5mJiYGJjZOJgYGTlY2IMnEzsDA2gkA,200,0,100.00,42.0,101,42
9-9-4-15-2034530264,200007,1166,656,56.26,BcHBEYAgDATAS3KBELAQn3ycoQ378WVtfizEOtzl2q7zvb/9eCBqRooXraA6YOLRrDKjB0tLVVHx2noWG8PN+xCAmOsH,198,2,99.00,57.0,138,57
3-2-9-9-382342794,100010,1159,614,52.98,DYm5DYBAEMRmb2YfGkKiEAIyWjkRIVEJMQWyDuzAWpdze67v3W/YoDwSEllNR6pqSQkj4YwaPQaDDsqQOOYP,200,0,100.00,54.0,293,54
8-2-9-13-1782577181,100026,1137,772,67.9,DcVBEYAwDATAXC7pNcUAAnjzxBYCGNThARsMDmA/G9s078uz3u9hcBJgZPM0sdeoMYQGiBFe/926SBUoNlWq7Do/,200,0,100.00,54.0,186,54
9-3-7-8-912653007,200003,1126,617,54.8,Y9HiMDo2L70p+KILAyMTMyMTCyMTIxMrGxsTKzszKysLExsbKyMjIwMbUIaVnR2ohI2BieHgKwA=,199,1,99.50,42.0,133,42
2-3-8-12-1048448507,100010,1124,285,25.36,DcGxEYBACABBHo5/wH50LMTcXoycsRIjAwvUXeZpX6/jvbdTmhreGUREFgGRUVX5qyEFat5bQutuCikj5Vk+,132,68,66.00,54.0,205,54
2-7-9-12-1674609735,100010,1119,500,44.68,DcmxDYBADANAJ3GcPAPQswQSg9CzCxUSk1AzIFx7XKdju8/32S/A4AgHM6XqIS+OpqvhJKE2Z+iPCqVRRAPL/AE=,183,17,91.50,54.0,241,54
8-9-5-10-1190696301,100002,1116,722,64.7,Y1HnsjrKMfF9W+RuBkYmZhZWVjZ2Dk4OdnZmdk5mJiZmBjZGDjYWRhZmdlZ2TnZ2BnZmBu/5AA==,194,6,97.00,39.0,54,39
3-6-5-11-1411851161,200004,1107,519,46.88,BcGhFYAwEAPQNE3Tu/LAMEM9O6LxrIZhDxz/61jeue7X+WwoYJUa3RlmJ9KQholwc4nRq5HDVanihu/+AQ==,156,44,78.00,48.0,101,48
4-7-8-8-1536951209,100040,1103,680,61.65,BcFJAYMADATAbPYIcvjggH8V4AKU4QIRGKgJZrQu7779/td9FLopQ4DMYhL3yGoSjCbDBp32zLDqfD4=,197,3,98.50,48.0,397,48
7-9-9-14-721335329,200015,1094,570,52.1,Dci7CYBAEAXAd/vf+xjYhCCYGhrbjGAxlmZBOuHIPi3n897HtgIFBCZR87CsClZJa8Z9wGKM4jU5emZvnH9TFS+Yrw8=,192,8,96.00,54.0,131,54
6-8-5-15-718724937,200007,1080,263,24.35,BcHJDYAwDATAdbJxLjupgwaQ6ALRDy9q40MhSHTBDLd5Hs/1LusNCVGYqMhaUBtz7RTJJgIP6l2tjgS25p02hgYUjbEk7N8P,101,99,50.50,57.0,101,57
7-6-4-20-1459650687,100064,1080,311,28.8,DczBFQIhDADRBBICJCHAWoMHa7ElLcQ2tAiL8uBe5vTf0PPyfszX/XP7ASAinIUEkIlLLpwSUhasrRdSU6k+wptw7dyVzQ2smzfkGJOsj8YiXb01WPtgoDpiZT3WnvX84YbY2bGkmSSRjhPVslesGHD9/gE=,172,28,86.00,126.0,1946,126
8-5-2-16-1916087256,100084,1072,236,22.01,DYjLDcMwDMWePpZl2ZYzQBfrAsm9U3SL3IuO0cFqECBA6nl8P4/f63rfADGT6LYoo2xgbIK9Krm3KtxCrfTRprPuRJCmjrIwO8YKmYu0CIjSw80sXTIserWaCS1WcT//,191,9,95.50,102.0,3209,102
9-3-7-10-726934605,100040,1071,326,30.44,DcS7AUBAFATA3X3fU41EByKJCpShMv1IBZpggvF5utdlf8/rAEkZXIqsRvcQ9SdY9XBvlYGRFJlB4Nk+,149,51,74.50,48.0,279,48
3-5-7-10-117892677,100008,1064,665,62.5,Y9Hikl5it/it5dZKBkYmZhZWNkYQZGVjZWFnZGFhZGdh5eBgZudk42Ri4OBkYWNgYmVlZqj7AgA=,199,1,99.50,42.0,76,42
2-9-2-13-725874506,200012,1058,406,38.37,DcNbDYBADATAbbt9XO8XAagg6MIHChCDCZxgACYZbnN5ruNc3xuigIEO90h6VSg5SiS6ocgODwsHauS/ANKwzw8=,196,4,98.00,54.0,199,54
4-3-3-8-1447554851,100040,1048,724,69.08,YzHguOdi6v+6dHMsAyMjEzMLEwMrGzMDKxMTOzsbGyMjGxs7OwMLkMnKCmSyMLAyMzEzMgIJVgYG4SsA,198,2,99.00,48.0,340,48
6-3-7-13-1633948021,100026,1037,524,50.53,Dci7FUBQEAXA/dx9+1OARCYWaksBqtGUNhwdMOFgn+Zjfbb7PYlFAagN10AWolIswjUDxZWkrgUeXd2CP3MY0XJ9,165,35,82.50,54.0,158,54
6-7-2-12-1154149677,200004,1036,746,72.01,BcG5EYBADANAyY/OZgYSaiC/dqiHmKqogoRa2I25fMe639e7gTB6EMigBCqR6UqjMAq0LPUY3Q5GEefzAw==,197,3,98.50,48.0,161,48
3-8-8-11-687753464,100008,1034,739,71.47,Y9Hikl5it/it5dZKBkYmZhZWVhYGBkZGFgZGNnYWFg52Fg5WTjZmkBATJwsLJzsbEwsHM4NLGAA=,200,0,100.00,42.0,73,42
9-5-1-13-424334267,200015,1028,836,81.32,DcqxDYAwDATA9/sdxyyChERLE4macRiGDViJgUh50ulY1uv57nPfYKDTJEZriZ7u6sggakoOqzmUZDX3FGhhxHh/,200,0,100.00,54.0,231,54
6-9-1-10-987075014,100002,1025,816,79.61,Y1HnsDrKMfF9W+RuBkYmBmYWJlYmFjYmVlYGdiYGBlZWVkY2dlYGZnYGNmYWRlYGVgYmBq2TAA==,200,0,100.00,39.0,93,39
7-7-3-10-1354274236,200015,1014,788,77.71,DcrJCYBAEATAObrnMAMjEAS/+/QnGI7BGJoBud+iMJbtfr/nPHZRc3GHOyNpFEFR0WQqAROYwjtbo8Qqpulc1/oD,200,0,100.00,54.0,324,54
8-4-5-13-807838023,100026,1001,525,52.45,BcExAYAwDATA5D9tkrbsCOjMiC0EIA8P2AAccGf7sh7z2e7vFAVBtUJRQXVGNqJ11zpYSkLdkzEIq70bXdvwkPf6AQ==,200,0,100.00,54.0,116,54
9-1-5-15-1325389182,200007,997,883,88.57,DcJBDYBADATA7XavvStKMECCDfzwwhp8EIILEsiM1mnf7uOZlwtG+k8umNNaEMgeZO+jOEbCZRKjhasSjGrGMJzvBw==,200,0,100.00,57.0,202,57
8-2-9-13-1849649702,100026,993,653,65.76,Dcm7FUBQEAXAu/ftXyhRgFioFWUoQJ/acHTApKP7tJzrs93vBaEQGGouwnAJpsMrK6Iz6q8UUpEZgHa7DzMc8wc=,200,0,100.00,54.0,153,54
3-7-1-11-1953672257,200003,976,398,40.78,DchBAYAwDAPAtEmbzQpPNOAAEfhACHL444jd87TN/X2u+/wORAKgit02PJqDaMIdleIKQ1kBlH4=,190,10,95.00,42.0,80,42
9-1-4-11-757882558,200004,971,783,80.64,BcG7AUAAFAPAJC/vo6Axg96CKrUBNWZx53P5jnV/7ncDFSARYpjpKsKdxkiEQFd0zzDSQgBX/Q==,200,0,100.00,48.0,166,48
2-9-7-11-746779711,200003,960,431,44.9,Y9HiMjo2L70p+KILAyMTMwszMwsQs7KysrCysbKys7FwcHKwMLJwMrAwsbOzcTCxMDNwMjK8WwYA,172,28,86.00,42.0,90,42
1-1-3-25-479134804,100093,942,477,50.64,FcbJEYJAEADABfaenRvDMCeNwYx4kwBPviRgOuKjqzq+Hufz+OzX9g7TvMQ0L2H6L5eaYmqltV4jjJJz7R3GQEIgJhFGZgJEUkADNSckcnGVe8wu5oIAtuptNdVwfH8=,190,10,95.00,96.0,9275,96
3-6-8-9-1535201331,100002,941,859,91.29,Y1HnsDrKMfF9W+RuBkYmZhZWViYWFlYWNjY2dlZGViYmdgYmJjY2VgagADM7CzMbIwvDz3wA,200,0,100.00,39.0,76,39
3-4-2-12-807668178,200010,898,130,14.48,Dcq7AUBAEATQ2d25289pSCBUlkQrqhGpQRkivPhxntZnOa77PSFQMbJ190hGhbK8YgyOiDInpByW8pfeKKlgCRz79gE=,116,84,58.00,57.0,243,57
7-8-4-8-836089026,200012,898,631,70.27,FcZBAYAwDAPApklTBCAAFROGDxQgZibwgAAMAK87jWW9zv3YnhkAMsCMgMT/WaSyZH5200Clu6tdJdodMe4X,200,0,100.00,54.0,225,54
2-5-2-9-489471248,100009,897,532,59.31,Y9Hi3H4++ryoVGg2AyMTMxMLCysbEwsjKzsDMwc7MwMHIxMbKxMTOxsrCxNQjoWVg4mVhYVhz0UA,193,7,96.50,42.0,94,42
8-8-4-18-1892156561,100063,895,142,15.87,Fcm7FcIwDABAfR1LlmWbRTJHKkpa3mMbOpajYhcI1548Lp/3cb3dX09ABGIA0aK0QSXEImxQ1LxFoPRCadW1DtsIKZEDRGQkMWvxMdV7/CuSW87wBp1QYaXp+WtN2L8/,185,15,92.50,99.0,579,99
3-2-2-20-2017352262,500001,886,332,37.47,Dca5EcJADAVQ7fWlvbSXE6cuiAIokUqYYYZmyHBiv+j5x/Z5vs/9+P7JWOcDGBCRmDiXWoVVLZxDUBPEi9HCElsE7B1KXfNobfqcqEJGX7MPxtS16PW7AA==,200,0,100.00,78.0,290,78
9-3-2-9-7806217,100002,882,721,81.75,Y1HnsDrKMfF9W+RuBkYGJmYWVjZGdnZGJjBgZWBiYGZjYWIECrCxMAMVsDIxMWiWAgA=,200,0,100.00,39.0,76,39
6-3-3-13-227541329,200012,867,530,61.13,BcFJAYAwEAPAJN1eu+WHgKrADxbwgQLEYIIfMjDAjG3L+lzHOb8bFCkkUZapXFgb2OHs0W3AsghJUdrwWlMrPlLg3X8=,150,50,75.00,54.0,176,54
2-5-2-10-2080855627,100008,861,421,48.9,Y9Hikl5it/it5dZKBkYmZhYWVgY2BnYGFlYOdg4GTgYGDiBkY+bg5GRlYmRhZ2NhZOJgYWZYYQAA,181,19,90.50,42.0,73,42
5-2-1-10-1995414902,200003,849,500,58.89,Y9HiNDo2L70p+KILAyMTMxMjAxMjCyMLKxsTAzsrKxsDIwMHOyMTIzNQmIONnYOJiZmFkYnBzAAA,197,3,98.50,42.0,130,42
3-1-7-12-1738946395,200007,836,375,44.86,HcU5EYBAEATA2X8HJxigChv4uQhLZ4EEIeiAIun2fRnHfT7rdgGiMLdAViDaoZ/RCv5DCiVMa9LADmO3ZTjmfAE=,192,8,96.00,57.0,232,57
7-5-6-12-275990819,200012,832,191,22.96,YzHjEbkyu6hX4fN+BkYQYGBiYGZkZmFlY2fk4GTg5GLgZmDm5uJmY2fjZmHmZOTgZmdk4mJlYWZmZWHiZuFgYZC1BAA=,150,50,75.00,54.0,135,54
8-9-1-14-545734118,100004,826,408,49.39,Dcq5DYAwEATAvWfXDxK1UACSWyChHnpExARUgiee3JfnO+7rXU+YmYclaGKhVN0jGjtbE6hwaJYecGWyz1RUaYHq2MYP,200,0,100.00,60.0,225,60
8-4-2-12-1548306441,200012,812,396,48.77,DcoxAYAwDATA/CdNk7AiABUIqw8wgBhMYAEFGKDLTWf7sj7XOLbvFlAJGJTCBtceIVlTlpLWiB7wMAgqZR7VdDnfHw==,199,1,99.50,54.0,135,54
2-7-3-14-1131539159,200015,796,330,41.46,YzHjUfeYcqXATleLgZGJmYGFlZGVgZGNnYMRSDNwcrAycDFwsXFzAAWYGTjZmFi4OVgZgYiTi5uFiYEdKMhuAQA=,162,38,81.00,54.0,205,54
6-4-8-11-1193081105,100026,779,216,27.73,DcFBEYAwDATAS3vtJcEAAnjzrC0EIAo3/FHA4IDucizrsb37/Z2wUkm2DhHdYwIrMikjfGIwapGsZGupLs/Ec/0=,191,9,95.50,54.0,164,54
1-5-2-11-69690737,100009,776,269,34.66,Y9Hi2n4++ryoVGg2AwMjIxMzAzMLEyszCxsTOwcnEzMrI5DJzMTBwcTMzAQUZ+fkZGNnYjg6FwA=,102,98,51.00,42.0,133,42
7-7-4-14-230658716,100093,769,263,34.2,Dcg5FQJADAXAJJufe3FCgSPQgCNqDFDSoort5o3eL9/r5/n+vR7ELCRLlYnkeJHAzkDZjgnLD4TDssJpVXaiGj490zvNZ2yz7hxUZIR3e8CsADUt0tsf,120,80,60.00,96.0,11624,96
6-3-6-13-193955091,100026,765,275,35.95,BcFBEYAwDATAtLk2uaT8EdA3T5Rgg0EAPrHB4IBd7Mt6zXd7vltKVShaNy9kuGcSkp7qRFpGbcO6KnwM6VAWthpynD8=,155,45,77.50,54.0,120,54
2-5-6-13-435027142,100010,763,412,54,BcGxDYAwDARAO36/nZh5kBgkomUXKiS2oKNmQO6wLsd2n987L9FmUIMzslsmqdrJtD6CAq+MNhQG0rSqDaZDZH9+,200,0,100.00,54.0,178,54
5-2-8-18-525856702,100097,731,400,54.72,DclBGcMwCAbQJEAgCfxMyOTMwCT01uvcTUYF9KuG9l0ff17Xfr63//cotRFLV1axMZfWNoSI3D0QFoY0LMhE0c5BOgut5yXgnBkwdDZLcWSaNR3OtZy/Gw==,189,11,94.50,84.0,450,84
7-4-1-15-372492010,100090,727,446,61.35,Fcg7EYBADAXAl+QluQ8tFTU1FrCAPGawgRQUYISj21ke0709yzXvJyAKg4lQATOFug+PpInbb1AjQTGBE+Ka4SWD1ZmWrWeUNiZa7b1ifT8=,183,17,91.50,81.0,1018,81
4-7-4-25-1192900149,100052,726,186,25.62,DcHBAYIwDADANC00CUlaaKE4hWO5gh9H8c0CzuQcepeet+Tj/fpcXwgYU5zCnIllAUTVOIlo/COiwMIc2bwE0rpGJmISmWRrHELVvhmkWpr3PLvJuifw1bguix3jOB1hH3KUOufTx7k1wG5Vd0K4P34=,105,95,52.50,120.0,687,120
3-8-9-11-1156870387,200004,726,242,33.33,YzHguqfKK9zbfJOPgZGJmZmZhZWNgZ2dg52Bk5mFnYmdg5mBgRMowsrAyACUBKpgB8pyMjCysTJcaAMA,132,68,66.00,48.0,187,48
6-2-2-20-929810040,100096,719,126,17.52,Dca3EcJQEAXAd/Z7y4w6UKaYQqiAkFZJKYQaYKPV5+24H9fnfLxAIBYS/cfE3GGBSDlGgymCIYhwdE2umYolqq33StK8jGy9QCdlTPLFqw2WsRe2yES1TZzw/v4A,77,123,38.50,96.0,1471,96
2-9-7-14-827142795,200024,719,595,82.75,HcZLDYAwEAXAR/v21y2eCCfOCEAASlCADrTghwTCaYbLeGz3s877CQylUpQ6iJUCflBozqhsnqxuqmhojghK/lNoZO+WrYtnRBqm6wU=,198,2,99.00,72.0,234,72
1-5-3-17-775826481,100066,717,381,53.14,Dce7FcIwDAVQP1mS9bGVpbJBaobg0DBVRsgGrELFAOR2lx/b/r6O7+95NjTqDOna0QYP0zukZD6EAjnTsSrcky1CoshBtaaJKnj6YpSZqmSFcDIA4TtEpNpenz8=,171,29,85.50,93.0,2821,93
8-9-1-15-537414243,100020,711,418,58.79,DcuxEYAwDANAW5KxE9ZgEo5dcoxHwx5kIlJ+8Tr3a8z5PvGZw5yKLQC6lJRrgQVaMb0R1lPRVC1BlVWhp/kqnQnZffw=,172,28,86.00,66.0,254,66
9-6-1-17-662414117,100084,711,266,37.41,Dcw5FQJBEAXA3/cxPShYfZCjggQN5PuQgTBWQJXeb9/z+D0frw9ATCxqzi4wQni4ZpmKuHemd1WHSuSqXOM8vWLEaKYmtit67zLSS5gaXyEYpGQQBnMnhHC+/w==,168,32,84.00,102.0,5095,102
8-9-1-22-647421158,100095,710,416,58.59,Dcy5EYAwDAVR6Uu25VOmIlogIqBBeiIiow2c7rxZvbb32++jP5mYiAFiFlEJFIGkZsSZi5hpbeiB0SXCNA53DE552VxEXBdYB/fZ2uiYs1qisKoXo9N/,147,53,73.50,90.0,563,90
8-3-7-17-1960282942,100050,709,470,66.29,DcpJFYRADAXALD+d9I4FTHDFAI8bB5RgZvyMLahz4Vyubf3fvv+IhUVYCWyJSEThkbk4wClXmFoTKqyg8j1E72lErQM9II1V27AZli3mdHqOFw==,179,21,89.50,78.0,590,78
5-1-2-13-36950248,100023,706,650,92.07,BcEBDYAwDATA7/e3tUUCNghSJgNXGMECCcEN3Glf5nfe13O8MNAJUq07XXJghJHWBmCKhLeSsSKTpt4dNbCtPw==,200,0,100.00,54.0,167,54
7-7-5-12-24832644,200015,703,331,47.08,DcmxDYAwDARA2+/EfoeaFZAi0VJSMw7DMBoDwbXnx7Jdz3uf+xRVU4XB0XpYGCLCkayiDlpKo4IF/t1zwAfEZM0P,165,35,82.50,54.0,218,54
1-8-9-14-1814060218,200015,702,406,57.83,Dce5DYBADATA9XNe2xSChERKBjF1UAHFUBoFwWTj2zSfz3sf6wJRM3WImAxFMKuKhghJotODg95CmkWh628Frv0D,200,0,100.00,54.0,267,54
7-4-1-20-945453166,100085,701,419,59.77,Fce5FcJADAXAr3OlPR34OSOiJLsWAmKKpBRCYLLRazven/3+uD1BfyxEUAOJK7O5CTn9DlgpGlkbVABmp27ZxxyUvYlkRrTqseZQnyujruCC1/kF,162,38,81.00,84.0,533,84
5-6-9-11-257378066,100031,697,577,82.78,DclbEYAwDATAy6NJrkhgBiW4qRemVpCBCJRggP7u+rl9+/Xex5wQhXmzMLcsryDVO5v24CKBLECxdG1kMlkR0N4SeMYP,199,1,99.50,60.0,194,60
1-7-9-15-1242990162,100075,697,442,63.41,Dcm5EYRADARAzWhXL8mQBnXmFUng4BEJkZEQWG30+C/Hs+33+bsE1IExoUZAIEMxjR6Ss6zSK6I/Oryzo6WzvJJRbt9VRjBhaaSoO5RK8fUF,188,12,94.00,84.0,5041,84
6-7-5-17-1440882305,200053,697,451,64.71,DchJAYAwDATApE23R3riAx+YQwgKMMCfLxZQAZ3nyDbe5Tnu69uJiY0VZ8nBA4EgLkKIA5IIqzE5MRVfGbN9LrGl3qwqctCqvUxNa6dz/QE=,196,4,98.00,72.0,250,72
1-6-2-25-2052069319,100061,693,160,23.09,Dci5EQIxDABA3cmW9Vj+aZGMDkgJaYKIGZohOPrhsp0N18vzuP0+r8cbth23ABgp4SlMAAFYNKpZThnhDKagblhKRWq98u5j+nJXRmA0MCEpGBMMMsY1ZXWl6W201KVmEIXv/Q8=,174,26,87.00,102.0,749,102
7-2-3-19-294045294,100079,693,395,57,Dco5AYBADATAzXO5L/dQogUJeEAGKuiRhRI8wNSj+3K/63Od4iAQC2tQYsDUoknKmVBSFTipwFqspYN7yUmM/ykKGm1M5+6zjtgmBSNsxwc=,185,15,92.50,75.0,353,75
9-5-7-18-649370082,100083,692,549,79.34,Dci7FUIhDADQfAmEQMAZ3gpvC0srp/EcC4dwJBey1FteuV/e5+d5u34fgECMooUMoWrz1kNcTcaM4N41UAoYZapZjlpHkKkvptIEAJEYlq/k3HPukNzuwP9HeB0/,190,10,95.00,90.0,723,90
7-6-6-18-1746958685,100069,691,324,46.89,DcXJEQIwCABArhwkEMCf/diGLTij1ViX7fjR/ay8Lrd7vfVx/QAiEhL8Z5LWR5/IuobCXoI8dwOiPoxn8wVT9lk70tFKw6vriJKG2CI3sShO7mse12X7jDou6f/MIk9GVrMO3+cP,133,67,66.50,114.0,1085,114
7-9-6-21-809519560,100065,690,205,29.71,DcnLEUIxCABAyOcFQgLkYyfakUc7cWzMm204FuBR97rpdnp93s/L4/4FDBFCynAUTCEiZeYqrau5kHbU4YFmM4mHVfHEWA5cnSEMWXN3nb586OYIOVPUQLmyslpzAjIx1r77f7gQnK8/,57,143,28.50,108.0,1118,108
5-4-9-12-449110263,200004,688,318,46.22,BcG5AUBQEAXAvY+3SNTwcz2KFShRixm7tm/t53O/B7GouYRwJllVt2ujS3MChagemxmMd4HAtPAD,193,7,96.50,48.0,128,48
1-7-2-19-166564506,100078,687,534,77.73,Dce7FQIxDATAXdtaSf7RBCmdkNy7nCpIqYEW6YMEJpt2XJ7f1+O8ve8gwVJrM4lGmEdRbaDlf7L0aMUZoHcFY8yUL+RWxxjUXssmUmY+Y7MnPtcf,157,43,78.50,81.0,982,81
1-3-5-11-266963058,100010,684,463,67.69,DcmxDYAwEAPAd5zEbwaKxAJsQJ9dqJCYhJoBiXTd1bHN/bm+97wDKKxoPRhS2mVRSlYnQbGtNpyGUAU2d8Y4fg==,200,0,100.00,54.0,280,54
2-8-3-18-586888866,100036,684,323,47.22,DcqxFcIwDAXAb/srlmRbNusxBo8BUqVhDComoM442QKuPt5vn8frOvfvgZQLZatUUTNz2QhSYawpQ9ybWR/xL8CkKjkMOdXeVDtkMGLamiGlxFru6tEUIkY83z8=,184,16,92.00,90.0,589,90
9-1-6-17-1015877068,100048,683,411,60.18,DcpBEYAwDATA5JJc27TMIAUNmEAIBrCCBUTwRBOd/a7vy7s++W33KQrzgECdZaKREcpSW8tehakR1qTX0UfabAJAHEpzt4GQ6/gB,164,36,82.00,66.0,588,66
6-4-3-14-1983003385,100087,682,305,44.72,DcY5EcIAEADA+/+jizBMUCECIeiIIQwwgwGy1crjdtxf5/N3vgGJiAUJrilcBTYWBwnmJJQqAMNuMh9aluRdlRArD2/09jIKWqzNQUvlmR6FjpFQ1KTcgs/3Dw==,183,17,91.50,102.0,1602,102
9-6-3-23-1208342243,100064,680,227,33.38,Dc05AQIxEADAffMnlx8PaMESWKDHBAXIo+DaaUYel8+9vm7f6w+QWAgUkZEFjBXnPYGoaojJic1eKQUGCjHmkJxPMRg8nRjLUdn6lG1Un1to0MeBCKAiTH3U5tTVudbuzhw7rVEyxT3LtGemJADv5x8=,67,133,33.50,126.0,1361,126
6-1-1-20-551513154,100060,679,501,73.79,Dcu7EYQwDAXAJz3ZlvwjpY/LjiGgB2auiuuMInG00dq9Pfv3f3x+FwBRkrZAylpKLuIM00ptysRQ8w6L1lBlRFLDyLN7jzo5RRgYdFnfFg4Q+/kC,182,18,91.00,84.0,501,84
3-3-1-17-1607881211,100092,679,527,77.61,Dcs5FYAwEAXATfKzZw4kpMANfqjwghJ0YAfqeYNjq+86n3XvlHIBKkNEmFXNPVq3QehkzjOqxij9t+YskgUTMye4KXg0lfIXq4LEdMUH,181,19,90.50,75.0,187,75
3-6-4-14-2129530563,100037,675,122,18.07,Dcm5EYQwEATA2Rl9u5KwCQaLXEiATKjCIAQyuzSOdjvty7tev2N7bhhlYsqlsrlDEeHh6jW+oAVEyjlmT1YMGS13pTnmaKzFBZz4Aw==,105,95,52.50,66.0,268,66
6-2-3-19-944802794,100086,675,385,57.04,DchJEQIxEADAuZNMjkkCCvjCG08IwAxGMIENfOz+ulrel//1/rx9Hl9AYlE2BEBTUiWwU0IEAAyGdA6xIgtaysWpWpM+QpDZvVtEqcq1lBDzkRUr9JTqXHnEKHuDt+a8dokx1qwpTU3wex0=,186,14,93.00,117.0,1810,117
6-4-1-14-2075301092,100033,674,492,73,DcXBDYAgEATA3eU4DrAiYwFU49dujFVYik/78CfJJGPbch37/T3vAEVMVBJoIgEJGQ4Vj7BcfebVSopIrTdV9tbpJWM9fw==,192,8,96.00,60.0,263,60
6-8-7-13-697357426,100058,674,361,53.56,Dcg5EYMAEADA+386dKCGwVwUpIuADEJwQgflruzLZ72/2/G7AIkBgYQVzdRFIJg0Da08QdKU3dDbplw6LHI0xl8hU810V2u9LcHe6UQA5/8B,170,30,85.00,84.0,824,84
9-8-6-17-798745259,400011,673,468,69.54,DcXLFQIxCABAwidAICRbgT153AK2HduwFi/eLMencxk+jxu/v6/H5w4NiYhFuioYoSPpGIAxEubsnbM4Q7uxO4QZNjfE8jXXrlqypSFmSmfdUfGvTMIJEp7XDw==,186,14,93.00,90.0,440,90
8-3-7-16-863594580,100057,672,525,78.13,Dco7AYAwDADRJE1/+bRCYMQDbBiDDT0YwgSZbnjHx9zuc3mv9QFESoAc4cxUKrSOLKSZipr5UEgugKqBlkVdxIZVjM2dawse1gW+/Qc=,192,8,96.00,72.0,350,72
1-4-2-15-729289759,100047,671,458,68.26,FcpLDYAwEEXRmc6bX1ssIIAFSzSQIANH+MAAipBB2Z2bXOzT9l7nch8zMRURKEwLsUHMVOFl0CPhzhlZI0MZyhat917/ZURWb81jgEHr8wE=,175,25,87.50,72.0,1401,72
4-9-6-8-109368539,100009,671,436,64.98,Y9Hi2H4++ryoVGg2AyMDAyMTAxMzCwsDAysjCxuQwc7EwsbGxMTMzMLKxATC7OxANsPlewA=,200,0,100.00,42.0,134,42
9-1-4-14-1373698657,100014,671,539,80.33,DcKxDYAwDATA9/vtxKFjgUgMQEnBFmzGKIxIdKdrO+p85z4/mHFZ4YRLDig8jY2u6GpZ9Bhso6AaSevd8Nw/,194,6,97.00,54.0,195,54
9-9-1-18-1204902358,100071,671,586,87.33,BcFZFcMwDATAtVaSVz4whEReMBRDGRVK4QRO/jLjn/2/r+9+fiea0UlERnahNEw2wq285qyay7O60wZIBrLnWh7JEAWpCZCh4agX,192,8,96.00,72.0,627,72
6-9-1-23-824840896,400012,670,297,44.33,DcrJDQIxDADAOLHjI46d7IsCqAJBQUiUgmiPTnizz5EGX8fjfnl/n9dPgdoqUmcQUhZhG4Z0ylFnTBM5R2oy1cqloWAiTqblJLljCYWvMNq78yQERxjhah2gmWpU55kwmHNy+d3+,130,70,65.00,108.0,999,108
6-6-1-22-1278114826,100070,669,396,59.19,Dco5AQIxEADAfZL9c0lQAAKgwAI2sIEwJNEhA6ae9jrdP+fb5Xl9AxIhA3HrgKLGHinm1Km8ICUoQxs5mYQADm7FIIKqeuQoNukYmoVlWDPHqhHqAzRtT85InAAq+4h/9kVrBx/wffwA,189,11,94.50,117.0,1790,117
3-8-2-10-1052288167,100041,667,497,74.51,Dcu5DYBADAVR2//wLnUg+oCIIukSkbMTPml4bw/y+t79jKzKACFQVsFuroaC7VRM2kFMFBdAquwKpAUjezTWOGYczw8=,199,1,99.50,72.0,436,72
8-4-4-18-292374545,400017,666,447,67.12,Fcu5EQIxDABAWa8ly9/VQERdROTENEE3dEBPzHCkO7P8ON735/X2unwACiAxk6gSCSFbQVEr1byc7uHaIq2P6jRZ7QwVBkbm7EtX/y8UK4HI3gAmT8IYPCOFcih1nGuI6IbdRvctPeH4/gA=,191,9,95.50,117.0,670,117
6-2-9-17-2109689145,100094,666,257,38.59,BcG7FcIwDABAfW1LsiRqKgpapuJlh2xCxVxZJ3fyffyv1+99fhKQWJQQBs6lS5TnMNelBBQcsOfI9Covo/RoqzKTjcnt0hXVDSVi6GRoHJoZ4R7pbbmjOAGexw0=,126,74,63.00,99.0,640,99
6-9-3-15-279911823,100013,666,470,70.57,BcFJAYAwDATAzaZJmh4Y4YkJvojBAXJ4oAYbWGCm7Mu3vas/xwUItZhDNCrhFhQilQWObFb76MVmmx6pEkxEVtJE00cznSOkg47z/gE=,193,7,96.50,72.0,263,72
5-2-2-14-1684931734,100076,665,542,81.5,DcGxAcMwCATABx4hIUjjOitkBe/hNlXWzQCeJbnj9bifx/19fd4QFTMhqD4iYHOsIBW+YqqazlikaAr3NlabdIrEgPx5IrsrzauBLrWqnQ5zJU79AQ==,200,0,100.00,90.0,666,90
8-7-9-21-1518651402,100089,665,287,43.16,Dcq9FUIhDEDhhIRA+HkQwMJRPE6g47iEnZvavM5Oitt85/Lr8vi977fr5wvoyDF6CT5GYgiM6JymnLWEWKTGWA7aDI0IO/pgvdMIs2hzrhWYefEu98hWDZKsZWu2XGc6sg7rYqN03cdsTVQOeJ5/,125,75,62.50,114.0,1189,114
6-1-9-10-677445188,100072,664,562,84.64,Dcm5DYBADAXRtf9hIiQqIqcPMtIthQIogSpoCyejJw335Xzeb97rNiITQFCtcJmoKKmRg1a6f7GsDmSACCdFp0rjuH4=,198,2,99.00,63.0,711,63
6-3-6-10-470267426,100002,663,531,80.09,Y1HnsjrKMfF9W+RuBkYmJmZmFhZmFlZWNnYOTmYOTgZmRnYmJjYOZiYmdjZmZmYGTkZWhv+vAA==,200,0,100.00,39.0,60,39
6-6-7-11-1127330045,100059,663,204,30.77,DYpJEcJQEER7fk/PhgcOVHHBDBWVERBDsYAD/vEtfjy+9+eM9+sJ2ALhyxQelsZFsapAkzeje8PawwCuoLeFmOPb7CQl5DE5RXXm4Hf9AQ==,114,86,57.00,81.0,689,81
9-1-8-14-1448433996,100080,663,549,82.81,FYtbDYBADAS37/bQRXJ2sHAqEIMSTPCBAcrHJjPJrO7bOu/3OuYEEYhZoObuESleTSMySU2jkiu4HSYMls67wTAP6eV/Bx58,196,4,98.00,69.0,618,69
3-3-5-12-1992725133,100016,661,415,62.78,DcpBAYBACARAOOAW9uxgAiP4MYIlfBvAXhYygQV03uPbtLz7NR/PKtrMJbo5gCzSLCJsgAgmXMjkiCpx7dVGtezqkjT+HeKQ+/wA,175,25,87.50,66.0,293,66
3-7-2-21-1206386635,400013,657,124,18.87,Dcm5AQIgDADABPIC4bVyC1s3cQErR3EYe5fTa49el/vnefv6+wGYMrEosIGXSmBiwtYckD0n40ZeQOD/xalBpOwUwVZZMRDUqoghdY0xbfUpezIabjwqBjFgiZ6xcJ8OV/sB,102,98,51.00,108.0,2659,108
8-8-1-14-1576308815,200012,656,476,72.56,YzHjFrkyu6hX4fN+BkYQZGJgZmFlY2RkYGFmZGZiZ2DmYGViB/JYGTg4mDmZObm4WNg5mVlY2NgYmRmYGbkYvD8CAA==,200,0,100.00,54.0,137,54
4-3-7-12-532422002,200007,656,353,53.81,FcQ7EYBADAXAd7l87iUYwQAz2MAPFQXKaJCAAHQwbLG6Tvt2H++8XGjSVdTgMRBCpkllUo0EBAQlRnlHVss/FrvXwHN+,193,7,96.50,57.0,181,57
8-7-1-8-778393163,100056,656,612,93.29,FcpLFUBAAAXQ9x0VLLRwjkAaKKGEcqIYu7u4OZbnvfee2wXKBm2CUR3rly0oToOWnEkZ9pilGULXDw==,200,0,100.00,54.0,677,54
7-3-1-18-1738741356,100007,652,404,61.96,Dcg7FYBADATAzSa5XO6DHRTQ4wZbGOHhgAIlMOXYtqRf+3qcD4QAQVKoNHhxpar9FZXI2uDWWwzKmOIWo7aOtKJzFpeuli547w8=,178,22,89.00,69.0,280,69
7-1-6-22-844439993,100051,652,475,72.85,DYe7FcIwDAD1tWVLspJZqKkzQKZgFGhYgVFxcXfv5HV+1+f3eMobkJBRgECZZd+2NuzdBsoERjVwC+zmNkhckMltZoSGmYfrXD7CAagqW62Dm+WOemVl0LGBIIbr/gM=,180,20,90.00,105.0,1505,105
7-3-7-12-1952494075,200010,652,534,81.9,DcmpAYAwEATAfS4vFSGQVBpNIShqoAMsCmJnYl32dxvX/Z0gSAIyKUXKRbBV1SY5BxhzSlPNduuovZcEK+F4fg==,194,6,97.00,57.0,303,57
5-8-5-12-1128624091,100030,652,478,73.31,DYqxEYAwDMTeid+JHVo6iixBR8VIDMBUVExGiQud7nTSc3mv7V6/Y0JQqgrVTJLWrTvJcGSEpG2MQYAUK9BqrSHCI5fuVbM9+w8=,182,18,91.00,66.0,224,66
9-9-1-22-514515815,400014,652,298,45.71,Fc1LFQIxDADA/NO0TVrE4AA1PCQgA1m44IoCLrAYmJHb6fr+PL7P+wWQCJCZRUjNHJpHSFd0GzNrVeoW7V2XW5nVUNSRc8f0LIRN6pIpyxHMpRgOqQERYxyEKQX8C2kcDOfXDw==,160,40,80.00,108.0,3596,108
1-5-8-17-451544183,400015,651,487,74.81,DcS7EQIxDAVAP32eZNkivcaI6IKcRqADGiKkEgJudmbtdnn9vu/PcX0MiJqfKBEqCZ1Ra/f2XmxYQLUBDXEvLyuW7YAMYDB7cnIZLS2l3cnK7M4zH/fnHw==,198,2,99.00,90.0,1040,90
9-3-5-14-366879275,100038,647,528,81.61,DcpJAYAwDATAZLu52uIDBShABCYRwBsdqMAAzHu4Lffqz3XkKQo00lzpdNFIrQKi10ifQjhttuyDPTiHafsj5N0/,196,4,98.00,54.0,126,54
2-3-2-13-1503659776,100055,646,390,60.37,Dcy7EcJADEVRafX0F+VQA8OQUguNkbsnZw692Z0TXHwfv/P/uujzJl4sCwoYiSM0LdOgBSlsd61CRmSjetyXuSym8IGx9EQn0fQOYauB7iEdzxs=,185,15,92.50,84.0,692,84
3-7-3-13-1484499642,100010,641,308,48.05,BcG5DYAwEATAW+/Z99i0g+RCyKmAJoiQKIOImAKZ0XXZ531+73YJCkhlZaPBIx3skcMb4E1Yjb0X1xGjelGkEQI5nh8=,188,12,94.00,54.0,151,54
6-9-4-16-847517323,200013,639,507,79.34,BcG5DYBADATAtb139r0EtINEAWRItEIVJBRHP8xwX16/1u1+PoioGVP2CEKLZoTVpmEpkrUeGaPVQREpMkh0m3V6n04tUJzHDw==,187,13,93.50,63.0,147,63
8-6-1-14-1703300081,100067,637,363,56.99,DYpBFcJQDAQ3yabNJr3gCRVIwANKQAdCKqQa+mdO897wdfx/57u+1wcwD9AcYYAvDfRgItyM4duOUiStxZhercpQ1Qy7OmddWSFtO+XoXIxGjcfzBg==,136,64,68.00,90.0,1560,90
9-6-2-15-1105848072,100004,637,503,78.96,BcE7EYBAFAPAJC/3Z1CEiGuwAy4QxlBToIRdb8vzzft81x2kwhaVEBYQkYsqwcaO3GEOh4ye2qijpJJbpSQGcB0/,198,2,99.00,60.0,264,60
4-9-9-14-494913004,100010,635,282,44.41,YzHjTbDsad6yKrSTgZGJkZmFlYWRjYWdjZmDk4OLm4WLk52NiYONhYeBkZGHjZ2Jm42VkYuTjYWVjZmRjYcbKMpw2wAA,180,20,90.00,54.0,164,54
9-4-8-13-219491444,100028,634,412,64.98,BcFbAUBAEAXQufOeWQUUsekEEEEG35oIoAnn6LZc63c/+3wJDLCoeaS5VmcUR4t7sxUTQO082nIMeCvMIKDz+AE=,141,59,70.50,54.0,203,54
6-7-2-12-1240606283,200004,633,417,65.88,Dca5EYBADANASX7OZgYSaiCnR2K6ogkSauGiXT+X71j3+3o3UDQPQgDEkE1Ss5R8BNOru0YTtBwFf34=,200,0,100.00,48.0,185,48
4-9-6-8-1619129058,100009,631,463,73.38,DcYxAYBADAPANGlaDPyCBPwwIYGFHWHIeEv8TZfH9s1rjv28EQEKShJQyEUZ7CbLq2wpnWXheX8=,200,0,100.00,42.0,149,42
8-6-7-15-1825021384,100046,631,456,72.27,Y7Hk9/H2b5ewn3CRgZGJmYWVjZWVnY2Rg5OLm4GHk5eZk5mVC8hn5WHn5WFj4mZkYWRk4ODj4mPlZWVl42Nl4QAKMjQ+AgA=,184,16,92.00,57.0,128,57
4-8-2-11-1200166877,100040,629,283,44.99,BcFBEYBADAPAtGl6LWr44IA/Ck4GynDC8MYAJtiNdXn37fjOawLmJEMWIbkyBXCknGIV2ZlQUjZqdAP38wM=,200,0,100.00,48.0,368,48
5-3-1-15-672454303,100005,628,546,86.94,FcqxAYAgDAXR5CfAJziMtSWO42bWFq7jBPZWQnv3vC/HvX/vtZ6iMBFzJHPPhTVqkNGgkHkUOiKLu4oAZpOSLedGJtNBnu0H,193,7,96.50,66.0,238,66
9-6-4-11-1980576418,100026,623,412,66.13,BcE7FYBADATAzSa5fDCAAGrKs4UAxOGCEgs8HDBjc1mP7d3v74SQINQcpGJ4pA33rFYmKCpI9WaMRKWVdhCO6/kB,199,1,99.50,54.0,208,54
3-9-1-12-1634017649,100074,623,549,88.12,DcqhAYAwDATAJP3Ph4U6A+MxBhZZg2AaZkARd+Iwt+c6v/29D/MYIBMRotQcTrGAyoJSSkimTJJuffvI1vwB,198,2,99.00,54.0,257,54
6-3-3-16-420393814,100069,623,300,48.15,BcFJAQIwDATAzdUmbdLAEz1gAws8UIMNrKCIGX1fHs/rJ163HwhEYCEGRIkMY7pPBMfaJqqWAGux8EkR2suItwjDdrdzVA3M1H1Ca2SPOINi+2ijPHWm0FpnLZ/VDc9JuH//,162,38,81.00,114.0,1665,114
7-4-3-22-1733967065,100094,623,249,39.97,Dcq5AcIwDABASZZtyf+bOkVaZmAYlmATKuZiHVJdc/w6vr/zc70fGZAQiQyTBUPGAoIBcoj2BtAieGIUDRpTTiqlwl1ta0HU9zHXHpq0FmbD1ZUhO868+uw7ryhOQvNwPP8=,29,171,14.50,99.0,477,99
8-5-9-13-1558375573,100081,623,425,68.22,DcqxEYQwDARAnSSfLNlkBHRDSkIBtMPQIu0w/xuvH8v2vfe5PxBAxQBRqJk3Y3RBVqrT1FAMKYycURqgZ8qI2ZKj0atPlnf6P63XDw==,191,9,95.50,72.0,911,72
9-9-1-22-919786201,400014,623,330,52.97,BcFZFQIxDADAXJujTdKuCZSghocEZCALnKCAH5iR+3n7fJ+/1+MKiATEDHKQqKlb4IgpHpZTk6t6Qcsu6yqb29J1SzeNDCUQV8s2NYSMCmBgPsSZEHEtVeGB5ESHMAK8L38=,106,94,53.00,108.0,3122,108
8-2-5-17-1398191001,100034,620,118,19.03,DcvJDYAwDAVR29+Jnb0ImomEKIs66IATzXCjFHIbPWl0ju9+r3k+B7FAWQiCVQjRPOVcKtUGCYkdychApXGX1otYZHNVdsF6u9eQF0Ta9h8=,161,39,80.50,72.0,169,72
8-1-7-10-141931741,200012,619,426,68.82,DcpBEYBADAPApE1TBCAAEQzC8IGCk4EATOAEA9zMPlfHsr7jvLbvARhTiizYalmGZMMMIZndEdaMjKpUmol7/wE=,200,0,100.00,54.0,234,54
8-2-4-11-1588981834,100040,618,379,61.33,YzHguudi6v+6dHMsAwMjIwMjExMTMyMDAwsrGzsTAwM7IwcDIwtQgomdg5ODjZGNlZOdiZmdmZOdlYVh1yQA,181,19,90.50,48.0,216,48
4-9-9-17-1803965462,100034,614,438,71.34,Fci5EYAwDARAP9LZkvxQlhNqYIZeqIMOiGiGjFIwGy6N5b2ecxz36pwPkRjMSJ5APiNzkElNNXCJ2bFKbdWadkvCKDGBxdR6nyv/AG7fPg==,197,3,98.50,72.0,251,72
7-9-8-12-1536249226,100040,613,394,64.27,BcE5AYBADATA5DZ/EENDczU9CpCBDczgBwOYYEbW5d2347uek5iZxgB4CBPU3BlhWdA2j7LWSpMGAiYJmvcP,198,2,99.00,48.0,224,48
1-7-5-14-1915730891,100088,613,344,56.12,DcixEYAwDAPAxJYUO2EKhmAGBmI3WobgWISClnR/j33h917reWylmnspcMKsqpliErQaiT48ZaSpZwww6GEtPcPbTLhSXQIxynP/,171,29,85.50,72.0,1797,72
9-2-8-9-356830300,100040,613,341,55.63,YzHguOdi6v+6dHMsAwMjIxMTAzMLEysjGzsTELAwsrAwMbGzMbCzs7CyMrOzsLMxMjID1QEhEIVOAwA=,199,1,99.50,48.0,449,48
6-2-4-14-945680959,200010,612,84,13.73,BcGxAYAgDATATz6QAHEgC0qHcD6nsbK0dgwrvbN12d55XM93QpSAUikmLNUDrQ9JQdPSsmYCtWB0mg9jeheNUCTu/Qc=,133,67,66.50,57.0,175,57
9-8-6-14-1484497930,100028,608,328,53.95,YzHjWy35f+uVWvMHDIxMTAzMLKxsrOzsbBycQMzFxM3KzszDzsPBxsXABZTk4WVg4eRmZGdj5ORmYePlZWJgYljZDgA=,197,3,98.50,54.0,129,54
3-3-1-20-2120066075,100063,604,513,84.93,Dcy5EcIwEADA+yWdflEVkUOnzNANGT24Jkf0QAt2vrPyfvzO57a/vh9AQkBmEFILEhOpALtFkOBJLZq5JQ2Si96CagNR8t7HJEZYWFF4oS2FOptnG3lw99nKHQkVRIDjfwE=,186,14,93.00,99.0,807,99
4-4-3-10-1538905233,100043,602,501,83.22,FcoxEQIBDATAu+RySb5CGQbwRPMGEIMJVFDSAjNbrq7Hebs/Lu/PC2QwgGSqwkmlC1aXPWrQNcHq3bF7p4ur30RBSvTsXyOyLOJ5fAE=,192,8,96.00,78.0,986,78
3-1-1-23-275926813,100064,602,214,35.55,Dcq5AcIwEATA23styY9sySYnpBZagkJoA7dGRgATjz4v70d93c/blwBiUVFzQqgGsSuEycgGBTgpuVpECDwLWOI/NdjEuKRxssjO8xQpOZa6bhialILuYxoTtYl6zzPPO/ZjX2Q5aF23as3rRsdA188P,158,42,79.00,126.0,1605,126
1-7-8-20-492550814,100087,598,371,62.04,FcVLFYQwDAXQ1yZpPm1aNljADyZYjYgRMjowNgY43M3la9vP7/353z+UikIsVMBvFdxUzczDeljlkZotM1QjGtwdwhLuTJET5tNELJK4E3VfgpU6VZZaOEgzx2DBOB4=,186,14,93.00,102.0,1624,102
3-8-4-17-375269101,100097,596,340,57.05,BcG5EQJBDARASaOd/bTP5UE4JHAhnEeImISAh0MRA91+P36P7+16nm9Rgyd15sIKk9YzDDAL1dAhM9hbizyti1t1qK6YVqBM1C3ClTh24RqxQa9wk9fnDw==,198,2,99.00,84.0,369,84
1-2-2-23-1432444281,100070,594,259,43.6,BcFbAUIhDABQuIw3Y4wN/NUA+mEJS1jjFrCRkWziOXBenr/r4/a+f42xh3PgQ0wuH4crUKsJLaOzviSXeo0Bsm9ASGR9Hb1FxJGIiKdMGIhNu2hiinPtyWsxU4lba1VQRC/QptBmmSk2j6IA5vP6Aw==,86,114,43.00,117.0,1842,117
7-4-1-23-477566598,100086,593,239,40.3,FYnJEQIxDMB8xnaOzQEV8IU3ndEMhUBF9EFW+mhG8rr8rvfn7f34AgBuCJBRQFgFkgkjAoEBmpAkVGN1jcjltJQknnJSr41C2lET194p4mjOQAy7somPOQ1pjb6QypjOGivH/vCRPw==,152,48,76.00,117.0,2406,117
7-1-3-20-1844571984,100095,592,354,59.8,Dcw5AQIwEATA3XvzJ+ihwAI1BrGBDio6bMAIGHtcPt/b8z7fFQQEpArNNZJFkPAqUo2akNaH+RxZKNbhsXZjj5pUY0r4lvM/iu0BjeUT8yyGtoPX9Qc=,173,27,86.50,90.0,516,90
5-8-9-12-1713271508,100038,592,453,76.52,BcFBAYAwDAPAdGvadEMICtAyEVhDAG+wgRfu/NiePb576YI1WHdGSgVyTNosxuCsqkHP3lAGmIkhUa2n4z1/,189,11,94.50,54.0,105,54
9-3-1-12-1771642695,100023,591,562,95.09,DchJDYBAEATA7p5jB0NIQQYqsMJ/NWCBhOAGJqlX+bps33lfz/6CEkCK5qJgLVKdowwwEB6jwMr0bo6AEfP4AQ==,200,0,100.00,54.0,257,54
6-7-7-18-180522314,400013,591,68,11.51,BcG7AUIxCABASPgEAiFxE1s3eaWNlaM4jL3LeUfv2+P7uv/scwFg652YWVSHNXAQnxONZmRbIa0gJnvOpbhHnU5hSnwwWYYGnbMhzqrqsltbvglTdMU+WdPTYnfD5WG94Hr+AQ==,59,141,29.50,108.0,3008,108
3-7-5-18-753926240,100021,591,168,28.43,FcfRDYAgDAXA8qAFShFMTNzBBVzBHUz8diOHNO6g3t+FbVzn47mnaycHTwHMEhMJC8gjaxH7YkUrPJcKciGnCNPBVFrrtfeWh3+GmBAc03K+,187,13,93.50,72.0,228,72
8-4-1-18-2109017048,100080,590,373,63.22,DchJDYBAEATA7rn2xhXJmkAEFlCBGHyQYAMDUM+ydTnO5732OUGCEDV3DyS6WhaFC7XkYpkeFY1A/6enaGZ11DDhCB3orUgK3NsH,190,10,95.00,69.0,289,69
9-4-2-22-742230327,100096,590,162,27.46,Dcq5EQIxDABASdbr32bmOrjsYgqhAkJ6oC0qoSLYePl5O+7H9T0fL0CkxIAkJMpgyTU8wsQjexQtVUsLS9R5NO8E9v9jVl7DFSQBJVDk2dBqX1tk7Z0N8wRCZAL4vH8=,118,82,59.00,96.0,1488,96
8-9-2-14-1899146332,100033,590,241,40.85,Dco5AYBADATATS67uQdJCKBECS12UIEFHFDigw6mnpinY9/O934WmMG9BEkBspRbiahNvVcofSQbi0gbmRroojWv/yOu9QM=,52,148,26.00,60.0,269,60
1-3-2-17-1168498215,100083,588,420,71.43,DcmxDUIxDAXAxH5O4thxzDBs8ctfMQ0SYzAJM7AQEg1ce7hdntf34zw+91ILMQStt9Eqa2GZZMRDAdIqKp2YvdsKDFIo/rtXsDEhEyq+wnPmNtVIF/PtPCOjvL4/,186,14,93.00,90.0,746,90
3-9-1-12-184476171,100074,587,491,83.65,DcU5AYBADATAJLdPMIQGvGAGGbRngAI1aKCCaQbrcs/z3Z7riKwBCqqi/e+RcgBqhiSKlIluG+lhEWDs9QE=,200,0,100.00,54.0,323,54
8-4-5-18-668363950,100061,586,339,57.85,Dcq5EQIxDABA/ZZl+aPIy64MQhJKIGKGdqAUcth45bjc3ufn9bg+AQkZhIlRCQ2IBYqpVwjUAKKG2Yu04TTAeU5fu+3oU6Qiz25dBSjLdrdkjG6Kk7ImJ8O/aaxlA773Hw==,177,23,88.50,102.0,624,102
8-7-9-21-858089706,100089,586,362,61.77,Dcq7FUIxCABQAiE/kgchsXAUjxPYOIMzuISdmzqAnd76xufp9n1dL+f3BwIiReZEKQOUSg0QJQlxTQy5E9CAVsoBGlAiMdkUt+WjriAr64rkynusOgSspZrU0CXvfcjwaXv57HvnmrUfpv/0uP8A,183,17,91.50,114.0,1158,114
8-6-8-16-697734137,100076,586,214,36.52,Dcu7DQIxDABQO/7HTnwSNStQMwstFesywE3BAFz7pMev47zfzu/j8wYcxECCrGbOHjAxvbRAh3OtTbEkQ9oKc81BWRLpxLG1G33DtMvKrKZo19WbRWM2/J5/,138,62,69.00,90.0,453,90
5-2-8-16-631483752,100036,582,417,71.65,HcmxEQIxDARA6WRbknX2N0YFlPEVfERCJVRATDl0wQybbrsfr/P5/VzvhyhEDbDWh3lEjllFrhECbR5E94p0VWZmN6uIllAUbf9HlodzOiZ37iVMllRBbv4D,169,31,84.50,90.0,759,90
8-4-4-18-1420782749,400017,582,349,59.97,DcyxFcMgDAVA6UuAAIHAM7jKXKncp84S2SYbZKq4vvdOX8f3ej+en/NHTMQQsEAZmgg5iWrOhZitonVrxUees9YWqzQj7mvmKsMgXDk0LVKkIRbdNvGItVp2cQbY1W9Nd4m9RwupAx50nX8=,175,25,87.50,117.0,724,117
8-9-8-13-1990078414,100072,581,184,31.67,FcpLEYAwDAXANL/2JYWZKuKODySggjMCkIAKbAGnvawu03bdz37OgwqLmonXht8KcGh6GANFBEXVeqRkc25AZ3LnL2SiV6JjfQE=,143,57,71.50,63.0,366,63
8-5-2-14-693737470,100055,579,273,47.15,BcGxEQIwDANA2ZKd2EkYiZbjaFmEhsWYjI6Sfz0v7+/n9sPjDnOKzkiHZMTwiaFwVEcuYbk1acrwtYU61pUl7mmnB7k7DtxclTnNUNF4Xf8=,146,54,73.00,84.0,501,84
8-2-4-17-618716703,100079,579,220,38,Fcw5FYBQDATAzSb590GLJvxQoIEeWQhAAx54jICxbbne9T53bRCKGglQXMAQU1ag1EiKqbbQh0eFjWEi7AZ1zyX1NsO0Wuof5DTdG47nAw==,166,34,83.00,75.0,302,75
4-1-9-19-136779102,100078,579,285,49.22,BcG7FQIxDARAW7K9K+tzZRDRySX3yKmClBquYBJmxnV8ft/363mfrfcmojJGn7oaaCD3Vo/U4oJnQK22CitS3CKzrDwko3wAxgkuJwlMI9v9+AM=,157,43,78.50,81.0,1326,81
1-9-6-15-58092659,100090,579,99,17.1,DYq5DYBAEAPv9vF+pEQUQQu0QHEESLRBKfTDBh55ZMu5vPu3Petxj0k0GiykMMX0CDZTgXtWdQ0C2ohUOmqkhCZEe+NAsFRWnzPTucZ7/Q==,53,147,26.50,81.0,908,81
6-3-6-14-737104676,100031,577,427,74,BcGBDYAgDATAh7a09MEFSJzE+QyrOJCTuIB3eh3fut/n3BulAqJiaB5mAeveMqQJCQdRS7ccQZ0zOGFRB4ekli5g/g==,177,23,88.50,60.0,152,60
9-6-8-9-1703699642,100081,577,506,87.7,Fcu7EYNQEANAne4j0QGVOHVKQlMMlbkHt8Mwb/OtY9uf/3V+70AEMxEVbKKrRm67MiW1U/C0lWxphuB4TKIsrrwgUPj8Xg==,198,2,99.00,72.0,1702,72
9-3-1-10-443873297,200012,576,372,64.58,DcdBEYBADAPAJE1bBCAAFQjDBwKYE4MJHCABA9xnZ9b7sj7jOLfvBiGQUzFsKpPIEsB2km7kTDNdIZWhIHC9Pw==,199,1,99.50,54.0,275,54
8-7-3-20-285475555,100051,576,79,13.72,DcLJEQIgDADAXIQQIFwWYA++LchS9GMLFupDZ1cel3e8Pre7PAEJCVgSoUJWwcyGUv6Ms5qzVaXWDUghnIpZiTqEpjIAAWJQr2sfY+fe7KzNLQGO4EjjbCxzTffiAd/rDw==,74,126,37.00,105.0,1245,105
8-5-9-16-1461666131,100013,576,322,55.9,Fco7FYAwEATATW4vufzxQYkG3qPFE1boUYMNLADFdMNtepZ7Dtd+wHkIVRVBGS2RWVCquBpgTfWXJXXNSN0sVO/Zv8ExjIyDsQjQHM71BQ==,191,9,95.50,72.0,214,72
3-6-1-11-659043157,200003,576,321,55.73,Y9HiNDo2L70p+KILAyMTMwsLCysbOzsLOwM7C5DDzMzMwMzCwMHGyMrEwcDOwMLOxMrIxsEQ9BAA,183,17,91.50,42.0,82,42
4-9-9-15-1955645568,100041,576,333,57.81,Dce5EYAwDARAidNnyaYKGoGIGmiMhC4ZchxssHKuD/j43m0nXiAqMCX1gLUlq0/lGlmNLNMFGCOh4WbO2puB5ypV0yvQRyTd1w8=,191,9,95.50,72.0,353,72
4-9-6-8-44166591,100009,575,494,85.91,Y9Hi2H4++ryoVGg2AwMDIxMzAxMLMyMDIysDMwsLExMbMzsrCzMTCxsTEzMIsrOxszCzMkQ6AQA=,200,0,100.00,42.0,105,42
7-3-1-18-1566611557,100007,575,431,74.96,FcJJEYRAEATAqr5meg7soIA/XogAWxjBAlp2yUjblvRnX6/7BSF//KoYXEPFGaSUKqyJ5tETqT5mQMJmZXPvY2gvLBrWJo7zBw==,184,16,92.00,69.0,271,69
5-3-3-16-1152204891,100065,575,96,16.7,DczLDUJBCEBRYIDhMwOvGbtyaRfGBizJnW0YC3DpW96c5PL1eH8/r8vj/gNEAoTBgjrNycNUk+fiUKaUXbX22D27ZueIPKvArYBH70U9K0KNTPzcIBHKcjSNnCKrN6NTDiA8EW7PPw==,52,148,26.00,108.0,1121,108
8-1-3-19-1393871933,100067,575,310,53.91,DclLAYMwEATQmf0lhN30UF8VUAl4QAnoqJAKQQOc3uHZ9/U7/1s/rh0EBYpHkISaCF0JF4ZCWl98hLgqLIS6rKlu9JAxeoNZVKWm9DZnznq6jFmxFt6fGw==,152,48,76.00,90.0,1104,90
9-5-2-8-906547084,100009,573,266,46.42,DcY5EYAwFAXAd/wDA2mYwQB+qJCAQGRECR7IVhvn9s57jv16QEKgbDBEZK2TLrgaNALdqQzh+H4=,200,0,100.00,42.0,111,42
8-2-4-25-341102355,100052,573,60,10.47,BcHJAYIwEADAPXPswgaSADXagR9L8W0DNmIT1OGMPC+J6/36fm5AImZB1KRIuQhWqslYMrMrFFyyCq5E0baNZd07pgIL4dBhwoBLzKSe85yM5gXWnTzURmMgPHbvSU8Lj+M8NfWjlhKWtwa/xx8=,116,84,58.00,120.0,436,120
8-7-2-15-2137836830,200024,572,367,64.16,FYq5DYBAEMT2ZmfnPmiKiJgCKIA+kKiAwugHiSOyLJvrfO3Puy3HbQkGB5FCBjHTjbJQqWmwtNGDLuttYkbqMTWrKqjBX8YPudxwfg==,195,5,97.50,72.0,190,72
4-6-5-12-1290558717,200012,571,286,50.09,YzHjEbkyu6hX4fN+BkYmBkZmZhYWVkZGNhZWJiYWZkZ2Dk4uRm5WbhYOVqA4Cxc7AzsXFzsnBycbkGLlZmNhZ3ipCQA=,199,1,99.50,54.0,160,54
9-9-4-14-1771645018,100057,569,348,61.16,DcqrFYBADATAbHLZ3JdGQFIBCkdj4OiG96gN3IhJ+7Rex/yeyy2AmkpymgeCnq1UenN2UyuCGL9bpfVqieW/mQHtsJEwAlkRQpFn+wA=,172,28,86.00,72.0,610,72
8-4-5-18-73748193,100061,568,193,33.98,Dcy5EQIxDABA/bYlP/IVSUYZRAxNEDFDDXQB/XAF7MrleHyvv/fz9gIkBCYWIWFUowJoVrW5BKITW4fQzmOWIQuktPCeCKfRnbi11sSVuqUZ0HnM1ZN4OmSPCPYubgPunz8=,165,35,82.50,102.0,646,102
3-2-8-13-759400437,100010,566,118,20.85,DcixDYAwDARAf2wn9pt5kCgZgp5dqJCYhJr9gCvP5mlfruO5t1PQFOZ9RAQywarMJEiA/wrKoqknyrWVFSVGl/X9AA==,110,90,55.00,54.0,136,54
1-3-5-11-646066862,100010,565,333,58.94,YzHjSrDsad6yKrSTgZGJiZmFkZWNnZ2BlZmZg5OdgxmIOZhZmdnZmJmYGdgZOVgYOZg4ODmY2BlZOBhBouwMVc8B,200,0,100.00,54.0,277,54
2-5-5-13-1265654877,100020,565,212,37.52,BcFRFYAwDAPAbG23NBte0MDDC75wwA8+mCLu/NjOa633iQ+lmoc5WgfAljJSYhuw0is401PhSp9J1F6MIzRlKcqJgXv/AQ==,126,74,63.00,66.0,214,66
1-8-6-10-319697592,100040,563,334,59.33,YzHguOdi6v+6dHMsAwMjEwMjI5BiZmZmYgEyGRlYWZnZmFhYgIIsjCxszCxsbEDEzs7KzMLOwnBxDgA=,200,0,100.00,48.0,426,48
8-3-7-17-61274456,100050,562,387,68.86,Fcs5AYAwEAXRPfKTzbEECWCCFgd0FHjDDzaQQuimeBOO+dzW50r7TcyiIqwBiEkMRJmLxNoMHnOSRhS0BC5DsriqT92Q3CZH/c82Ehmw3ist7wc=,198,2,99.00,78.0,700,78
1-8-5-18-531909741,100084,561,335,59.71,Fci7FUIxDARRe7X6WRYV0BYtQE4VZJRAzqEMCuORzR1eT5/3+Xu/PV5jjgEB1URlkjAVm0qaOzUQCahQHK4LomXYzb9t7TTbHUhllbG9MlZUR4l3MY+IwHF9PC8/,192,8,96.00,102.0,5208,102
9-9-1-18-68781924,100071,561,426,75.94,FcVJEYBAEASw3p5zLx0YoNCABmTgAinIQQ4/inyi+7yf7ZjvtaJQ1MQZGX/IipKirtn6aNr7GIwgC+GoEoymaeopLoDQzKQCOJcP,182,18,91.00,72.0,503,72
7-7-6-11-1966763356,100047,561,368,65.6,DchLFYMADATAZPPbBA8VUAFo6HuVgRquKMAAvpABcxz/Let9bN/r/xEFYGKukQZBeWQkWYpkNaWiNd2ta2QS9p426dHjtIEOYyBy7g8=,192,8,96.00,72.0,1261,72
6-5-3-15-1164051884,100066,560,202,36.07,BcE5AQJBEATAnv/bvRMFDogRQYYOhCABSUQIoErv5/X5uX1/jzeICWBRFSY2l8hSrjT3QnI0NSbKe6ntbceWYPYZIjPMWk7VqVmkfRBXQTA4pqMyBK/LHw==,150,50,75.00,93.0,2406,93
8-5-3-15-617262882,100092,558,459,82.26,DclJAYAwDATAHJsmPbHQB27wgwVkoAQdSMAGfcxrcGz2zvOZ904sygtUATPRlDxyEHGU2iQbVqOrV0UyG9Yo1lGrjsLcoV0EJY8RdH0/,195,5,97.50,75.0,196,75
6-9-1-23-332702578,400012,556,303,54.5,DczJDQIxDABAO/GVw3ayLwqgDCiDIpAogCIQ7dEO+x8NvY777fL5Pa9fwFKJSZRBDEms9aZjqjAQd4dam6L1yGbE0lQm23CklTH3di+UsdfMucKyIE/A02mKB1Dg+aCZt6GmCI/3Hw==,146,54,73.00,108.0,1110,108
8-1-8-16-978548968,100060,554,429,77.44,Fcu5DYBADAXR72NtY0NOH2QQ0QMSVdAUMV3QGEs4Txo9pmder205dxALKQGtCcw9rNfAai0lnFw8Aj4Uj1WISEvu2EnNfrWCZCK4qJ/mkTrivT8=,192,8,96.00,84.0,633,84
9-9-2-15-732066835,200010,553,373,67.45,DcYxAYAwDATAT/ppmy8a8MHAiEIkoIYJDchgAm46LtP2rMd1vydgBi+M2thTlLO0MRRpOSQSgoG10ySF/WtAcWDePw==,162,38,81.00,57.0,291,57
7-4-1-20-342291105,100085,551,165,29.95,FcipFcJAFAXQN3+fPSIHh6IlTAoJgkpTSiTDlVfe2+O699fn+UVaiAUEKJIJGTyS2v9XCAfnUnNqDgGTRi991GHWC5O5t6wec0wW0eazBgWO8wc=,92,108,46.00,84.0,476,84
9-7-4-12-338306416,100037,550,194,35.27,BcFLDYVAEATA3u6e2d8TgBhOeCHBDgkHJCAAT9h4Vd5+z3J++3pfKCQFg7SDElScGbWBfWQCiOiDI6aZVZJV0232sGcrEN7jDw==,116,84,58.00,66.0,260,66
3-9-1-10-836176971,100010,548,327,59.67,FcSxDYAwEAPA99vxZyIkNmABenahisQk1NmEhYDiTks/1uuc9z4CSbH9C6KLAKtkmWDCDCjR4E9aITIZz/YC,200,0,100.00,54.0,276,54
8-5-4-13-1807930121,200013,548,405,73.91,BcHBEYAwCARASDgOSHzZjjNW4cs+rMKPxVmLX3dtXx4e63bdr2jrBieM0AjPUJHK5gaMMlp1FlyjYszqOodPIGnKhnA5vx8=,184,16,92.00,63.0,173,63
5-3-2-22-703895951,100064,548,149,27.19,DcdJAQIxDADAXG2THtubDw7QgiUQgg0whYd9wPxGnpf3o73un9sJSMyIQuSQwDvPIYgDQgE1BY5J/8tRQkzJslezlBKKK+ThqC3H0rOxae4jQ5+NmMQdyFLmWAF9GXtPjWHVsUcswa9WizAeQxjg+v0B,165,35,82.50,126.0,1888,126
4-9-5-12-404015311,100030,546,476,87.18,DcmxEYAwDARBva23LImUjMCFEFESBdAEtZBQGSGObnZOj+U9t2v99iGAlKqE6qw0NOtOhtQinEqLbplhliABRAbp1gnP+QPy3D8=,199,1,99.50,66.0,221,66
5-6-1-13-1673880239,100075,545,456,83.67,DYu7DcNQDMROp9PHL0XmyQqByyBLuHHnSTxZFooaggBBfR7H7/29z/2CgQY3l1xkMBnVORaZrK4qRm+5atikGBk9LSVz+FrzmqAN5m4GQHi+/g==,198,2,99.00,84.0,6045,84
3-5-6-12-1895646576,100005,545,386,70.83,DcaxAYAwCARAnhB4iMM4g27hADZuZm3hVvZWetXZMh33+j7XfAq0qXUH/G+wMVtRE0OsQqWnM5PlHFDQfAiqmFERQYh32fYP,185,15,92.50,66.0,203,66
4-5-9-12-1984908556,100014,545,426,78.17,Dci5EYAwDARAPSfZJxPRgGdcACEpLVIKLdEJbLg4t8Xjnvt8RM3VxNQRjmzRg0Sr7ExwVAJkVhHs2f6QGoBc7wc=,194,6,97.00,54.0,211,54
6-7-5-17-1317217970,200053,544,257,47.24,BcHBAYQgDARAWBJCIAG0KjuxFh8WYh/3v68tWIXO0LY86339f+8ZIpBAnBOzZEIRgkJD1MqioSTk1ky9QpQbzGMffVSfLDKLmbv3acPCfnw=,133,67,66.50,72.0,220,72
3-7-7-11-1776901668,200003,543,401,73.85,Y9HiMjo2L70p+KILAyMTIyMjAzMjIwsrGzsDOwc7JwcrGxsrO5DPyszEyMnJysHOxMzCzsgwhxsA,200,0,100.00,42.0,77,42
8-3-8-11-721772889,200003,543,374,68.88,Y9HiMjo2L70p+KILAyMTMwsrCyMjGzsHGxMbIysjELBwcLKxsTOwMzNxsLEysnEyc7IxsDGEHwcA,182,18,91.00,42.0,86,42
4-3-4-14-1243366720,100063,543,233,42.91,DcqpDQIBEADA/f+lr1NILAnd4KiGTlAktMKNHnlcvp/jeru/noCAhCxqbqGcAmFOlVHEHSU0zJpb6IA5WYpWS5oFrpWC5y8Syh6D3nWbbj7nAvVOIJDD7/0H,187,13,93.50,99.0,1266,99
9-1-6-17-11507964,100048,541,293,54.16,DcpLDYAwEAXAt7/upyVBChqwhCIUkCCCI3o40jmP7suz3vVu5wFiUWNlWPPwTPKURule2XsSjRKbpY0RPRSsmBvCBLNyFsZ3/Q==,116,84,58.00,66.0,463,66
5-3-6-15-679717130,100046,541,348,64.33,Fci7DYAwDAXAF/9iOwk1q1DRAxJj0bIaPcMgrjxZpmM/r3m9HwCFWFhNq4enqNYSDR0YrWMQovzHnObkDu9tWDJjez8=,170,30,85.00,57.0,142,57
9-4-9-13-182659390,100034,541,248,45.84,Dcq7AYAgDAXA5JEA+bgXDVuwinO4gZXL2DmK1Hcyju9+r3E+kxgowlpbKQoRAXVt5hZhSaytQmpweA/rHppgiEG3emb6jjALprV+,196,4,98.00,72.0,338,72
9-6-2-15-952898671,100004,540,436,80.74,Dcq5EYBADANASbbP9zDk9EIRJNRDSn0MMQGVwMbr63S/23U88w5S5gGGmSTAVDJYrXVW1CFv/4ArOgpLz4gczTQI4Fw+,180,20,90.00,60.0,225,60
7-9-3-22-198859739,100061,539,269,49.91,DcG5EQIxDABAyZL1WPb5oyKKIaMMQkogIWKGdqAf2OXL6f65ft/P2wsw0R8DZ0ySQQ1IEzE6mJSomNrhEszdCHWUJGOw1HlUxZhTQGNtN+o9m2t407bXDrJDZJkVU5ekcH78AA==,190,10,95.00,102.0,843,102
3-2-2-12-652871377,100066,539,276,51.21,Dcw7AQJBEATRnp7/LLJwQHwiyHB02UkgQBARAtgKX1B23O6v9+P7e14QEhBRpYHm6pE7sRSHS3mWWFh0xVTHGh0yZyXCsaqGsoza2CZo7Nug1wybis/5Bw==,181,19,90.50,93.0,3245,93
7-3-2-10-1510597565,100088,539,347,64.38,FYixAYAwDMMcx0laNl7gCG7gjt7Ab6z8xMBK0SRJxxLvc2/XuWNiMDPC6QrP+JNECAoWOH+EVzVA6ejomeW9gU2q6TRzrOMD,150,50,75.00,72.0,1381,72
9-8-6-17-1372025970,400011,538,295,54.83,Dce7FcMwCABAQID4SEieIDul9FLeKynSeZy85Lrj83jw5/u67icgUmNB7UbEZs7GDmiugqChkQFDZq01hNLLbBYypOreua1bb4wQ5CVDMubKqH8QG7zvHw==,189,11,94.50,90.0,448,90
5-3-3-17-1355795513,100016,538,389,72.3,DclJFYAwDAXA3yRd0i1FAQp4KOCCBEygAnVoQQEGYK4j+7S8xzWfzwZHTCTwHBw4Js25lFx96+aU/6IRWxKPrhqK1WFVh3amFGKDEAHr/QE=,198,2,99.00,66.0,214,66
3-4-5-11-1990512589,100010,536,201,37.5,YzHjTrDsad6yKrSTgZGJkZmFlYWVkZmNnZGDjY2Dk4ODkx2IOLmA4lwM7JwsnKwsTEA+ExcrJyMHOwNQLYOTEAA=,200,0,100.00,54.0,181,54
7-3-3-9-2121558793,100056,533,372,69.79,FcqxDYBADENR24kvYQe2QGIgSjqWYAmWYxSO4kuv+Lkvz3tvPtYLJKA/RFLClMQ0YpRplrKiR6E9WDXftnH6Aw==,180,20,90.00,54.0,419,54
8-6-4-14-1136583222,100065,530,236,44.53,BcE5kQJQEAXAeXNfHze4wgmFMTICFJBRK2BDuvV2ef19n9fH/Z8AZhEQlIgUYuQgiVSGa3EGVQkLvFWBiOie9tojfLKOqTLzzmTOTJhJUeymoM9Gw4+5httxX3p/fg==,172,28,86.00,108.0,1431,108
6-9-1-23-147410448,400012,530,208,39.25,BcHbEQIxCABAIEBIjkdyXxZgGdqDbThjKY7tOXbjLr/O++3y/j6vH0BqxKLYFQxFbMyDB/MwHqouXRrGASlWZEDMaKZZx4pJa3kIVO7yqD2rk7F1lFSPjD2GOwJiT2yCnRF+jz8=,160,40,80.00,108.0,990,108
3-8-5-15-409520207,200013,530,399,75.28,DchLEYAwDAXAvDSfpmm5IAITzKACK6jggjj0QI+7ciyPn+t+3S+BuQgU5tU0WkwC8ECiD00iN9XSqVUiZsGIoRZm0jPmfdsP,200,0,100.00,63.0,167,63
9-4-4-12-1282288945,200012,530,326,61.51,DcZBAYAwDAPAJOvWdeWJAFQgAjn4QAFiMMETFxiAe52t03yf+7G8FwhRLGZEbQUy/1NE9IgG9U45XdKIgZaJOpLYng8=,199,1,99.50,54.0,215,54
6-1-3-20-1420564771,100051,529,148,27.98,DclLAQIxDAXAl1+bNN1+1gpnBCEFLljAAsLwwF5n9HG+x+tzu+sTIBYlUxCUGWIodlGBQXCNVC5ejKMlyFy0HyrkTQtyjLBZWlK1Pg9J68vXQTtHbHBEutbta3Io4/v7Aw==,111,89,55.50,105.0,1253,105
6-2-2-16-74426683,100096,528,214,40.53,DcmxDcMwDATAJ/mUKEqyXHmDdKkNeI1MkDIjZo5MFHcHHN/7cR7P3+P1gQigRjW/RRdooVeGimjREjTCa3NFdlIGMqe4a7NtdYvNJFtHBRJjhWvYtClckX7fwPf6Aw==,93,107,46.50,96.0,1607,96
7-7-4-12-1753118092,100043,527,395,74.95,DcSxAQJBCARAFnbh4AxsytQG7MnEBr6tr8LQUJ1geL+8Hs/j+v6cBsDjX8DC6HB3QSkqiSKSpuKqVtWa3RWzcyz2KIPTw1a2N7hkdvv+AA==,188,12,94.00,78.0,606,78
6-6-7-11-1564481282,100059,525,153,29.14,DcrBDQJQCARRlgUWsAcPJl6sxcRYhLXZlqX45/QOE+/L6/f41v12NcCdQYOnJQsIBuSSGzuA1tSgjjfJc0yaba+T0ihO7Nya2p6V7PP8Aw==,142,58,71.00,81.0,989,81
8-4-6-21-362320122,100094,525,131,24.95,DcK5EQIxDABAPfbJvyzZ5ASkJLREE3RCRD2UcO3Azobn5XNe37fXvQPSPxMGiHQAiyTKBcNRCQ6J3Lr0mmigwjSFJlJjz4XdEcPyRW6MNpbnVHjb2KaqDoPQ5oQ2hm54fH8=,149,51,74.50,99.0,388,99
3-7-2-21-1893679613,400013,525,238,45.33,Dcw5AQIwDADAPE2atE1fjLDiBANMSEEMOy5QBCfg0vNyez+uH3/dAYmTiIJk8+JV0IRQG6MCMwol95LVAnJxT4DIXFWit2EWqKJt2oq6aGsPIJTdY89l9j/pnCFEE4aRHIBv/AA=,195,5,97.50,108.0,3718,108
1-5-8-17-297179540,400015,525,449,85.52,FcyxEUJBCAVA4D047g5Mf2NGVmJgJXZgQ4aOhRio8c4sL6f75/V4HuebqBoIR9jIITCdGZNMd3FfYUttjx9ZVJDlwUpREc2xiZ4BoFfDG1WM/8Tu8i3X9xc=,193,7,96.50,90.0,965,90
9-8-9-12-355231570,100083,524,339,64.69,Dcm5DYNQFAXR+/bNrRDSBSER1SBRhiPX44Yc+mejM3q93vv3OY/fDRBY1FwIElmt3poW6ry6zKxNqaV90BNMo4QqF0Q2MwQQsxydDJ7SpeuRLf9sfw==,168,32,84.00,90.0,961,90
3-1-1-10-961783031,200004,522,406,77.78,DckpDoBAEATA6ek5ScBgMSvw/BHNAzG8hXWVlF3Ld677c7+bQAkhYepwjZRyydYCo2aASrPsZsg0ZBw/,200,0,100.00,48.0,182,48
1-7-9-19-1486367018,100058,521,420,80.61,Fcq5FcIwEAVA6e+hvWQnrsPV+Lk0Eiogox5SqnBmSOcNH+tzu177+f60jg5i0T60wRyRUglqxD5R5pJDhZGVk8IWiyj/jRxCrMgoCv8rz4XVAunaHt8b,196,4,98.00,84.0,1163,84
8-4-3-17-1005383368,100096,521,218,41.84,Fcq7EQIxDEXRJ1mSLck/ku2AjJhCqICQlmiLEqiEZeYGJ7jyvBz34/a5Pl4gLlJI/4FPGyppY5cAKWkitLNJgWL45Na9xjknxrIl5nsvCyuUIwtBczJz2zmjhkt3vL8/,164,36,82.00,96.0,1267,96
8-1-5-20-1090742368,100084,520,219,42.12,DcZJFQIxEAXA30vSS9LJCEAVIuCOClxw5yEDCQhiLvVKb8fnffk+7s8XQMyi0k6YQDgD7Qw1eLizWIK1gYjbmDJsoELbwiSZW7B6bhVfahUesTN7NSr1osp0ozB3/K5/,194,6,97.00,102.0,3162,102
1-6-2-17-304175527,100097,520,454,87.31,FYtBEYAwDASTay9NW1qMIAcDGGCGHxLBBQIYNACf/exunMdnv6ftWC5RaIiEMX0wBwkPIUcUjVWq0i3p8PnWIMrBMnoXo7mxaPkn4Z90eM3qkCbn+gI=,200,0,100.00,84.0,525,84
9-5-4-11-1078332884,100026,519,236,45.47,Dcm5DYAwEATA3Xt9pgFSJGKHtEVCRp+0gegAZyONHct67u94vhsgCYiqEkYPz5bhVtXpc7pSqhy9SbWExbQqtusH,199,1,99.50,54.0,167,54
4-4-4-8-470435494,100048,518,398,76.83,HcoxFYBQDEPRtGlTDhNS0IAlRKDjW0AEIzNyKNztnSS26VrO+V7HDpg3gzPIzIDkjlI1lUuF3qhfpbHbwvL7kmGB43kB,200,0,100.00,66.0,1133,66
4-8-7-21-1794611860,100078,518,196,37.84,Dcu5FYNADAVAsYdWe3zt5TbciRMeOVWQUgPNuQj3QIInH7e+jvvct/f1IVrIWOe9WTgEIYqJJZNjLgGARKgaFnFea4FtqJ0kJqgd/L9ae8FUtJna6DmPSd/fAw==,162,38,81.00,81.0,618,81
1-5-2-25-331019159,100063,518,255,49.23,Dcy7EUIhEEZh4O6/wC5vsCgjQ2eMnLEbM4uwpRtZjETniw69Lr/zers/P29j3WENWefA3oQoYD3EE7zGlEMstR07rI1INUCklV5Qx2aeJABzRpw9BT9WRe5rSU5j7od6jhCY7+MP,170,30,85.00,99.0,1034,99
7-2-4-22-1724793846,400017,518,283,54.63,BcE5AQIxEADAffPnNskGB1R4wA0VPTUmcIODU4MEZuR1+T7ft8fnegISCyCKMisQUyBFJFEFBBBBYIAYOGVULjVITKXlfnQ7iFuTY3SaawiVkFNUs+HiVbmZrhnW8EY2fexZrTn6DHPvAfffHw==,195,5,97.50,117.0,968,117
8-3-7-10-618058843,100030,517,369,71.37,FYuxEYAwDMTst/126OkoGIQqIzEA7MVUlJQklU53kvflObdr/Y5dFAqYGDyYVQxVm2hWQyWoQQwIkunZQirmUSRG5Cnv/QM=,197,3,98.50,66.0,338,66
3-1-4-7-1571845278,100040,516,334,64.73,DcpBAUBQFETRefe/GQn0sNHAXgIxdNBHHwWU4KxPL9Ozrft73oekAgGjuu1gkmG6cKQRFyop/FNovj4=,199,1,99.50,48.0,513,48
5-3-6-15-1206642044,100046,516,351,68.02,DcG5EYAwDARAydLZemxiWiGiAJihC1ohJaUsOoJdXaZ9O655vV/iIgqpaDAvEo6qVNI6Myf3IdJIKxyINlh+faQFQOfzAQ==,184,16,92.00,57.0,191,57
8-6-5-13-954593127,100076,514,224,43.58,DcGpAcIAEATAvf9FoWmBalCYiCjapYDUAjP6vl2P+/V9fk6AiElYIQYn+2OEpQNVbEEtOsU6K0k8VJviyaThNb0mmJ32ps1KjmBzRax243X8AA==,182,18,91.00,90.0,628,90
5-3-7-12-1291004740,100026,513,186,36.26,HcE7EYBADAXAJC+5/BCAACoKSpTgAwH4xAaDA2bY1X2az+XZ7vciFkBhw4eDNX6ZURXOiixCSBuqKzthJYlBtB4f,165,35,82.50,54.0,159,54
2-2-1-24-1556613200,100064,511,282,55.19,Dc3HDQIxEEDRCU5jj/MGaqAW6qALKIQ2lvI44OOXnvTN+3a92ufxvf8AiRkJDBo2BqxxZC3jKvBBCGJSZPWSoaScVFSyT0Ixe4VQW0/gR3YhOh0JdG57IAxHi1i24xiLc629L09zb56L6DzPXThuZ1jbp/0D,184,16,92.00,126.0,2047,126
9-9-5-14-177237225,200007,511,102,19.96,BcFJEYAwEATA2dnJtUnwEQNUYQM/vNDGByHooFvHdp3v/a39gRFOypOyiblU0FsLqo8xhVoySUON0pPP4am36Qhh8Qc=,185,15,92.50,57.0,146,57
4-2-3-12-766954199,100059,510,352,69.02,DYm5DYBAEMRmv7t9qAEJJBKaQRRITFuUwkaWbb2X6zvfcewriBhCTAQISA1gFibBsG7TWnqSDg+N8KxgsWxYpVcM9Vk2e6RqlAe25wc=,184,16,92.00,81.0,511,81
6-2-3-24-1447513111,100086,508,167,32.87,Dci3AcIwEADAT4ovWVn0tFAzDWuwDIt4IvbAV558br/5eN2/zxOQgElYANFYQ2AEgK8BQUY2F0doEUW8syGqTVnNUYJjK7UepK0PMqO3Ab7XaTnTnEub3zuVmIqUogVSimkHyrrw4AVv/QM=,152,48,76.00,117.0,1529,117
6-3-1-10-1012246687,100047,505,409,80.99,DYtLDYRAEAXfp7tnMIEABKBhk5WBI65owAVikEEnlVTqUPFb9vc8tvu/glTjgC3QaknJrAhCyDLNVCiTQY05JnqK6sComjQ6cD0f,193,7,96.50,72.0,1548,72
9-7-6-11-464544906,200003,505,342,67.72,Y9HiNjo2L70p+KILAyMTMwsrAxMjAyMbGzsTBwcnJzsnMxsXOyMTIxcXKws7OzsHEwsrM1DBDicA,200,0,100.00,42.0,70,42
8-3-7-17-513004884,100050,504,263,52.18,BcG5AcMwDANAEKJEQa9XyBJus0G6FN7N+3gt3/nv+J+f54rvDSMNsER6JoASsEq1iN7zYIdmtWWmCWv0JI8cCvkuoo060/K9xparNJzlBQ==,144,56,72.00,78.0,658,78
3-8-6-14-2042785766,400015,504,427,84.72,BcGxAQJBCATABRY4uMf0GzOyFiuxAzOrMdNKDJzh7fL4fZ/v83qHQERNqU4BELkcHmLVbG76cYgCcmyMpAUps1Gx3FcPZtrSaBXZWh1ZMchglOL1+QM=,200,0,100.00,90.0,811,90
3-7-1-11-898276227,200003,504,237,47.02,Y9HiNDo2L70p+KILAyMTAwMDMwsrGxszOzMDGzMDOzsHOzMbGxsDIysLEwMHM5DLxMLKyMAw0R0A,199,1,99.50,42.0,83,42
7-7-1-21-1814882885,100087,504,234,46.43,Dcw5EUJBEEXRfr33rCQIwwQRIhCCjl/4wgAT3aoTXH3e7o/39fpdHwILmISJlU4FMHOLjPIWCQVZcvai8MHklXOqR0+xlSFYUcLDTRo1pPux2GOfRa+txqt0Qsm+fw==,184,16,92.00,102.0,1746,102
3-2-2-20-2025704469,500001,503,238,47.32,BcHJDcJAEATAPXt6r9mLj784HwdAxEhIBAQfV4Xr8Xm9/8fz+zPW+RAhJMCUi9TmUFSFMbL51OCQvBH0oaCYApu1hj5GD3VmS05dS6dw77XNedw=,199,1,99.50,78.0,306,78
9-2-8-21-1881463651,400013,502,436,86.85,Dci5DQIwDEBRnzlsJ07YhIKGTVgACYlRGIae5Yh+8aQv78v9+7z++ucBSMjCjIoACocTizITUqkEoqKtS+kCyEBQKnA1D2ojpkdvapbJ66w5hqXlNN97+IoYHrYybOxId4fX7Q8=,199,1,99.50,108.0,5459,108
6-5-4-15-214351932,100087,501,136,27.15,BcFJFQJBDAXAn87ek2ROCMMEJ0TgA3TMwxcGqJLHebu/rufv+gBEi8ALi0UXSEiMxImcEIs4I3YetuF7V9ceyWkeqB1eC+XHHgQUmaGsndRWQlluHT06bJn4vv8=,151,49,75.50,102.0,1455,102
8-9-1-14-1874883054,100004,500,437,87.4,DcmxDYAwDATAt/15J0FiIoagCeswENsgagomIe0dt+X59vt81wHzsAC9QElVyiKMKbZekoz5MgDeG3tpolRd8DrtuH4=,200,0,100.00,60.0,258,60
7-3-2-10-1416584296,100088,499,319,63.93,FYq7EYQwEMXeZ3dtUwZFXAc3Q0E0QFWk9ERAilEoKbYln/taz/2HCSWaMhGJCvqTynI0pIvsEa0lxnzQpFEJDdu9CjkTu/A/Xg==,174,26,87.00,72.0,1388,72
9-8-2-13-219066775,100080,499,404,80.96,DchJEYBAEAPAJJuZPfjhiSrsYIE3AhCDEmxggP11tbflvN/vOfYdhFREGo7IzBpOtz5NuYR7eqC3qGyiQNU0EHM1IosAEtf6Aw==,199,1,99.50,69.0,652,69
7-7-6-17-200771956,100069,499,216,43.29,FcfJEcIwDABAXbasw7YyvOgnbaQFHlRDXVRE2N/K+ziv42Ov5xfwjxBZAFsnFRls3m2AhyA3RSB1E2g5CVfG0tBGbWpbndb0uzj2ij04TBjYRs67s3Lb7rvX7KWZUeUeNeDhPw==,196,4,98.00,114.0,1212,114
7-3-2-10-2074719989,100088,498,335,67.27,Fcq7EYAwEANRSffxmTJogRlqoCD3RkoZ9EFAion2BevHEu9zrefYQQKi/SU8zJ0ykzgdDlqqTaiqyMg5tcrs1VTIDPRuBgn39gE=,190,10,95.00,72.0,1401,72
7-7-6-11-690466460,100047,498,159,31.93,DcIJEYMADATAPJfkEjxUQAWgoTOVgQWU4AMdWEEG7Cx+y3of2/f8f0TN7Y1AqqhUuDHDU7TSi2lNxgxJU0YA7VOEtGJKxrpy2lqu/QE=,158,42,79.00,72.0,1065,72
7-6-1-13-231504762,100058,498,398,79.92,Dcg7FQJBEATAnk9P9y4pKRZQw8McCshOxYnACRlUWP24vK7f9/15fAAEMqOiq8GBpuT/Ij2pxWBNdZpWi95RJszOiHRo1OO1dswok0Nt4Hb+AA==,198,2,99.00,84.0,1150,84
9-8-6-17-1242162465,400011,497,232,46.68,BcG7FcMwCABAgfhJCJAn8E4us1S6DJUmXcbx8x29jpN+9/f9vxpgJ2RpysIdzcSYAHnAZIBBLis8WVWrMHSz7UKDSp+RKREyDGkhkXtGm+lLsYr7bh98AA==,176,24,88.00,90.0,488,90
8-7-9-21-770944568,100089,497,136,27.36,Dcq5EQIxDABA/3osP5JNQCkMFUA5NEFGdbRxBZBx6c6m1+Xxe99v18/hnA8x5QIYIjH5jHhCcVWAc2jcR5xEXjGd0VINWSOJl7yqWwrmCnTuKmMImlHNVtQKx8XD2kDp0PeeMExLq71um+77/AM=,172,28,86.00,114.0,1133,114
5-2-2-22-1847295199,100052,496,280,56.45,Dcq5AcIwDABASZbkT7bjDxiVhkEoqFmAmTIH6a44ft643j+v3/cEBCLHoorCnpEvBxdTFrVQPIRqRNQCSEtHr7nmkZopXQ8B3fDEWOZcQcTWTrZExvIOUf06OqjFtHcqqqGveUQC9kCACo/3Hw==,189,11,94.50,120.0,659,120
9-6-1-17-142248435,100084,496,180,36.29,BcE5FQJBEAXA3/c1g4LVhQQ2XxUEeCDnIQNhVOnj9v0cv+t8vgFiYlFzcoUxIt0l3ESpyjM8vceGpnNNb5eaKKVGVFuvXJy1typYjIVYGRCYkEFFgRhjwv31Bw==,144,56,72.00,102.0,6127,102
5-4-9-14-567924337,100031,495,371,74.95,BcGBDYAwCARAKLQ8lLpAEydxPtNV3EcT93AB7/TYvnk+174WcRHR2rQVqWbwQKBHuluV0pjYEoKebhjZR/oAVByWRPf7Aw==,197,3,98.50,60.0,150,60
2-7-2-14-1774680729,100028,494,320,64.78,YzHjXi35f+uVWvMHDAyMTMwsDAysDGzsLCxsIJKVjYWBjY2DnZWBnZGBiZkTqISTi5WFi4uTnYOVAyjKzMTwrgUA,176,24,88.00,54.0,214,54
5-1-7-8-251577692,100014,493,469,95.13,DYfRCYBQEMN6d23FXxd44AB+OqejOJwD2EAI4b2d+/WsY70ACuhY1TPNVMJIbNNWMOlWJDOyiY8/,200,0,100.00,54.0,398,54
7-5-3-21-961418465,100076,492,309,62.8,BcFJAUIxDAXAl6Rp0n3jigUEceWED3zhAQFfCzPhebvu5/o93i+AiMBgoaDRDBLUzJxTLtWNqFEPIjRk5qHeC7Rm95EcxDE1XXuvo8wLZ9epp5U+VSUCn+8f,197,3,98.50,90.0,432,90
7-2-2-14-91281133,100034,492,363,73.78,Fci5FYAwEANRaVe+TVNETiiLOuiAiF54ZJSCCeYHo7G853OM/dpAAuaEcTKjg3DYP800AYJiTDlA0byoZPPaUq9iTa2Hnosa7vUD,200,0,100.00,72.0,281,72
8-6-2-13-1843684133,100067,492,243,49.39,FYpbDYBADAT7vvZ6CMMCEvDANyJAB0IQggZ6yWYmk6xsy3O/u1/fAYDEBFNFnFXJwipMiGLNgUOtpiQY6g0ipGdk2MiuVi9LDutNE9hHiGmaDljPHw==,176,24,88.00,90.0,1462,90
9-7-6-15-1365451981,100036,492,317,64.43,Dco5EQJBEEDRvqbPmV5/CEDAKtiIBAVIQAExcnDB1M9efbkd7/P5+16fByAS7wTHQDUfIK4W7ElIUqnENpd1aHnuhWM1IxHqhKztDjG8WoWi2rpEcgHkRHjd/w==,187,13,93.50,90.0,756,90
1-7-7-18-688536886,100085,492,389,79.07,DcixEQIxDATAs/6ksyWZiCEjoiVqIaAH+qMUQj7bWT4vt+/v+njd3xh2cAyH04+TDljIJgDSzFZkREhQ0UiqzshuqNNmr+i9M1S7l+RZVT7Rnz8=,198,2,99.00,84.0,788,84
8-4-4-18-1439488749,400017,491,280,57.03,BcG7AQIwCAVAeEAg5G9nb+VcVvbWLuE2buBU3unr8n2+74/P7UfEIFEB2AwqjFJUzQsRldCaTdSSvY/aYsLcmSvRXKIRghysYjxmenYrsahvx2xFZp9rGUa3tY4oY2NHH3kGDl3bHw==,184,16,92.00,117.0,702,117
7-9-6-16-1266175920,200053,491,291,59.27,BcG7DYAwDAXAF9txHOcrpmI5lqBjD0okWlZgCriTdb7Lc9zntyEARAzhIARETZY9lNoIiVSacR9jVHMBCqVo0rO7aItaWK1XZfPsjGv/AQ==,192,8,96.00,72.0,215,72
1-5-2-9-571055565,100038,491,471,95.93,HYnBEYAwDMPsOE47SifoLCzJALyZgy9zkONOH0m5573quY55giFlMBMUAIIuazjwKwlVq+Qh9enQvP4A,200,0,100.00,54.0,238,54
1-5-7-16-1773441529,100079,490,384,78.37,BcFZFcNADAPAXUuWtUcBFFMghEdQ9LevsIokHDLD4/W73//Phd1a7wE0ZrBngJJYsuXy0BRNrFXMrK2NoowYiFnckRlengiMcDu/Dw==,195,5,97.50,75.0,790,75
8-7-9-21-1368737165,100089,490,313,63.88,FcrLEUIhDADAkEACAcLXg6U4VmA7NuHN8pyxCAt4N/W6s/5+uh2P6+X8/IBDQh9YXPQRkpLLWDBANeVirD5SBRBmh40I+vi/mQapmAQMq/jetgtzrxotrRa62k9McvZr7TnXHDp5m7W+WxeD1/sL,194,6,97.00,114.0,1225,114
8-3-7-16-770783359,100057,490,262,53.47,DcmxEYAgEETRPe+AhQMsREPtwczGNLMeS7EWif7M+3bM230u77U+gMgEtREJonHSRFgQZinulT4mG6KFrJ3ehE6vPSIX0FNPWmobhP37AQ==,159,41,79.50,72.0,609,72
1-5-4-22-96441110,100070,490,296,60.41,DcnBAUIhCABQEQVEEbQF6tKtDs3TGg3WSE3S/9f3yufy+l2ft/fjmyBjqSkRseSmUgk7AOZhPKuLdzdtc4Qt27MVO4FjbV7Lh50Ze5BIDDBqtpevvoPBYUQrDbQjEgmgbkURIkRR4PS/Hw==,179,21,89.50,117.0,3377,117
8-7-5-21-541684215,100097,490,373,76.12,DchJFcJAEAXA/tOd6dl3XCAHA0jILQIiLjIQwOOEAKhjyeP2Od73/Xq+CIYhm1iIOs8UiDVS0gTmf6ulTFpSdDU3wJTaTVAeswVZG9ZYYjtEGmYe0c/ifO10fn8=,200,0,100.00,84.0,234,84
5-3-1-15-483044778,100005,489,336,68.71,DcY5AYBAEAPAJPvchxg0gBycUVMgAD/0VNxU49ty3Pv3XusJQhDN3SiLZCk1Y94JNGG+j5Ldwl3qoIs1so3RMioFYHl+,200,0,100.00,66.0,183,66
1-9-3-13-514491506,100037,489,435,88.96,DcexDYAwDARA+/2fOGEBhqFil8yDkCiQWIDNWIN0d9yXdz2/sd2XOYKEXFaKQZITYNQUM6uCcLbe+zQDje4KKbJlAXzOjucH,199,1,99.50,66.0,424,66
2-9-1-14-1063106848,100016,489,439,89.78,DcpBAYAwDAPAZG3WbohAARL2mQAemEAFclGAAfa+87kd3/Xs9zvAQnNVCCRDygBbJkUArrIkCFNmD0VvK/bGNGLtWuQY5w8=,200,0,100.00,66.0,381,66
1-5-3-16-907819418,100080,489,261,53.37,DcNbDYAwDAXQbrdd18dQBcm08IcFVCAGJdjAAJzk8Lac1/Pex5xEpdRawQXCTbupeNDfMo3RRMzTxNN5dGUo0N0iYwyNbNAAg/b1Aw==,179,21,89.50,69.0,670,69
7-1-4-25-218971635,100086,488,242,49.59,Dcm5AcIwDABAfZZlOfKbCWihpmMslmERJqJlBrj25Hl+zuv98rq9AQGICBGBmJlEErJmA+bEhAxZhbGYg6Z6RIvDI0ofo1o6shbsswVJn8vJo5tVzJpGa0J97TUgy96m4G12HP9wzAjfxw8=,193,7,96.50,117.0,1810,117
5-2-2-11-344181197,100010,488,370,75.82,Dca5DYBADATA9do+P/SDRCFEJPRChERCG8QUCBONzdO+XMf7rCeEqgQoNB8RmcJKT+0UAGrV+o/Di5BB61AQ9/YB,200,0,100.00,54.0,175,54
5-6-7-10-1536756155,200024,487,281,57.7,DcZLFYMADATAzWc3CYa499QzAiqgSlCAHETgh/dgTpPfZf9d9/b5HzDAPZIqqac5tChE1QhMQnwPR8tDZk0n4dZqTWbOVEWW4Vwf,192,8,96.00,72.0,251,72
7-4-2-16-555934745,100070,487,269,55.24,DcpJEQJBEATA6nu651oJIAAemOFD4AJhSMIJ+81I/RyP3+V+fd2+AIGFVIihYCZRkMAcJqcLHMThLYyShemc6tU0g/uoRj5Tra0dwj7GWH2NkV3a3iQcNS2QrllqUdHYfVYA7+cf,173,27,86.50,117.0,2530,117
3-5-2-11-872904032,100016,487,401,82.34,DcgxEYBADATAXO7yyT8iUIADaKioMYEK5KIAA9DtrPZpec97vp7N4DS5omVWT6ZX7+XBADLChF+DYLN/NUrwsjaCiSBktGP9AA==,200,0,100.00,66.0,330,66
7-4-3-12-1974535500,100072,486,419,86.21,FcpJDYRQFATA7n7L3wgJejggAg1IQAoCkIAKbM1wqkv5Nh33857XvIAQpA/SPCBnRhqCFlZqadG7FwwllR1qWYfasP9hJdb9Bw==,194,6,97.00,63.0,376,63
1-7-4-24-1429861372,100069,485,91,18.76,DcpBAQIgDAVQYH9jY8AAT/axhhU8mMY6VrCGJfSdH56X232/7HH9pFwKgVNGIanKJkIEokbZe4IIN2lcO6OPSaJu0WIYd5+xBtT27gbY/1CdVBkExHLWmGOJtpio52z1cWYfLpTe3x8=,111,89,55.50,114.0,2105,114
8-2-4-17-682200173,100079,485,237,48.87,DcpLEYAwDAXA95L0Q5u2XJHE4AcV3BGAIJTggR53Zu1Y7297r1MdFFEjYSICgiHEiZQXQdEKD9Ub1cx9TrQ+hntsqZehtmRVzhhT7qVif34=,190,10,95.00,75.0,320,75
5-8-6-11-1777904397,100041,485,267,55.05,Dcm7DYRQDERR2zP+0gaN7EbURR00SIzIedKVTnB5bBf0/z77T9RWAAEPJi2r4R7Tw0pJxJQu4Map9UytpUUHiFBvjlck5D4/,178,22,89.00,72.0,290,72
7-6-4-16-488111006,100063,485,220,45.36,BcG7FQJBCABA/iwcsFeNPRgZGpj4nt2Y2ZyRxTgjr/P3vd7uz88bAJGQWQjVxBdYJHEICukRpOqKkCWKyFbR7LrSrQ9bOEwDs3b6qh6N7mNFVavuGdFdmeag8Lj8AQ==,193,7,96.50,99.0,991,99
8-2-6-12-1627456353,100081,485,312,64.33,Fce7EYAwDATR0+csyTRAB5RB6oSSSBhapB0GE+1bH8v6Ptex3wJRA0xkVhXm9luomNeCIZkMqBUymD2KoFlmsTl7sbR1r8C5fQ==,182,18,91.00,72.0,1181,72
5-5-5-8-485347939,100037,485,430,88.66,DclBEYBADAPANG1SJOAFXnhBEDP3QAI6MIMNbr9bx/Ks13fu90AwEoVKSrZYKbBtI91mUZHtnkB3SKggZllQMgrv9gM=,200,0,100.00,66.0,479,66
8-8-3-11-1439211911,100081,485,334,68.87,Fce5DYBADATA9bN+jgbohpSEphAtEiI6QeiCCcb3Zf3u89guATCpGBQwcVUiREkmpKppZWMW5qOSIYyI5PDO2S53T8Pz/g==,165,35,82.50,72.0,824,72
7-1-3-20-501017721,100095,485,354,72.99,Dcu5AcIwEATAvVvdI+t1RbRATDG0Q09EZGTUgPOZ8jg/39vrPt4VEIhSAZIoQgPcGcpUqWJ+KLT1kkUtx2X7TO9twGA1MqOumLL2sZ3bVDhjDW9xtd/zDw==,200,0,100.00,90.0,614,90
5-3-1-24-509087601,100051,484,200,41.32,FYy5DQIxEADX3ve8/k0dl1xMQZQCCS1QHXVgpNEkIw09bu/6+lx3ekKIGyQIjByFVE3soGRudKTsslVSVW69M+dkAiDmvSBjG7Oh5lGS+P8SQvWVFajOGWPUsQgwL4ewG5zfHw==,177,23,88.50,105.0,1008,105
3-6-1-15-147201910,100013,483,357,73.91,DYzBDYAwDMTu2uSatuzBgydL8GUnBmIapkBiBSLZL0u2Y/n2Z9N9XiBYqhm9EGoRfUyHNPs0gZEVaWENuqz1FpVStjIciSwPHnjXHw==,200,0,100.00,72.0,380,72
8-8-4-15-2117013616,100048,483,394,81.57,FcbBEYAgDATAHOEOCOBYijXYkhXZgWMRPq3JcV+b9+VZ73i38zAkc0eG2R8CyhAS3EtFk3JQNAbZ2UXV4Jhjao7Sa2lqxusD,200,0,100.00,66.0,514,66
6-8-5-11-933536039,100060,483,300,62.11,Fco5DYBQEEXRWd6sGMAGoYMKDySowBkOafiU9+TinJ55u/f1OohZlFgBc2PjCGJJT4MpyItCeGT2L9ZAyXg6KovaNStEHVBuK89w8Wh6lw8=,192,8,96.00,84.0,819,84
2-6-5-16-177073827,100031,483,383,79.3,DcfBEYAgDATABO4gJGADzliJvflzaMWCHAuxAd3fYl/e9byvbU5RTRmAkMxEqdY8OoG/qhDv3SOZjWpDR9VSmhkT2ALyHB8=,199,1,99.50,60.0,164,60
9-9-1-18-441248759,100071,482,399,82.78,Dcs5FYAwEAXA/XvncsOLBjTgCCnIQQsVFaSZbnQf1z2P8Z4bgUnUzBkanpyQwLJIqa1Lb72JAAUc5OnGwbUu0smVlEyxdgY93w8=,198,2,99.00,72.0,411,72
3-6-6-11-212613100,100010,481,251,52.18,DcSxDYBQCAVA4AGfh/uYOIi9lYtYmTiJtTu5hl5xPk/bch3PvZ6iBoXBI4BMDB31H6FIttArmkbTUktDMzyF8u4f,200,0,100.00,54.0,168,54
5-1-4-14-1126623931,100075,479,302,63.05,DcixDQJBDATAtb2+vfOZxtCHiCYQEhmVUBkR3fDZaHi7PL7X++d1vAEzh0XQg8yhMefSUs1RufZOde/urqxdckF+ZjkRbkHrBOMEqDALgwj8nn8=,182,18,91.00,84.0,5128,84
9-2-8-13-1585657993,200013,479,339,70.77,FcqxDYAwDERRJ+e7OKZkHSSmSEfBFExBw3DsA5F+977vy9PGul33a6VWwOkg1UJoYFGnReYswqMEp3d1dwWUafrHKsKO8wM=,194,6,97.00,63.0,313,63
1-3-2-17-1049742986,100083,479,294,61.38,DcnJEYMwEAVRaeZrmQ1EMM7CR07E4CBc5TCcCDmQEEd07Nc4tv/r+u3v+5syJQZKqq23LARSrWCj1p24s1kQWKovq84QUwaHi2UmuIBMIuYrw0PG4raOIjo90ud8AA==,198,2,99.00,90.0,1205,90
1-3-2-11-363838111,100007,478,409,85.56,BcFbEYRAEAPAZOeZQRBn4P5xgy2MYIFCCt3+3xT3sZ/XA65lXG7mzohgJiuaRKKsOpXGmmibhhpoUBpyNKhIFYb4vR8=,200,0,100.00,69.0,506,69
1-9-6-15-46445739,100090,478,245,51.26,DcpLFcJAEATA3Z5P98xyzSkisIAFVKEh7+UQE5GCH6hz+ftxP7/7ub2OMTHNfUQOTMJNiiBhWWrrEuBuBibwf24EyKJ5IxkZ0pKyeq1SVPe4Pj8=,189,11,94.50,81.0,1005,81
7-3-3-9-236264399,100056,478,435,91,FcZJEYBAFAPRJJO/4AEXVCEIB5jABLq4I4Xh0PXa+3K/1xbHeoIERAGczIT/hwWPYCpiwKrsznYxK9OGnw8=,200,0,100.00,54.0,386,54
4-7-4-25-224476969,100052,478,169,35.36,Dcm3EQJBDABA6YzO6LynUxISZiiDmAaoiTr4aINV95tK+/34fn4AKCQqTVIb6zwA2yAQrSXiQMyX4GPKRRMThiuYiZVFDCBrqz0oM8bsDW1d+yyve+NQpa6xrJ6cjGfns4xYc6dVpcu9z1E0vJ5/,182,18,91.00,120.0,881,120
7-7-2-19-901662380,100055,478,269,56.28,BcG7EQIxDAXAJ8nys+UvhVAHw1x6tdAYMUWRXXi76Xx8/t/XheMNUQOQ3LNBjKV6CENVqFnprY9A95iWhuSRsAzOWSt82mZrxckSHj1kx4qti3j+bg==,178,22,89.00,84.0,648,84
7-3-3-9-1843271197,100056,477,404,84.7,FchRDYAwEATRve3uXfGACxJUoAIHNYEHgjmkUL7mZbQvz3ttPteBCCJIzjRi8h+k6GjKVKoZhKvKPXqHLeG4Pw==,200,0,100.00,54.0,419,54
7-7-4-10-798319515,200024,477,348,72.96,BcHBDYNQDAPQ2LGT/I7FiXMHqMQJiUmYgMG6T6W+p/11f76/93Y9ARBMMREgk0KYlbBQki2yonvWkkpWT/R0jVejQpP2OBXH+Qc=,197,3,98.50,72.0,282,72
6-8-4-14-153083755,100005,477,308,64.57,Dcq7EYAwDATRky2fLH+oxTVAORRCFxRATEBX5EQ423mzui77s33vPS5IiCpJCcJCdpldWM1hahBKbNm10lNkcOjc6pTeeymkNRiO8wc=,187,13,93.50,66.0,160,66
1-5-8-16-1479075716,100033,477,382,80.08,DcexEYAwDANAR7FiOWEkBmAX7mhZhymomYKSPejgu/d5OvbtfO9nMSsAqrMxTGIqnaT0PwWGhOgVpfcR4FA0YGSWmm7r9QE=,197,3,98.50,60.0,236,60
5-5-5-16-441370125,100095,476,243,51.05,Dcu5AcIwDABAydb/2CzCDKxAzYLslCodO1Al1x99Hufv9X334YADJzETAIuaeUiWt5ewEwK7i1T12qax1LJNS9KJAWEOQfKtkRlqHd2RsmrfUcaE5/8C,190,10,95.00,90.0,538,90
9-2-4-16-750272859,100041,475,334,70.32,Dcu5DYAwEATA3fvs80MVNAIRRVIWnSBynI40dm238vze/QBIiJrQNYqbW6kBlgzTNKVkUyB7r6xjggK4cZG0bCvNObyPBOL5AQ==,200,0,100.00,72.0,344,72
2-8-1-11-2031077591,100008,475,341,71.79,Y9HikF5it/it5dZKBkYmZkYWRlYWRkYWNjYWRhZWdhZ2IGZkYQaKsTIxsLIzsjMwsbMxM3BsAwA=,199,1,99.50,42.0,112,42
9-9-1-22-1238001588,400014,475,218,45.89,DcS5EQIxDABA/ZZkyzY9Uc3NJeSUQVl0AhWQABusnJfj/Xl8n/crIBIwE4mCNRd2Dczuo6qnaNi0pX2mjdISKa+wPU0h0jRote3qtplwZAoCMLr8IyQWc2kLgwnUGQhetx8=,151,49,75.50,108.0,3545,108
9-8-2-12-1478696304,100057,474,419,88.4,Dcu7EYQwEATR2dnPSLpQDpMg8EgMPOLBJAESQk4br6pj+63n/r+P5YKBHjRPL8JCJU+5zxaaBKmip3dMMPYkxDCWRSOHWZvTGMDzfg==,200,0,100.00,72.0,681,72
1-2-1-17-1695142973,100066,474,136,28.69,DcfBFQIxCAVA2AT4IbvA9mQHni3Cm2VYiSVYgMV4sgBzmfem387L4339/u4vYtqYqPGy9SZqGMQ8DF3Fx1z0TVT2AzNyZsGwcri4a+SelmVqBotQLQEkPSpKy0Cf5x8=,187,13,93.50,93.0,2561,93
9-5-5-14-707230507,100026,474,162,34.18,BcGxFYAwCAVACJ8ECFg7gLWlg7iIA7ina/jcwDscy3pt7/58N3ETANKURDqGuYd59GmJDmFljFmOzFYe4rMGlOisHw==,199,1,99.50,54.0,124,54
5-1-7-8-71141918,100014,473,428,90.49,DcaxEYAwDENR2bLE0VCwQO4YgJI1shqjZMS4+f/Vdzzn+497LAABZCAygpVsUGWSpsV0L9UyC5Ygdua1AQ==,200,0,100.00,54.0,356,54
7-4-4-17-1309031937,100069,472,68,14.41,DcxJAcIwEADAvdM9kmyfKMAINrDAgydK0IUiOgJG3ufjeX79dfsBXggYRYmERAFV2cYh5AEK4YCklghWU3HlbuEyCtPOkrV25wCJ7EJwErk2HnnUjKVzTl++99zbj+Je0cbwuf8B,79,121,39.50,114.0,1348,114
6-1-1-20-1020090918,100060,471,353,74.95,Fcy7EUIxDATAu5Nky9+X0gcZRPTADCEV0Bl1UQeQ76zfj/fp8rqeHzeQAiXAPArNETXFcLWeUVBGVcZcy0Y69u57sNU/n842l+CGHtLvMCaSJJ6fLw==,191,9,95.50,84.0,510,84
3-8-6-14-114707422,400015,471,315,66.88,Dcy7FQIxDATAXetnWRbpNUbAoxYqoQJoiJBKCLhsotH75fn7vj/H9QGCg6JQO+kjptmYIVRBYpXt5aKVi8hBJ5TK2dhmu310BIvu8GjJqhQ/j0J34vb6Aw==,200,0,100.00,90.0,788,90
2-3-2-13-702019655,100055,471,248,52.65,Dco7DYBADADQttd/iy5CWNGCB/SgAzFsjNz4ksfHcr73+sG+ASINAhZWG+6hwZmiIVNC5mxilREpbl3uNBsCsLcrUndUjZGV3YRqZQyAcD0/,200,0,100.00,84.0,851,84
9-9-2-15-1344060501,200010,470,241,51.28,DcixFYAwCAXAT/IhBFzIwjLDWDqT01g5g2NYabp7x3UZ73bez3dBBCiVao3eLTKjZqi5h8VkogDCnk2MNLSuFMjcY/8B,148,52,74.00,57.0,198,57
8-3-7-17-353828907,100050,470,335,71.28,Dcu5FYMwFATAf2lXt2iBJsh4dODMgStxM+7HbcHkE6/tfez/D6+fqJm7h0qCCekBMculKtByF2kR9OIpqWoxVjYMcAIx6f2ZlYvoec2xhnzPGw==,198,2,99.00,78.0,733,78
7-1-8-19-724718132,100078,470,238,50.64,DcqxEQIxDATAO8lv+STbXwmdkDDk1EBASg0UTAIbb7udr+/7cb98riAMJEFzwNvRw/sgdYQpWmT0ghjmkkDVHG1lzKwq7Zy+HP8aWSNNa2/w+QM=,124,76,62.00,81.0,913,81
7-7-3-13-436887309,100023,470,390,82.98,BcFJEYBADATASWb2SBY9SEHGauKDB95YoIrCDXRrXbbvuK9nvjBzuBmpUlW90FqnaojM4gA44MHWR/SWw00pYj9/,200,0,100.00,54.0,182,54
7-3-7-12-1807905576,200010,469,414,88.27,DcOxEYAwDANAKZKTOExEQcmkzMEAVMzAAvRUwN+952l9lu283gMACRb5H7WxqyGDCrkXZrYQWDUMhwf7iArJwL1/,200,0,100.00,57.0,262,57
6-9-3-15-1556928403,100013,469,249,53.09,Dcg5AYAwEATA3XuSy4cRSkzQUuICEQhCDTawQKYc25dve9f0HDcoQjUXgSdINiUlCDocZW5t83quqmPETFqMoLZerDYrHUkimHCdPw==,187,13,93.50,72.0,274,72
7-4-2-17-1004829936,100065,468,240,51.28,Dci5EQIxDABAvbYeW/YVQxH0QicMjZHRATFDAYRctrNyO17fz/PyuP8AkVgEhVAR9BRD60bokaQqTMGaY5a4r22o0BOEwdVGTQdpc0UydnLV7GSxV0O0qjizRieK2pYMwHB9/wE=,192,8,96.00,108.0,1508,108
1-7-3-17-69988301,100043,468,432,92.31,Dcq7EYAgEAXA9/A+wIFjX87YgB0ZmNiAbVmFoalkG6xs87Wf9/J+D5gSgSlBoOYUTk6IUYfE4K5uyKXW0IjaSgFFRzEbYO4tovUcIlR0rMcP,200,0,100.00,78.0,922,78
5-9-1-13-393834643,100043,468,377,80.56,DcirAYNAEATQmf3N3sWkMhqgHDwGiaGtVBEZm5Pvxfa69vN5f38fkGbujPDMEqwbJalbqOXAagbGTGPnzMicBTNWN12joB7yxaDjPv4=,199,1,99.50,78.0,886,78
6-7-4-16-2063294303,100092,467,374,80.09,Hci7DYAwDAVAJ362kzgfRkhByyTswzpMQs8GrAOiOumwL/LM45rnSiEyIKxQZTIy4/SrzJq/QvGijOreOhA052ge6xhQ7ymF1kdtLoJC9/YC,191,9,95.50,75.0,235,75
8-9-5-13-603289725,100046,465,374,80.43,FcaxEYAwCAVQ4EMSCPauksoB9M6xbJ3K3nMh9VVPx7St+zEv500sAKmZWOH6n6QINdfoTS0jhVErAO8UaZ9m3Qvoel4=,200,0,100.00,57.0,163,57
2-5-8-8-271437695,200003,465,229,49.25,Y9HiMDo2L70p+KILAyMTEDGzsLIxsjEwMzGwsTGwsTOxsbEzsjIyMDCxMDCws7EwMbMxsjLIbAYA,199,1,99.50,42.0,123,42
5-1-2-13-136882781,100023,464,370,79.74,BcFBEYAwDEXBl+S3TYsfpCADV72jAQvMMOjAAOxqXbZvXue9Pxh4IFSqI7egZQuw7Ea4j/BaZYyeXaZSRjR4jx8=,197,3,98.50,54.0,162,54
7-4-1-15-956659108,100090,462,284,61.47,DcrLCYBAEATRnun57a5XQTAIUzAFwxNMw1DMx729grJreY9vf9bzhkBUaAqxaYqYT8wEgcgSQpXhVMLnKVT1zIpq3SM8m1WMUS0rex+G2n4=,185,15,92.50,81.0,1102,81
3-1-4-23-585374752,400011,462,238,51.52,BcG5EQIwDARAP7L86STZJqcnQhqhDJqhChIyymHYpfvlSp/f+/m9hZhCpsK1Uec2eA6BdgrTwCKGLMW9WJeGyoI4OEEkThWtRIAhKS/XfY5tztv9rKXORuHx+gM=,196,4,98.00,90.0,715,90
2-1-7-16-1412908815,100020,461,335,72.67,FclJEYAwEATATWY22QNVFF5iCAkY4IMPoojw66rmvh1jzufWV0pFAUltvaMozRkGaGOXqMtMBzyTv2sTEOYZ5oEVmXJeHw==,200,0,100.00,66.0,300,66
6-4-1-14-1584968085,100033,461,379,82.21,Fck7AYAwDAXAl3+bIAkBqOmKEQSgAimM+GCjLLecrsu5j+u9nw0EYpkIE7OSOQCigAUrexNxizbp+V9WV2uVJd6BAx8=,199,1,99.50,60.0,259,60
8-5-8-23-2040112734,400014,460,240,52.17,LcbLFQIhDEBR/kkgITMguLMaq/FYghW4tqwpxQrcKAvf3bxwP9/en9f3eFyNdcavnLHWuODi/5MDg9FHT7mwiK1Jq6JKWKQU2FT21lkrnfaF6kAizNvk3BqnDmOCIlWYA4Q71o3FXJ4/,175,25,87.50,108.0,2240,108
8-6-3-15-604002527,100020,460,257,55.87,FcrLDYAwDARRr7N2/jSQPigA0Qv1caEPUhHhNBrp8djOa87ntlcADQxianCJTGsll+qts+aSIpDVSV2ASKX+yjsaxbvRVsf+AQ==,160,40,80.00,66.0,176,66
1-8-6-17-1229373246,100075,459,347,75.6,DcjLEcJADARRfcbWSNolCIdDcXQ5CS7ciITIiIE82D69apy35/d+fV6Pt6i5Ydu3PRQqMIlFgyPC1NegpotLsXRlBgOLCJJJ70xWZ405s6vH7B5y/P4=,199,1,99.50,84.0,3513,84
1-3-3-18-1748501535,100067,459,286,62.31,BcHLAcIgEARQYJn9DCx4tjSPHu3BSpI6LMRCUkPe66/H7/x//Li+pdTSWm1SOwQQlS6Cbu5hpsEYMzyVK3L7stxjaIpp5nIVSwIKkmpzgkpPSRh3WHm+bw==,193,7,96.50,90.0,1576,90
5-8-1-13-32017441,100028,457,360,78.77,DcixEYAwDANA2Y5khw3YgRqmyzwU1GzCAGwCufvq275c63c/43hhHuGNAlJCForJkjLBjgqPKm/okynNyVnYzh8=,199,1,99.50,54.0,220,54
3-7-7-11-440613330,200003,456,308,67.54,Y9HiMjo2L70p+KILAyMjIxMjMwsrIxMDGxsjOwcbGzs7MwgzsbJzsjBycnByMLKwMbAyMhzNBQA=,200,0,100.00,42.0,83,42
2-2-5-14-1738450380,100092,455,362,79.56,Dci7AYMwDATQs2T5cydnBgq2YR/WYRLKTJCCdcgrXz0+8WznvV07inkN89ZHTEqZJIXs/5RobYrwESBSMdBK1J4qCXgupjmxcpov4fd9AQ==,200,0,100.00,75.0,234,75
7-9-6-16-842483129,200053,453,232,51.21,DcmxFYAgDAXAHyCEhAA+Z3EIl3MQ97C3ZQWnUK+9tC/POs/7eg/QDxRiihyzSCFVq3DOhBya1tK7jWQmTgxuDq2je5EWSFz+UlN2xtw+,97,103,48.50,72.0,197,72
3-5-5-13-603288458,100038,453,356,78.59,Dck3AYAwEADAz/eGDxRECwbYsIYAZnTghdx6PLd31+85/AYYSCyK5pEOqKVdmllUSgi+2oKzU6plBYfhALjOHw==,200,0,100.00,54.0,113,54
3-1-5-8-1873407696,100072,453,405,89.4,FcrBCYBAEEPRZGY28SRYkdVYgqUIe7UEq7AgG3D38uDDr3057uc9r3UDgxlZDQjK2SAhZlSahE2DFtogBQFTOTzGQv9+,200,0,100.00,63.0,744,63
8-4-4-14-773339364,100067,453,229,50.55,FYlZEYNAFMDeve9avGAHCXhACZXRqZAKqYYuM8lPIsf2eX1Pv38XANKCCRGAZAlPEkY1HkIekaVlzTIJxEED0d07q81m6Ro1MpJbMSnaK3KoTYP9/Qc=,175,25,87.50,90.0,1012,90
5-6-5-12-2144313302,100074,451,394,87.36,BcExFYAwDATQS3K9Ni16kMCrPGSwYoABKUxoYOJ/rst9Ht98rx0wD0ZRrZI3GpJ99IgS0ROtecohjVGqSLpJcGzPDw==,200,0,100.00,54.0,164,54
2-8-3-12-1236387010,100074,451,335,74.28,YzHjPrRxxS+PF/smMDAyMbMwMQERKwsbKysbOwcTkMnEwcnEwsbGxcrJzMHCBVTDxMLKxc7OycrKyMDGxsrMoCQKAA==,199,1,99.50,54.0,168,54
7-4-1-20-1213922700,100085,451,212,47.01,DcepEYRAEEDRvrvnRlA4FCkhiARBJpvZhoJkvnhVX85l+7/rce8P4AwIWKaIOsc8UAXRFJgpheRSkrqwGYAkqrVppzxCLUwie/FGbfjo7L0GMFy/Dw==,180,20,90.00,84.0,691,84
7-4-3-22-1117183303,100094,450,270,60,BcG5AQIwCABAIATykT/WFrZOZeEKbmLlOq7gOt7x4/L5Xd+3190AyQEyInkkAC8IjoFJxItDFHDOO1ENMeWSzSoDofqm3aqOufZhy0GTEfjGKcTZdxlrjbL7rBbPafD8/gE=,193,7,96.50,99.0,479,99
6-9-1-23-1602551471,400012,449,178,39.64,DcnLEUIxCABAIPxCHiTxZAGWoRV4twdnLMWxPdvRvS6/Trfr+f19Xj6A1FiYRcncOwQM0wPVHNiOgJYwxAxL02Vg/EtIk+bslKs2w8K5Q3JRFWhzLBCv4MjOm9FdUNU5IgTujx8=,192,8,96.00,108.0,1260,108
1-7-9-19-1157215491,100058,449,263,58.57,Dcm7EcJADAXAO0nvSbofCXVAMx435wo8Q0A9dEJmb7q2PY7n/3zt31+poqJWIPRaIwU0QrVpj1FypqeIa2Pcx7WmyaRHaHQXa2AaxkJYx6AGlPDy/lw=,190,10,95.00,84.0,1020,84
7-9-2-12-828554559,200010,448,388,86.61,DcqpAYBAEAPA7Ca5h2LwCCSVXjUoaqAGFArOjRhty/Hu47q/EwhkJOWStVlTCjl6h1tJZqEC7DSaa7Up0vNgfX4=,200,0,100.00,57.0,415,57
7-3-1-18-748176587,100007,447,377,84.34,DchLFYAwDATAbJJtm36wUwWcwQ0K8IMRLKCFvrmN71vwPef1fIJFAYjA4GpOwsRXJFNkLeFuWirRutJGKiMHR+tSW9QuzJ7kuH8=,200,0,100.00,69.0,253,69
7-7-5-12-1785047094,200015,446,161,36.1,Dck7DYBQDAXQ9t3+iw8SElZGZuSwYQQLOEIQnPXINs3H/Z77uhAzDQKGqLlClRjBWdEFWP7Zymom5g60ISWK6Lk+,186,14,93.00,54.0,203,54
9-7-6-15-513301727,100036,445,351,78.88,Dcm7FcIwDEBRfS3JkpypWIIxMkGqNEzCBNSMwxa4e+c+eR7v8/X7Xp8bEAlZiEkHDBsuom5BO7bPLKKM0YaiZqWM0Qm4X0+GXqkK4VblwatHlEOt2ZSJcD/+,198,2,99.00,90.0,652,90
6-7-1-14-1222628537,100026,444,162,36.49,BcGxEYAwDANAKXIUJyzAUVOnZC3o2ZM1ODbgP45lPfd3Pt8NFkmI6paUjU7DdjeJLsaoDUOliRwMpVxLYrt+,200,0,100.00,54.0,213,54
4-8-5-19-1041590966,100066,444,169,38.06,FcJLFUIxDAXApty0SZqmHyzhgBULRLBDFRKQggRWCHiHOYP7+fJ8X7+/xytRPlH6B5daK0SLcAHUWLS5qxm4u0RgqEJEOIawU7MZa1kwBnfyvWdf5N4s+54Snhnp9jkA,163,37,81.50,93.0,1891,93
8-8-5-16-1468297374,100034,443,204,46.05,Dco5FYAwEAXAv0eSTTYHhujTIAsdOKBCADbokALtvNG5vOdzzP3aQCzKISYmCJMZ5azKxWOqPzXvALkiSEytDelm5v9ALxLqGNULxA241w8=,197,3,98.50,72.0,188,72
5-9-2-8-596790968,100002,436,337,77.29,Y1HnsDrKMfF9W+RuBkYmZmYWVjZWdmY2JjYgYGRjYmZgZmdhYmZlZmZjYWdgYmJmZGMoew4A,200,0,100.00,39.0,85,39
6-3-3-16-1409978840,100069,436,95,21.79,DcU5gQJADADA/M9usoESP9jAAgVqKClPzymCaUZel/vj+s7n7R8QiRCQfwOKGiqwiit75NLtVmK0ErRaiHHHYjvERmfPCK/uxbrhJK3eNeUAp45abPaeJtfIyUDMGISSA3+fLw==,93,107,46.50,114.0,1822,114
7-2-1-12-670004952,200007,435,346,79.54,Y7Hkqg061fxM0+woAyMTExMDAwOQZATSYCYzCysjIzMzGxsDIzMTI1CYnY2Dk5WDg4mFk5mFkZ2dk4GRlZlhSigA,200,0,100.00,57.0,267,57
3-6-5-9-1213453586,100008,435,227,52.18,Y9HilF5it/it5dZKBkYmZhYGFlY2dhZWBgYGdgYWIGDnYOFgZ2ZjZ+VgYmRhYGBjZGJnYGZ4mg0A,197,3,98.50,42.0,117,42
5-8-6-14-402662319,100071,434,219,50.46,BcFJFYAwDAXA3+xpG9Tw0MABBZjhjBTkIIcbM7Ivz7ud9d0rGrFAjTwyO5sCo00KCUwPI5qZ4tYhTZXQHSHpaVWqXoPBFiw8cFw/,200,0,100.00,72.0,372,72
3-2-8-11-65585503,200004,434,201,46.31,Dci7EUBQEEDRu7+3u2ZI1CDXmSLEZrQnUQsnPL5P7zav1/ksiJoHg0xKoTKiK9GiSxhOWv/R1vhAuI8P,200,0,100.00,48.0,178,48
4-3-9-17-553670508,100030,433,367,84.76,DcWxAYAgDATAAAGeJAQbOgsHsbJxHwdwMCez1GuOj+W51nu++0YhJg65VEpcM9BETap2yiExGsTVx3BXWAN6iaZwsWGif7F00Dw/,200,0,100.00,66.0,232,66
6-6-8-10-651101672,200007,433,230,53.12,Dcm5DYBADATAtb3+6IQGkGiDfi6iNhIyGiCkDi4babgv47jPb90uQNSEVGdEWlHSpqSNUPasypKiotTVEsjOiHK8zw8=,200,0,100.00,57.0,210,57
8-2-3-20-1099938802,100075,432,222,51.39,Hcq5EcJAEATAnbndvf9RWipMSknIwSMSAiAYIiAhKHlttN6387sfr8ftKWAICpqDf7or1WCQIAILcI0QXkNIgElzKdm8kq32Mfrwlmcqa8U5Y181Nfm8fw==,200,0,100.00,84.0,1199,84
7-3-6-11-1544857022,100059,431,345,80.05,FYq5DYQAEMRm/4ceLjiJhJw6EFVSDT1QCosmsGWNnsvxbJev/x8AYmYBg8ZEQDSBSM2HLnMARMzDMq08qrIr8ltHunmFdWa0akc19vsF,200,0,100.00,81.0,629,81
5-4-2-14-1688277768,100096,427,192,44.96,Dcw5FQJBEAXAPn7fM4TrgIx4hexDACEhWlEEJaDwuh3n8fjerzcxi6gySEDG5gEgo7wyCwELlHsi2maoAUlFL6rZzpVKosxM42y7V4vMmjaO/Y9VhOjz/AE=,149,51,74.50,96.0,1901,96
9-7-7-12-1776780243,200010,427,341,79.86,Dce5DYBADATAtW/93dEQASGVUgUlICFRA2UQAZMN52l9lu263wMigDaaB7OCEdHoKdnpzjYUOoB0N6msFOv9vwSwnx8=,198,2,99.00,57.0,218,57
8-2-5-13-781892245,200007,427,146,34.19,DcjBDYBACARAdg8OOEyswwZMbMPYji9r82Mh1qHzHN2mc3+ud1lvAdmgtA51iRxBA7VaK9CywzOkMvJPBjiiD024yjF/,200,0,100.00,57.0,179,57
8-8-7-20-1764384021,100052,426,53,12.44,Dcu7FQIwCABACCQkhEA+vucOTmjjKNZ2Vs7kHHr98f3Cfn0+Pq8vYALijCVJyVSltgzKnW14JJmqq+0KJ5/TSqwxx/Iqczfr4gEYSY0LccfZslvMvhd12x4VLYGezosW/t/IqZbibSsd2Qfetx8=,57,143,28.50,120.0,431,120
9-6-6-7-1343955497,200012,426,320,75.12,DchLAUBQFAXAe35XAQGkkEEePSQQ5kWw0UQBb5bjfVnf+7y2bxQmUk5FEdIC3LOtNJhUGzbLDulG1FXH8wM=,200,0,100.00,54.0,263,54
7-7-8-22-1816250634,100070,426,47,11.03,Dci7AUIhDADAAIEESHiEj7UOoIWu4xrWzuRIbqJXHr5O9+/5dnleP+B8CM4DOoAYfPJInCmUWooEciLsIhZtmY5+BIxFwKuwtz56n0cebRWnaoZjmWobta/J+O+dhPY2Tpltzdpmp5nbmCsDvB8/,94,106,47.00,117.0,833,117
4-2-1-19-1880800570,100051,425,88,20.71,DcpJFUIxDEDRjE3SdPxWWCMDEUiBDRbwhhG6fPc8eV6f8f7e7vICJBYlJiwChUmZFRnN4zTpsaqRjulpBbARKoRTHyyWfQyTOVd6KKskQNuV2PraZ465AsV3Q61C8Hv8AQ==,86,114,43.00,105.0,2002,105
3-8-9-11-1543664731,200004,422,232,54.98,DcqrFYAwEATAvdx3eY8YasCnRzQFxsTTBXEjxsax7vN6n9khTVXNA8giN8mmBQYBpyCJPcqoSAnH138=,193,7,96.50,48.0,196,48
3-4-2-16-1902927492,100051,420,180,42.86,BcE5AQIxEADAfbN/cl6uRhBSoMEABVKZkef12e/f/ZAXIDGgsC5baCSgrh4sosrL0omdpMKgJ8AwmTTDZA+aVu+9xE8ZhSrAQck6htEzjqune2VVCg4AfO8/,195,5,97.50,105.0,1713,105
5-8-6-14-1917697492,100071,419,217,51.79,BcFLFYAwDATATbJNmn64YIWHBjTUEVKQgxxuzPDanvdc87sPiBpYQHVh1IzWTUZguqYLklOZ01tTwIZUEJR0rX1YdIssZPEw7OsH,200,0,100.00,72.0,408,72
5-3-5-12-1311264856,200004,419,57,13.6,BcG7AUBAEAXA/by9/SG5GuSaUoVQrECJWszgWL59nc/9bsSiYMMA+/DwNNZKjxqOFgJ3aVVGm5OgmK7zBw==,40,160,20.00,48.0,86,48
2-6-7-14-1358759662,100005,419,341,81.38,FcqxEYAgEATAAw7++MderEHLsRK7MDY2sCtzI8eNl8u03ev7XPMJpFwIMtVWYBJ7lVC6ElxZYDRrf0BkD1p4tdDQcOvDPBz78QE=,192,8,96.00,66.0,258,66
9-3-3-13-1558410821,200010,417,172,41.25,BcGxFYAwCAXAz4eEBOJAFimdwBGdxsoZfE5hpXe2Lts7j+v+TghIhVhh9dZDS0J6FfdRukRVKAltGbQxjMymoADYnx8=,83,117,41.50,57.0,214,57
1-7-8-20-1045931250,100087,416,179,43.03,DcjBEcMwCAVRIT4CLJB8cWFuIqcU4UI8OaYEN5YGotPOW7z247ye9++5S6HKEKYiYBDXyk3N3c11sw6BRooswEwRCxTkK13VQGsyj0g4Jc/MbKzThkjMkVu08E7k5fv5Aw==,134,66,67.00,102.0,1640,102
1-2-2-23-168484952,100070,416,186,44.71,BcFJAQIxDADAdnvlaJv05AsC4IEebKBi1SAJHzyY8e/L83t93F73j7GH88HEYG0C5zwExBRSIM+RQzalZgFQikooR2auGItqJmq9j3koFZHaOrNoX2tOWrv1mfuWkaMOAkCYY+xGE3CANo3NnL8/,127,73,63.50,117.0,2262,117
4-5-2-22-1265172039,100064,416,94,22.6,DcpJFQIwDADRpE2bpPuKCLRgCYRgA5QgAR0c6Bz/G3pcXvf2vL2vPwBEY8n5E5MTBqMByXpvoiYjLFEhB1WXS4zZUq4tGCwqxUgsjKH1mgHS6FMcR2VATsdV6kpCZc7dxyBX1961oZO0asjnCQoA388f,181,19,90.50,126.0,1658,126
8-5-6-14-1181217391,400014,414,139,33.57,DYq5EQJBDMBsr/+Hqq4ahhIuuR6oiqEUKiCBlQIl4sft/vk+f+/zAESgxbAEideGd9QQgLaATsSRtS+jToZsHO5yt2yTWAHTzQtVpK1YU9TGpQOUuqpyIkR8RsXhdf0B,174,26,87.00,108.0,3374,108
9-9-3-15-1233105632,100088,413,241,58.35,DYu7DYBADMXy8i65T44lGIIREAOxGy0zQUFL3Fiy5HIs9r33ep2bQEGlpIt5bd6HMebkrCNad1YyLNroEVJUoe5mRE7QDOIGSLI/Pw==,152,48,76.00,72.0,1586,72
3-6-1-11-1975050043,200003,412,198,48.06,Y9HiNDo2L70p+KILAyMTMwszCysbCzsLCzMzCwMQsbAzMzAzcDCxMbJysACZHKyMbEzsDO8sAQ==,196,4,98.00,42.0,107,42
5-9-4-14-2039021095,100043,411,198,48.18,DcOxEYQwDARAWTpbZ0tmvrJPCeiJhAaohS6ogvDTZ2cW3+XY9vPz/G4pooaqzYV0Mwfezj6AyHBYDnhhZFftOVNsRLI1pVEqYrrNsCpOapH1+gM=,153,47,76.50,78.0,819,78
8-9-1-14-2045469227,100004,411,352,85.64,Dcq7DYAwFANAv08cJ0hMxBA0mYfhqGgRNQWTkPKky215vv0+3nXA4OaILGClRFk2TEXLaiToEtK9d4teC5tmMnoKuM4f,199,1,99.50,60.0,242,60
1-6-2-25-964744835,100061,411,125,30.41,BcG5FQIxDAXA77Uly5fkixbJKIOQJoh4jwrog+2FkJlwvTy+t/P9vL/gDudDoECgAxzhvCeJSJJLTS2iKBlFmMbcuuAYUirNtXZkA4sKoxOlVoxsEGvf03YhXZxmSlXLADI+vz8=,192,8,96.00,102.0,870,102
6-4-3-11-108387384,100085,410,239,58.29,DcupEYQAEETRnvtYu4VDkRKxIAiNSNBEgWRc/1fVuv+W+/1vx3qCCCwQBjFNqDnEJuEx5KRKFlnuMRtC0ZbVqTGE+Xp3SA5xFluXsuF6Pg==,198,2,99.00,84.0,851,84
9-8-7-20-1525206251,100089,409,134,32.76,Dcy5EQIxDEBRXbbkY33IJJTCUAHt0AQZnRBSFgVshrM/L/jyvDzO1/12ff8AgZiEQxRVsxQzYiiUS8V05IStlzFGmiXPndVXn61tqLGvFoz5aJ5DzUXcaA6fCuorgClJlIp+zLTf3KOydahA8Pn+AQ==,192,8,96.00,114.0,980,114
1-4-2-16-474332400,100066,409,158,38.63,Dca7DcJAEAXAs+/tvv0eEjXRAbGLcEZVlEBDSEQUABMNjsvt8bp/vudzbPucAzKV+r8RQt+4U80NHu5paoKqykzvxVLr1SaViFyhFqArLFpE1R0i3VEEZVzfPw==,148,52,74.00,93.0,3336,93
5-3-1-18-233446790,200053,408,258,63.24,Dcu7EYAgEAXAdx/gDg6csRhrsDkLsQ9zU2Mzq1A3X12nZ77283g3ELNoQi7mTFJb1NZ7tG6u6mpBFmEUptBKYJdcShZn0PhnGvCRhBnL/QE=,194,6,97.00,72.0,293,72
2-2-6-8-1922284791,100008,408,295,72.3,BcFBAYAwDAPApk3SecABDvjgCw+4GD/eyMLD7riP7Tnnf3xXIIuyBQNqAWaLTZYpZZhUJFVxvws=,200,0,100.00,42.0,157,42
5-2-3-19-1513069661,100052,408,110,26.96,Dcm5EQIwDAAwv3ES57FDwXAsQsMo1CzARtwxB6iV3C+yrs/H+/UFJGBRLCiqxIBsTFJbZ7fhVObaUsDXlF2jp82W5ywgAxQWqQVUd49mSFZPpAu3Hqyg0VsixTgnqxN6tn5GQaVS4f+3zw8=,170,30,85.00,120.0,669,120
1-9-6-15-2101589867,100090,407,155,38.08,FcuxEcJADETRO620K+lICRgX4RbcAuUxQxuU4n5sfvSS7+/Hbz+37/P4jDFtANNjGmWgu6dJwfRq7zI5gLI7SoD+6AhQjKzFLLoyste6jx4vXg==,75,125,37.50,81.0,899,81
8-2-2-20-1186564308,100067,406,134,33,FcZHFQJREATA7kk/h5WEDSSsh1UCOnDBBSFo4FGnsvvxen7O/PheIChQkgD/M0BdVEwYioRcRIKuWq0266NNFre1Iy1VwLZErCl5lNw6p6fh9B514337AQ==,101,99,50.50,90.0,846,90
7-5-5-10-738858855,100059,405,315,77.78,DcvNCYAADIPR9C9tncCTiODFZcQpXctRbE4fPOLPcn/Xy/PYMBOFQcxEXFRUA2oGJwEGRMaUkV5VWZnZnt3uzKQHYzp6bA7j2Ncf,199,1,99.50,81.0,776,81
8-8-4-15-30243800,100048,405,171,42.22,Dcq5EYAwDAXRL1uXZZuhFGqgJTK6oQQogpCa0GzyguV9edcnvu06ACqVwJQQNU+aOlCIaibOqt68hXTT4SawOdrsUUbufUrgPn8=,180,20,90.00,66.0,390,66
8-7-1-8-424754617,100056,405,233,57.53,HclJDYBQEATRnl4GEwjgToIgBJBg4pvAHFJY6vIO5W267rFmn0+gCvwSLCcQJYb8T5mmGpW8JlF3ZBzLAw==,157,43,78.50,54.0,711,54
6-5-8-8-1518137820,200003,404,238,58.91,DclBAYAwDAPApE2baeGJBhzgAXxMCHL444jd97SN/X3ueX4HGCmJ1TJtIAsFMtVhSk6sd0diXj8=,200,0,100.00,42.0,111,42
8-6-3-17-582202754,100069,403,76,18.86,FcJLFQIxDADA/NOkybZ7XD944IQFDqhBF1YwwOPNyOu8Pc53PK8P4B8xoIAyghm6I/gQCmPOARNHFUomJ7Nkt1a42wTFgwwaJyvJaq8e45hj13KdAFOEcBtLS6xQOmJ7lgd87z8=,137,63,68.50,114.0,1778,114
6-7-7-18-255475006,400013,403,166,41.19,BcFLAQIwCABQ2PiMMWCziVebWMCTUQzj3RpmMIfv0fNyez+uH3vdAbF1BGISUBnNFCY4DJs42wrntHKPzpN9Hzo+ZURuWZpMEadTbZqnNcSdO3IVa8mwEzpKVo3UbSvaCVvw/f0B,172,28,86.00,108.0,3597,108
1-5-4-18-1714485793,100058,403,258,64.02,BcHBFQIhDARQYCYwSYC9WIfV7NvmrMCbdmAdduLN/3kej9vveb9e31JKbaD1OgTzgCfDmxiKaZleR4PYMyMscoX36SYZBcqGL/jeM2hrG50QUN6fPw==,200,0,100.00,84.0,1554,84
4-9-9-17-1835735653,100034,402,224,55.72,Fcq7FYAgDADAQD4QAsSxaBzL2hHsLaxcxs5RxPeuPBrLez3H2O4VIMSIxEgSWVIOmgsnU9NfkCQErFSb9VZbRytzYpcyi1d3MyXOyLCfHw==,195,5,97.50,72.0,292,72
2-9-7-17-674929454,100036,402,262,65.17,BcGxAcIwDATAt/WWJVlyGqZjjEyQioZJmICaVejYgjvej9f5/H2u9wOtQ8ChOk0JFdJthih6G4xlEunmBXqZucieoaN1hVIyaznKl1WGmOX2lNiuLAK37x8=,190,10,95.00,90.0,854,90
5-1-2-16-1256155741,100085,402,153,38.06,Fcu7EYAgEADR+8NxgIljZmRiQdZCYKWWYihmO7Pz5Fq2512Psd8AiETELIqzLYlpyuJKQIRsWiLV5j0j2vyE0WqJ0jR77z82ZwX3CKsBzBMBjPMD,176,24,88.00,84.0,703,84
6-6-3-16-1151609582,100094,401,174,43.39,Fco5EQJREADRua9/zEogIEUVJnACCSmWsAOb9atquR/v7+V5fdwWILEIASoZkJmwi4YkOzihRjhWlmmQjn/nBI8lWybwkO70ajSuecr1fNauzlG6V2uOCIPX5wc=,187,13,93.50,99.0,761,99
5-1-9-12-310812739,100074,401,378,94.26,Fcg5EYBQEATRmZ29MIQGQqRhgipSDBCgBg1EfLJ+7fN0n8e7PNcGGuSKVFazZfwzKktRooOSY3BsKRuWQWBfPw==,200,0,100.00,54.0,232,54
5-3-3-17-815442408,100016,401,246,61.35,Y3ES1P0cVCuf/tSWgZGJmYmBhZmVhZmNlZ2Dk4WLm4eHm4uXj1+AkY+BhYGJmYGDn5eRiYudj4+TW4CNTYCFk4+PnYeJlZefgxmklWHfbgA=,168,32,84.00,66.0,176,66
5-6-1-8-36630144,100014,401,312,77.81,DcexEYAwDANAyZYtaFkgdwxAyWbZgz1oGJHcV697O/frGcf4wCAWEsFECAEpSqqQslfasFJpMrvslPHOHw==,195,5,97.50,54.0,315,54
1-5-1-11-2096569179,200004,401,325,81.05,FcehAYAwEAPANPn814BhBjybMQSa8RCYzkJxd3H0sS/bfb0rGkkows2TmQBRJThEmaAIZ0l/ps/nAw==,200,0,100.00,48.0,239,48
5-2-2-15-648839995,100007,400,243,60.75,DcY7AYAwDATQSy5pm/6Qw8LKzogTbGEEC2iBNz3bl/DnWK/7hYgqCcJUPWUpBZH+S7Uc9NQKGX1UzGxOhRG1T8UYTXS2TjHg3D4=,199,1,99.50,69.0,435,69
8-6-4-21-868940903,100064,398,95,23.87,DczJEQIhEADAOWG4FgYwCWMxFFPQQExDy+h8uM/+tDwv78d43T7XHyAxCagyhigMkdDSSQ0JMha1wGwkKLViAssNqcZYSlFOcnToPCpR85wAWiZnm4uCSz+/3uLaY7cWi3uuaezcp6L3o07TUNYB9+8f,140,60,70.00,126.0,1310,126
9-7-3-15-137471756,100057,397,266,67,FcqrFYBADATAzSa5/9HIIfFYHI2BowIKoTbAzhvbpuXcx3PMFyBCFXN6UEMkY8rFa1P/ydBbVdZM5OYILF93gyRoF+klJoWZC+71BQ==,188,12,94.00,72.0,642,72
6-6-7-11-363826549,100059,397,153,38.54,Dcm5DYQADARA22uvH3ogQCK5Zk5USSeUQEwpEE0wfiz/53dy31ZRNQPk080lACJVWeaaVENUdAXBFJCZPQpjjwP9HT0E5T1dkzExct0v,153,47,76.50,81.0,602,81
9-9-6-17-573681485,100036,397,102,25.69,Dcy7EQIxDABRWbasjyXZ1x5lUMFFl1AJFRAQUc51gdN9M9sex/v5un/n54KCFUsDqp1J1JhZtBsNw918iJKHZ5TGc66slX1oAQTjormhmUTO5H1ZsdyQNYSkA3zvPw==,138,62,69.00,90.0,455,90
7-3-3-12-894346921,200024,396,248,62.63,DcixEYQwDATAO51ky/JXRUT8BXwBVEIF9EA7tELMDL/h+vrZf9fzXbYDhMkICUbRIAM9Whh72vAS/jU9mCr0Pqoy3dpUsLxGes4INpz3Cw==,193,7,96.50,72.0,234,72
8-3-7-10-1948372964,100030,395,275,69.62,DcihAYAwDATA5JP/tHgcgkFQHYkBGIwt2AaBoCcvx3Kf27W+x24OB2CBJEOU3CslNbFbSHSKFUYlsrewOQnUrKreEvZ8Pw==,200,0,100.00,66.0,316,66
8-5-9-13-35025787,100081,395,190,48.1,Fce5DYAwEADB+x+fyWnEMSkJJZEgWqQdhNEGo5V9Wd/nOrYb4Y8QeMosCGrOEAbZlCvQKOdi9ioptZaZGGqmUp3UKYK8US8Y5wc=,128,72,64.00,72.0,737,72
9-5-7-18-211767935,100083,395,181,45.82,Fcu5DcMwDABAPiJFUdTnXbxFylSZIGMEyBgeyQuljN0ecOm1Hfv5fT5+H0AC5CRKQJituNWqIa3rEOeoJXrSTGDTYcREnJ15LSPImq7C1y8uoRajLWli7kC3w7v+AQ==,55,145,27.50,90.0,595,90
2-3-2-13-1955145120,100055,395,193,48.86,Dcm5DYNAEADA/X/qQojUtbgf1+DCEBkhl87IZ/ve//2B8wAkRhBVc+Kw1LIu1wyBJWLiEVad2RI9ErSCETVGnGG6ZoiysgvYFyoiw/V7AQ==,186,14,93.00,84.0,784,84
5-9-5-13-1281020521,100094,395,214,54.18,Dcu5FcJADAVAXV/HSu6BwCk90IubcCdE1EULlMHG88au4/N9vM/7eRCLsprAw5AgBswNUbU6wyJgm6RNa6a1StwZpJ7pPDNrmnO1K4FJwnhHrOryleD9hej1+wM=,181,19,90.50,99.0,981,99
7-1-8-19-206812101,100078,394,148,37.56,Hcq7FYAwCEBRIEASILFyDDex8dg7ha0zuKRb2PhpXnHP42XY72Nbp3MGBCIg/IOQWDRrqYhmoJ5KUlNSkQCNqJi9ubFwJ+wfeJi/XyEBayi9ZbjGBw==,107,93,53.50,81.0,827,81
3-1-4-13-571547600,100028,394,285,72.34,DcgxAYAwEAPANM2n/aIAI6AOAWhhxgkCGPAB3HhapmN+z2tbbxQSrIpws3oLdwdUaqo0+G8OkarIgZGkO23szwc=,196,4,98.00,54.0,304,54
8-3-6-12-631393539,100026,394,243,61.68,Fcc7DYBQEATA3Xf/wwACqCmRgRUE4BMbhAQBhOlGt2k+lnu9nhMcJCAqBo9I+t9qcQ8JNZAdHAVYZ7pI+CjF/n4=,199,1,99.50,54.0,157,54
3-9-9-14-768327070,100028,394,287,72.84,BcFRFYAgEATAPViWg8MAFsF0/ljH56dNDGATneFczvW7n317AUuZLFKpriZXaVSvHqpDIJE8Moash7kjj57YcFw/,200,0,100.00,54.0,170,54
9-9-1-22-337693034,400014,394,200,50.76,FczJDQIxEAXRXn4vHo/bJicy4YYIgTAIC4lEiIALDKrTuxRup+v78/g+72diIWVRhZHDPLLJ1vcelvsocE1ff1s6MEZOj17WnQSVwR5lmVa8ScyE0lGzY6qyGJ7wJcpMzUSJXpcf,147,53,73.50,108.0,3475,108
8-6-7-15-1903452195,100046,394,293,74.37,BcHBEYAwCARAAhcIkMSvrfiyAJ2xEuvwa2t25C625TyuZ93fjwoLoyobrKlHduk+QpGS7nNyjKY6GnHRXglAZbdZnG75AQ==,181,19,90.50,57.0,110,57
3-8-6-14-1461585732,400015,394,322,81.73,Fci7EcJADAVAPf1Od5KYceRWXAgRtVAJHbghh1RCAMxmq4/b6/M+r/3+JPCfKASAqdMAU7CAfzlF1oK55ZrmhUh18UlRNAa1drekcHl4oqzVqzwzuMNoO74=,198,2,99.00,90.0,784,90
9-2-4-22-1675091512,100086,393,91,23.16,DczLEQIxCABQIBDyISGfrcCrnp2xMJuxEQty7GP3FfD4ffyP+/P2eXwBkAIyiVAQBI4MEDAKKGnKUGpNxVrOvZdUVb0F7yO2aYSR50Dua2+R3dci9HkVAkRXhkhuXRGieRAxN4I4lIUA4fc6AQ==,70,130,35.00,117.0,3197,117
7-7-4-10-948620489,200024,393,196,49.87,DcJBDYBADATAbbfbXpHFizcCEIAANKAANajADwlkJpbp3J53nfcL5vgxPACXhbmHCciUlMw/nURGaVSR1oK6bZSzuivUmQPH/QE=,156,44,78.00,72.0,305,72
1-2-5-14-692635578,100031,393,321,81.68,DcfBEYAgDATAQAJ3SezAGSuhPocqHL8WZCU2IL9dG9u3n+9zzClSqlrrBilKjwwQSAS7FrTeuFgBOtOJDE84aqyY3NcP,200,0,100.00,60.0,207,60
5-2-2-21-272132929,100086,392,242,61.73,Dcy5AcIwDABA/bYSP5FtFqCFms1YhhUYgImoWIKU15w8L991e1xf9w8gsaASmzKIaUqU3bI7Stp2KHWre/NSTuSKqTsfqZlHoDD0JtzGPBCPOZva6mcCYCpERhpjMWusEYrSQtCIgAQMfu8/,199,1,99.50,117.0,2823,117
8-5-3-18-379350782,100092,392,330,84.18,Fck7AYAwDAXA5CWh6Ye2OOiAG6wwYwcl6GBHCbDccrotdo/jGudKDIAhAjWbVH+DkztTTIi5CGYGeZ2TFZtajUQeuKfWReSr0lRrzt4DPfsL,200,0,100.00,75.0,180,75
6-9-1-23-360764350,400012,391,147,37.6,Dcy7EcIwDABQS9Y3kSw7FQMwBgzEHaNw9KzAQqxDulc9eh732+X1e1zfDbATowCrmG/iuJMpnGCJHCUoBn0PH11YobQMmIOmY8u1DOfKmAiVtLN6+ZnlViQBGobJ5mNAMxvD2+f7Bw==,159,41,79.50,108.0,1030,108
8-6-3-18-1251529021,100065,389,124,31.88,Fcg5EQJBEADA+Xbn2xcvaCLBCYUFBJFhg0IAIUeHLdfT6/N+nu+3LyCxQMHKosaE6BRoVOJogeQISy8gYElsrO5ZsYa3/k8qI0BQ56qme2u2WZF09HAqa4kw91EBY7aMDZfHDw==,177,23,88.50,108.0,1072,108
6-9-7-17-575864526,100095,389,174,44.73,DcrBAYMwCABAIIRAgCRO5Aq+ncG93Ml++usa9X3H5/b97feRjwFSIeDKKNyUjKE37F4iMbm3FDT1AjrcVWqE0aQOHq9JvpeH+kJaUWXajCGmK7MZM1yfPw==,172,28,86.00,90.0,444,90
8-9-8-13-189417337,100072,389,221,56.81,DcNLDYAwEAXAt7+2b1tIUMQZIUjgjAoEIAEV2IJJxtdpv5/3uOYFoipqHqVUq+qttDASJsbUnkn8SWdEjBRRDESVxt6HAdv5AQ==,193,7,96.50,63.0,282,63
8-5-5-15-218143229,100083,389,185,47.56,DcixEUJBCAXAxwMOPtydxTh2YWhkNc5YhvUY2ZChbrh2P70un+ft+n1AqAbnUAokcoCHVJuQEuqNzJodKapL25xSpKHglZrTxzGWYLdGWXTA9tT1T984v38=,184,16,92.00,90.0,548,90
1-9-6-17-1986537133,100060,388,258,66.49,Dcu5EQIxEARA7exoXwn78sADiwhwqCIKIiIFguT8br4uv+P2uV/fjyEDykkRw/BIr2mq7K5SsajMNc00AbJDTxZ779WLqtIQEAntOmuUC9zJ8fz+AQ==,196,4,98.00,84.0,595,84
8-9-8-14-1120911656,100031,387,290,74.94,DcvBEYAwCARALpBACNiAMxbh2yKsykkrFmQlNqD7XzmWd72ee5uTUJghFdTUtBsXV2hjkQHvVUGDC8IjukVkmlkklEf7y35+,197,3,98.50,60.0,161,60
1-7-8-25-105968931,100063,387,154,39.79,BcG7FUIhDADQ5AEhXyC4iVtYWdp6jtvYuZyVQzjCu7e+Lr/v7f54ft6AR6nY4KDSEZlBWEkAoKOx4xGqpY5KQN1gLhzIqmasPEQaSMrMRNvLl0dEY95hsWeam6UnOcH/egI=,187,13,93.50,99.0,893,99
7-4-9-16-314847169,100087,386,58,15.03,Dcy5EQIxDABAvbYeS76EwmiCiCIohBoIrzGGnCtgVx7H7f46n9/zDYBILEiopIMFeJp5eK6q9mra2xLHCtfMRWkArVJWk7Oi0VdscCuUvhJzRfCw1VIXGRPKWBng8/sD,120,80,60.00,102.0,1233,102
6-1-9-10-506524915,100072,386,294,76.17,DclLDYBADAXAtu9TTiQkeEAGapCwUhCABFRgi73O8Fyu5/3GvW6RhUKCcsI0OyV1p4kAyi00AVGzHCLbnowqqOPYfw==,199,1,99.50,63.0,558,63
8-6-5-13-1598304566,100076,386,191,49.48,Dcc5FcIAEAXA/XtfVNRxwEMQLRUysIiAaCHTjb5u53E/f8/Pm0AMCCsbuUFMoBwmHp5c0dbXjHQkwVtGVRxJq9q+AzRdqZzNdVg7ifJ0xQw9vn8=,120,80,60.00,90.0,621,90
5-3-1-16-1315975034,100076,385,194,50.39,BcG5AcJADATAlbT67nFCTAsUREpEoy7ABbgWz/B73O/XfX3+P4gaFWKkuocgq91MzbuaZI252iTSkFPFU3RuSFgoQzzQe+2irgG4O6uyFTlM0OcD,183,17,91.50,90.0,780,90
2-6-7-14-1226952914,100005,385,306,79.48,FcWhEYAwEATA+ySfu3xCC9SARkI5dIZG0BUexbBmyzYd9/4+13LCkHKBW/GanDIZRKSm4opcYVRH6wG0HHQjOzWCoVH/Hev8AQ==,200,0,100.00,66.0,225,66
8-8-6-13-1178483373,100030,385,236,61.3,Fco7FYAwDAXQfF7TJikjGwNCmHCABhwgAGEoY6SM95yLfXqu5Z7fbSVmFlIUgVU0r3UwwjKKREej5FSXbu4RAHojN1ajAbc/0Xl8,173,27,86.50,66.0,197,66
8-3-3-13-2125672116,100034,385,59,15.32,Dco5AYBADATAbJJN7gEVmLkGWejAARU66OmQwtUzPtbves9x3LtAzQk3BU0ZmVpqo3m3KQtVIkAPdIfW3owh2hZHsUxYLZkzBWV7fg==,181,19,90.50,72.0,220,72
8-2-8-20-227107240,100097,385,222,57.66,Fcq5EcMwDARA8njgA4CP+3A5akCBClCmTO25DBfgcQ0eb7zcHt/r8zxf+ztEJJAQkVxYW4OquRthkG4uqq6eSh9thAlNMU5fc8AWSXPIEvmv7krmkmsN4T5+,200,0,100.00,84.0,408,84
5-8-8-10-1956769591,100037,385,127,32.99,DcUxDYBQDATQa6/t/aKAhAkfTHhBEAkDEnCGDXjLi3165vM9tvuCOYNE/mdphEaqxS6R1d10SqEwh1QRgJlnl1umShhY1g8=,187,13,93.50,66.0,321,66
8-2-4-17-1961266617,100079,385,198,51.43,DctLAYAgEATQmf2AwAJezWQPI5jCu7FMYge9v2f7er/bc50aIChqBicTzLMuRYDaSIa4ph4xpkwfQSO0d9f4UR3lP602E0FZUswMHB8=,126,74,63.00,75.0,304,75
8-5-2-14-324400848,100055,384,248,64.58,DcqxEQIxDATAk+4syX6LthiGEGqhCcqhMjJCPtyZ1fPy+n6uP9xvMKccgkyk0wciSzQhzYKcWJPnOkx7RPeqyAZOu2cfuzIq9nDWspqtbOHx/gM=,182,18,91.00,84.0,554,84
9-5-9-21-801754513,100097,384,108,28.13,BcFJFQIxEAXALD+d7XdWZIycMcCNKze0oAgZCOCNBqpw3q7X73h+7l9jnQeCREiSXMTbCipJrWzaVamjKZw1AslOYLR0TZFzhTb23iOGNVnSmpVd4DPEvB9/,33,167,16.50,84.0,273,84
5-8-9-12-1570739582,100038,384,282,73.44,BcFJAYAwEAPApN2me6AABSioFh5YRABvdOCFGVvbe+h7Tr/Bxm5DmHSFlOyEOlgRIVfTHIgAjWnFUo7pDdf+Aw==,200,0,100.00,54.0,128,54
4-4-3-19-747952235,100063,384,130,33.85,Dcg7EkIxCABASOABCZCPp7KytHXGwzhjZ++5rDyMbrl0P30/58v19noClkqVy8GiKtYIlaHTv8gjO/NgQ1UuFcXmpEN0LZLYBYhNCuByqy0iR9npMDy2Q6YfljNa7UjweP8A,74,126,37.00,99.0,852,99
7-7-2-17-1445757522,100084,383,88,22.98,Dci5FQIxDAXAr9uS7PUWQH2QUwVdkPMogoDCYMLR6/l+Xb732+MJYmIhUmETBpNrDM4ADFHu1dKVhP/Odey9JGO2eHZV5RFh1OmzKQ9WhSbDzIbDcxB7+BoxNj74AQ==,92,108,46.00,102.0,3476,102
3-9-9-16-1271865494,100013,383,247,64.49,BcGxAcMgEANAAYIX4skiKVOnT5ud0nsVT+M1vELu+Hncr+s5zu8PpTayj2CICGmSxQ2qmjACK3fE9rLgnGrsdMnhBPdSJka11XG8/w==,178,22,89.00,72.0,316,72
5-2-7-13-1079500226,100050,383,195,50.91,DcK7FQIxDARAfbxrr2SKILkSSOngsgvojZBeaAvezDhv1+P+fc3n2zz+LAeIuShl2lB4ktXYAkUPDks3hgsF7TVLVZ0eMt/d7LkKDdjn+AE=,194,6,97.00,78.0,1139,78
6-7-6-15-379926431,100058,383,174,45.43,DcS5FQIxDAVASbasr8ubUAfV8GiBoqiAjJhS6ISMnWDm7Xhefq/r/f0lljHPdJxksYqBHABHVmSW14whnssMbb0Re0ebKkgYy8s5u10je8JKi4genz8=,171,29,85.50,84.0,935,84
7-1-3-20-1392083722,100095,382,272,71.2,BcG5AQIxDATAXUmW5N9URAsXX4O0Qg1EZLTBjN2P7+/5uuanghQhARUzLRA4YBLIpHolvUF7mOcgxxSuLbL7TExIlKoep9XcNnhWX2A74VrCEm/7Aw==,193,7,96.50,90.0,670,90
3-9-7-8-125568920,100009,382,211,55.24,Y9Hi2H4++ryoVGg2AyMTEzMzCwsrKysTMwsTEysbCzMrM5BiYgCKsDAxsjMzsLCxs7IzMuxfBAA=,200,0,100.00,42.0,119,42
2-1-1-11-1795143098,100088,382,255,66.75,Fcw7AYAwEATRvb1fcrhABBoQFG+0lFhABwUtoZvmje2Lv8+5HmMDhAoTukA10ixbb3T8HaXWCGdUr3RxU4pnrxJSJo1A5TwAuK8P,199,1,99.50,72.0,1989,72
9-5-1-13-1849290676,200015,381,184,48.29,DcaxDYAwEANA2/9O8lRsgYREm5KacRiG0RgIrrqcy3Y9730eOyhFpgOt9yb7v+UBDNNBFCPUShyV4Q6JKaz8AA==,148,52,74.00,54.0,273,54
2-2-7-13-2015419608,100056,381,313,82.15,BcFbFUBQFEDBfc89bxW0sJYy/jRQQglhVBHFjO7L892bnevFAJmouQ81hDmRMB1OBklQFd3RVdmdnVFU8h4/,197,3,98.50,54.0,396,54
7-9-1-14-1182868515,100079,381,227,59.58,DcpBFYRADATRJN2ZnmTXAJrABCZWxd6RhRI8MHX8r7h/rme7/z98zVcRgTBGWmJ4apYXGxpGqEvqJawW00vg2iiiq7IwRY+GDTuPFw==,199,1,99.50,75.0,941,75
8-5-4-13-160560200,200013,381,228,59.84,BcGxEYAwDANAJ5KtOAkV63DHFKxCyQQ0TEbFPvxzXx4d63benxWroDOAkLyl1DFQ04MjfWZ2zOhyWZtZDSCDBWFleDN7rx8=,180,20,90.00,63.0,180,63
8-3-7-16-1301033270,100057,381,189,49.61,DcrBAUAwEETRmWx2IhFRCEdFuOlAGargph61yfW/H/d5e47lu9cXBINZdKcSOGQro1VhSJhcY9RkkHdopCuxqUdXsJL7wFwQ3FutuM4f,108,92,54.00,72.0,555,72
8-7-9-21-577603989,100089,379,212,55.94,BcG5EQIxDABAPbb8niXbIqAUhgoogTZogowuCa8AMnbD6/L4ve+36+cEJODAUTBlKLUwAQq0wCFnFMoCPZZS+BiKxjanppVq5U0TBDjqsrHnduoWY1nxOMZocy3J24ibO6qbg/rIfQ2de8P3+Qc=,157,43,78.50,114.0,1170,114
4-2-2-11-1176758919,200015,379,265,69.92,BcG5DYBADATA9do+PxSChER64cWUQzGUQikUxIzNbb+e717nAQGVMKWPCMkSlALhMozloCRpMUS7lRFAahPr/QE=,183,17,91.50,54.0,225,54
7-3-4-14-988228616,100093,378,113,29.89,FYfJEYNADAR1LdLq4EsU5AQxkJHfDsB++uuoEFVTPd1yrL/9e73/rxMQkICBmwg97u6U51gQkfDxMZaxqE1v0eHqkRWW1jJdJ6mXVUZJZpWwZASTGcH2uQE=,88,112,44.00,96.0,17288,96
8-8-4-15-1627848957,100048,378,269,71.16,BcFREYAgEATQXbhb4ADHKGawkgWsYgVD+OOMmXzP9uVZ7/i26wABkAmZRoeTLmblYvDqEFNqVkzRrYc05GrWh2aZY9ZAbXjPHw==,189,11,94.50,66.0,439,66
3-9-8-14-1228365397,200007,377,45,11.94,Y7HkrQ061fxM0+woAyMTMwsrMxsjKzsjAzMzCwcHKyMnBwcXKys3Nw8PIysTFxczFzsDExsnFxcHUIaFh4ubiw0kdPoOAA==,112,88,56.00,57.0,145,57
5-2-9-15-1270956064,100016,377,263,69.76,FclBAYAwDATBa5s2yaVoQAES+CABE6hABNIQgQIMUPY5K9u0vPs5H8+KlIugStOWxJwMd1o3WqQAIFndgrXEb33EsZpmulupAsF1fw==,198,2,99.00,66.0,320,66
2-5-5-13-786541764,100020,376,192,51.06,DcjLFYAgDATAQD4sWWzFInj2Yn1eLMAOpCKd49jcjnOt+/JXSlVTD7cWgl6TGaFgBaVpcSbMh3KkYeQfLTqMSNJBQw/Znw8=,179,21,89.50,66.0,247,66
1-2-7-12-201030718,200015,375,110,29.33,DcmxDYBADAPA5BM7DosgvURLSc047MAKjMZAcO3lvqzn817HNs1H5ABRAEdAEJtSQyqKJlT+5WwxuxHeMJv3Bw==,186,14,93.00,54.0,352,54
4-1-2-17-1734448522,100043,375,275,73.33,DcW5AcJADATAlVan+3RPZURkTlwRCQ3QFlU4dAqTjD32+3h99nV/IUoVUAn7L5LoLmY5i5RSQM+V1NZ61Ig+WtU+wqFAmi4j1lpzBp1IqjifPw==,200,0,100.00,78.0,674,78
8-5-2-18-1936776934,100096,374,168,44.92,FcarAQIxEAXA/W/yskkOcx3g0HSBoQIk9VIRMGrsdZz38/a5Pt/EoiRsyk7+b5CSp1qTzrDh7iKiiM7sNRGWUeN30YXssbEmEtaqlNgy5yYtH4SKtrDpcfkC,184,16,92.00,96.0,1943,96
9-3-9-10-655546649,100023,374,272,72.73,DcJRDYBQDAPAbmvfNiQgBCnIwBUm+MQCCcENkDsu0/ru13lvD2DuAaN+NrLCszXcRjNhcKLUNJHdCqlLdMzHBw==,174,26,87.00,54.0,216,54
8-6-3-15-398307767,100020,373,227,60.86,Dcu5EYAwDATAO8mS/FKUh16oj4Q+cDOkON9N8zivtZ7bXlA0wSCkejBHqd56yDCPWktHlpaTBjcw7cUbBsVtJw8zDgW+Hw==,191,9,95.50,66.0,137,66
9-4-2-11-1160036539,100009,373,213,57.1,Y9Hi2n4++ryoVGg2AyMTMwMzIxMLKxMzKxMjGzsLAxs7MwM7BysjJyczIxsjCxMDMycHEwcDw+0pAA==,196,4,98.00,42.0,80,42
3-1-4-23-1720570151,400011,372,147,39.52,Dcq5FYQwDAVAH9+yBZbkg5yeCGmKvjbZDLrZt0w8OLcd39/nug/nfIhIlAsxlhV1FdYEtxjD2CxyEA0cWTXD9B2pci3FOBuRqalXNOljNJlEXVofUyfEu2f7Aw==,142,58,71.00,90.0,860,90
7-7-6-11-1381381085,100047,372,131,35.22,DcdLDYBQDATAdrv9PTwgAAFoIEEGB/zgAwn4QQZkTsNtWt/rWO59FgUEBqUTaoiMKC2mOrx6FKW9xg8yKqMNmX/DlHQL8+5sEXnODw==,117,83,58.50,72.0,1008,72
5-8-6-11-2106507593,100041,372,236,63.44,Hcu5DYAwEAXRPf6etEEjEFEk3VAScuAMi2Cklwyu7VY+x7sfxCJMCtM/UbdwLAZCI8UrmghVLmbtVUyd62B4JxjRqZXZNJ8P,167,33,83.50,72.0,305,72
1-5-8-17-1129978928,400015,372,182,48.92,Dce7AcIwDAVA/Z9kW2mZhDHoqDJLJskGWYiSSSjIdWf7dv6+1+fxPohFzQMB0sws0ZE23AZC4Bw5RRezErUbGh5uokzClKu828rCoqLmBOpuu1egFj1ffw==,162,38,81.00,90.0,921,90
1-6-2-25-557547251,100061,371,227,61.19,Dcu7FcIwDABAJbYkS7L8Z0U6xqBkCSreYwQahgj7kPKKi9fL47j93s/7C7Z9CzFCRCA8wRgIkigDEehumYBYg5hL0WqYm/eehs3lxojJRTsScS5JpJ1VfdkckGYti31UbAgA388f,174,26,87.00,102.0,868,102
3-9-1-12-1979992826,100074,371,311,83.83,Hco5EYBQEATRPWZmF0NYAHmooEgxQIAaNBDxi7DrNebpPo93fa7NPBKgygwkJGaIo+XV4CAU6KhmKTr/BbYvHw==,200,0,100.00,54.0,247,54
7-3-1-18-861764476,100007,370,129,34.86,Jci5EYAwDATAk3SyLT9E7oUKyOmGtmiEFkhpA2bYcLkt4de+HucNAfQHUyiNJg5XJeQrTxlWojZKH+4Sw6Kx1NKl58zmKY2KZ74=,124,76,62.00,69.0,248,69
7-4-1-15-870422151,100090,370,224,60.54,FYfBDYQwDATX603sJPflRRG0QAuUh0QblMKXWshppBmNjt+9Peu17CfMQBcpkP8xlGqa9UkETQqhFjlolICYV0vWbDHNPkoO75Et+2iO/n4=,196,4,98.00,81.0,921,81
9-3-1-12-1482812358,100023,370,243,65.68,FYpRDYBQDMTubtvbMIQGFCADC6jBCBZICG5g/DVtfZ7W97jOe3tASTDAPEgCkI1si8o/NWiUi55hYNTo27AvHw==,186,14,93.00,54.0,266,54
8-8-1-17-492802249,100075,369,281,76.15,Dci5DYBADAXRb6+vvRB1IUJEEyRkVEJlNISzNyPHcn3b+d77A+IirKxGKgZnhDOFOHsop9WUSu6aUFCRJg0GofBovQ1DTcXoGXOgTp+w9Qc=,186,14,93.00,84.0,3071,84
4-6-7-20-1656133456,400017,369,262,71,DYm7FQIhEAAXDlhY9gdYgpF1GZmbmNiEibXYwVUlycx7M+l5+T3et/vnekKI4YC4meIBEHPYyiFBKlhqo87M0muTRlWUajfxPTIOn9jbqlyUSFA7YXO05TrXmLqmdl8ytJmXuYMxD7WFBYfB6/sH,189,11,94.50,117.0,923,117
9-1-4-14-1886100766,100014,369,283,76.69,HcRJEYBADATAJJOdHPwwsFUI4IlOpKAEK1igoB/tx7LVfs51XqKffxMzCAwODOqQyApyuBqD2W3IdtEqyv28,200,0,100.00,54.0,162,54
6-4-6-14-82999278,200053,369,264,71.54,BcFBFYQwDAXA/OS3adKWA6p4eMMBBvDBnSsWVsUyw235re/13P9DBICasVT3ViWcCiGyF+2mRVUCDZRm1Q0xMMegJbs7Z0YGgzlT9vMD,200,0,100.00,72.0,346,72
9-9-4-15-1732106655,200007,369,86,23.31,DcsxEYAwEATAy/0l+U+CEAwwgw38UKGNBiEIoKaA7VfrtG/Xcc/LiUTASGUrOTNVwTyikd6HG9QLZWBp0YE6pNHqfwzv8wE=,171,29,85.50,57.0,440,57
8-3-7-17-693588558,100050,369,210,56.91,Fcu5EYQwEATAfaQZ/SIFksAlAzwMcsMgmatLi6L9Dsdybuv/4n6LmpupBo3uBlKoYh5TgDOXyiYdVqJokmwOAg1jzFp75xcVgW2UzImZ5Pe8,192,8,96.00,78.0,860,78
9-5-4-15-1700442060,100004,368,212,57.61,BcFLFYAwDATATTZp06+iiuCCHrRhgce5B5QwY2u+3/Fce54QJag0OpAoEOZAqVJr69IatGSFaco6+hjuweiFTGLAvX8=,149,51,74.50,60.0,159,60
7-4-4-24-538672469,100065,368,132,35.87,Dcu3EQIxEADAM/LmT140Qld0wpBRFRG0wVAAIWy+6nJ6fd6P8+36BSRmQkUE2iCyRgDrPJoQU+aDJReurvVEw87lc/mHemA5TNp9RmG3e3PCMAhEhSJ+OTswtp1AhblSLSU50QRM8Lz/AA==,149,51,74.50,108.0,1078,108
6-1-1-20-1734042216,100060,367,283,77.11,Dcu7DQMxDATRXVIURerj1H0480WXuAIDrsKdXZGnYJIHTPk+ruf7f7x+JyhUEDspVr0FkK5mfdBLZFavTSQlu83BgWlRoJvW2uPsdIN6KkRJFYILn7gB,197,3,98.50,84.0,484,84
2-7-8-19-2027730459,100013,367,282,76.84,FcmxAYAgDATAhITAAwH3sHQJW3dyIOdwANewtFWvPV2ne7lmO7adiIOIRmIyk8TZiESMVTJQagCafxrce3VkVkMZI/7X3HpC7CM50/m8,199,1,99.50,72.0,277,72
4-4-3-16-1278520265,100037,367,316,86.1,Dcq7FYAgDAXQBMILEH6lhaNYuYsDeY6FI7iZhUtId4sr+3iW8z22+yJm57xQcGFSmCmQF0DVI6ZsBFipubWqsN66FZhG01Q7ygwK+tYf,181,19,90.50,66.0,220,66
3-3-9-12-911021224,100038,366,148,40.44,DcZLAUBQEAXQO+/d+QsigQRCqCOQANZy6MJZHW7Ls9p7H3FBxqQaPJKsYrOrgS4Af4nRIZac6q6z0iQ4gHP/AA==,118,82,59.00,54.0,112,54
4-4-4-13-2057398036,200010,366,203,55.46,BcE7FYAwDAXQlzbfJghi6GFCBPpQw4QGZDDBvbwu+zvP+/kuEBp1FjWXCBd3F1GlMSiiSzI6E2xUNo3QplUG8gSO7Qc=,191,9,95.50,57.0,179,57
4-8-8-14-1790054387,200012,365,201,55.07,YzHjE7kyu6hX4fN+BkYmZmYWZgZWNiYmdnZWFhYOVkZOLlY2Rk4GBnZubgZ2Dm52bi4eVl4uTl42bh4GXh52DlZuhkgXAA==,200,0,100.00,54.0,122,54
5-4-2-21-1004160245,400012,364,190,52.2,BcHbDQIhEADAfcICy/E0sQCbMNFa/DaxFHPt2Y4z8rk8H9fv7307AQlYSIOwSmQ1SsFSBOIcSkavLmiHWHbKRADQPGk/dJRss7aFMveYhm1wqRryEYk2r+C9e1i6OSVDU2XjBK/7Hw==,193,7,96.50,108.0,1081,108
8-4-4-18-1875781577,400017,363,146,40.22,Fcu7EUIhEEBR9s/CwoI1GFmXkbmhYxN2YwHOWJXP7Abn8v30vj0v19f5WwCRGIhFFFgZqZiKFKsO2Jzg6N4CGNVMB1Xv9keOs82pLJwGqaP10sh9DYLBuIM4ZmgMTsa1UyXH2jWOSRLK5/ED,165,35,82.50,117.0,679,117
1-5-3-16-70180995,100080,363,219,60.33,FcRRDYAwDAXAbq+vXTeGJb5IZocfBKACMSjBBgaA5HK6zsd5P9c2hiRJOWWI0rKzBGqjuoVPof8O+zSzUgklO60A1XpHTE1Basi+vA==,162,38,81.00,69.0,785,69
1-5-3-16-1523520461,100080,362,254,70.17,DclbDYAwEATAtrt37faBC6SQ1A4WUIEYlJCgAgMwv8NtOc77vfY5QwwpIjIwGR25qLakWnsZXiD3BjMfw425ExSUjep/SOYQQIb1+QA=,194,6,97.00,69.0,1017,69
7-9-8-21-327000585,400011,362,179,49.45,BcG7FQIgDADABBIgCYSvtTtZOooLWLqXjZ3j+Lyj++VKn9/79b0BYoiBkIkw5UylMIkamwojUm3RvctQD5bGXBtsQYnqmvrux3Y2ENA6Tqvuzf3Icp6TBeD5+AM=,182,18,91.00,90.0,429,90
6-6-4-17-1173514727,100061,362,148,40.88,BcFLFQIxDADANM0/TbprDgnckMERE5x4DzsgBAfM0PV8fG7f9/P+goEDJxITTBZGUhFztXAEU50YEuK5ZJmNYurdUl5r92hnkRwzkFYrFVqBwzhy5TFXalRyxz4QJlx+fw==,183,17,91.50,102.0,722,102
8-8-3-11-1311554159,100081,360,294,81.67,Hco7EYBQDATAXH6XPAwgARe0NJhACoNF7DAwVNusb9P83Oe+XhAAovprYvDI9EQyVASaJCoIqrVlM0d4D9LNvhhdo6ju3XIsLw==,200,0,100.00,72.0,986,72
7-6-8-13-1642855039,200013,360,319,88.61,DcGxEYAwDANAK5HsOAkV63DHFNRswRQ0DMc+8M99eeJYt+t+DbBiqNUqUH40ORnNMyVlH2RmFseUa8yQ9Ta6Nw9K03B+,200,0,100.00,63.0,229,63
8-9-2-14-2100026606,100033,359,228,63.51,DcYxAYAwDATAT/vJtyk7ZhCAGlbsoAIpjIx4YIObjst07Nv5XvcKWDFUetBQZJTX6vjbejYNwxApqgfoI6O5aNlFOObnAw==,169,31,84.50,60.0,322,60
8-4-4-11-196128384,100047,358,214,59.78,JcZBDYBADETRabvttsUDArizGkiQgSME4ABfyKCE+ZnktW0az3ks9z6DCCwV1X4BjZQgxtKl7GoSHg2c4ZlST2P1bmER+kGBa30B,198,2,99.00,72.0,1044,72
3-7-2-21-1901610678,400013,358,145,40.5,Dca5AQIxDATAlWx9Pvv80QgpndAAEQl9UAw5zcFEk5+X2+dx/cb7DuKURc2FNEo5YKzGNRobopnWXI5C5K7yT67KLZI4c7jATycLZXhSJzqtm5GeNCaw1hCRPRbPKR27b+C1fg==,183,17,91.50,108.0,3018,108
6-7-4-16-1594508494,100092,357,238,66.67,BcFbAUIhEARQGIadheVhBD5sYwCb+G8Sk5jj1rnn8PWo1/n8z++ZMgpZTaIAcziam8ETnLmaq0cjNKZGEZeWEauJeyT2PSNm2T1q5Ejf9w0=,178,22,89.00,75.0,233,75
4-7-8-8-1908544929,100040,356,204,57.3,DcgxFYBADAPQpmnSk3MLDtgRwEMCI8rwgwFMwB9/zfGsy/Ze9xHIZJUAqBh0dyXFTlIy2GCW/7Stjjj3Dw==,180,20,90.00,48.0,353,48
9-9-1-18-1182825082,100071,356,283,79.49,DcxLDYBAEATRnpnu/eOGoAENeEEAZ1QgBznc2Gu9pLgvz7sdy3etMA8qUvZMhKhSUSw8W259NBt9THIYA1AVYa17omrMQDGS5qDgvH8=,189,11,94.50,72.0,567,72
9-3-4-19-1837840585,100078,355,153,43.1,Jcy5DYAwEADB+/yfP/qgExJETgHEpNRAwSRgIW06K+t0Pte+zfcCSIwg/EVirPMhJs2FVS3V1nvToDblxIK5sUSqoVeNBphKQYFB0XjnPP0boOMF,108,92,54.00,81.0,712,81
6-5-3-13-1593206140,100046,351,248,70.66,BcGxEYAwDAQw+/O2Eyf0rJKKAeCOsWiZhEWo2AiJczn281q3+xNFocHDAvTaACFRLK33jBw9WAhohHqrw93cpA40eZ8f,200,0,100.00,57.0,153,57
9-7-2-10-1640169434,100033,348,314,90.23,BcFBEYBADAPApE2uxRMCmMELX+ycCqTwYvDBj12tyzyP67vfDQwwEWJaCsuQPFRhV0NVQYDIbBMxNEx2OVmJ/fkB,200,0,100.00,60.0,361,60
7-7-3-10-1360408560,200015,338,170,50.3,DcuxDYBADANAx3HyCYsgIdFSUjMOEltQMxoDwfWnbZqP5z33dYEBIF3GcDGTAzKVvAa8RUvl8FBmyzocVv+47g8=,200,0,100.00,54.0,287,54
3-3-1-18-817642914,100051,336,72,21.43,DchHAQJADATAlM2lXEUDEngjCCnwwQIaUAjzHDwu7/X63O54EouqwBq7kgkxPMjUPUMbB8RcC72Tj6BSmFSgSU9Jrjn+HzncHF0JPHPFlj7XKeE4p3jHys0gpev3Bw==,163,37,81.50,105.0,1177,105
6-9-4-10-827911592,100002,334,206,61.68,Y1HnsjrKMfF9W+RuBkYmZgYWVhZWNnYORgZmTmZGBkZmRkY2DnZ2Vk4mDiZOBqA0GzNDmC0A,200,0,100.00,39.0,51,39
8-6-4-14-1974112391,200010,332,54,16.27,DcK5EYAwDATAkyzLemz6ISCkUqohcgkMZRABOyvrsj/bMe/3BIj/hSBArdqUrBAz4NoiWx+m0ZVYpDAyqo3RXdNxzQ8=,67,133,33.50,57.0,110,57
3-9-3-12-811657363,100026,330,83,25.15,BcFBEYAwDATAuza5tAkCEMCbZ20hAJ/YYHDArq1tv473fL4bROvmEuUQGGMqAiNLSLhIQ+VsfUDsTbNoJHL9,196,4,98.00,54.0,166,54
1-5-3-17-1256484989,100066,329,153,46.5,Dcq7AcIwDEVRyX6S9YuzVDZIQcUQdCyUNiMwEhUD4Fud4uK5H+/P+f29buLGHdK6dvBoakwkY6ibQILdMymqJFwti8q5AMlYn4puKYRiU1qcDuEVacwtMGH0uP4=,197,3,98.50,93.0,2472,93
9-2-8-9-156407050,100040,327,163,49.85,DcoxAYBADAPAJG3al/MLDthRwIQGlOEBGRjABNx8OcezLtt7XjtIKJhWwYbaItVtS3Kh5EDkv5g0gOP+AA==,182,18,91.00,48.0,452,48
2-8-3-8-426642826,100008,326,149,45.71,BcFBAYAwDATBTS7X4AEHOOCDEZSgoELAArLwwExty/oc97e/F0RKKpApYY+2EUqGFOWGjkEyzx8=,179,21,89.50,42.0,115,42
5-2-8-15-1660305194,200007,325,110,33.85,DcQxFYAwDAXA3582SZMiBAO8hw38MDFhiZ0FIeiAG66u0749xzsvNwoFlU3Nexg7QppqZBOoakdGGj1YBrIC429kYTiu8wM=,198,2,99.00,57.0,156,57
9-4-1-13-765816104,100093,320,102,31.88,FYyxDUJBDENjJ05yxyyMwR4wAxtR03/9kpapCC6sJ/nJcb98rufz/X09DDDQLQiaO5yOYJhTKREWqtQMoFTd2SLH7lVr713Dq0uZHWGohP8fPXwKNrkdPw==,159,41,79.50,96.0,22523,96
5-4-9-12-448116689,200004,320,145,45.31,DcaxAYAwCARAIJDnido4g707WruYG9hYOodedb5Pzzav53EvotbcLMS1Q5DJagRRZIzB+Av07CyO5lC53g8=,199,1,99.50,48.0,173,48
8-3-7-10-315447893,100030,319,262,82.13,DcWhAYBADAPANk2+LR6HQDIEipEYgMFQjIWEM8djus/lmt99NXc4DIGgBknJmP9JVaTRCcoU6kTFSFl7O9DRrRwoe7YP,200,0,100.00,66.0,270,66
4-9-9-17-1383471717,100034,319,212,66.46,Fcm7FYAgEARAcFng7vjYiW2QWJapLdiBkc2YWYqPaIIJY/3u9xrHszvvFgQiglPnY8pYRFVNVAJQ6FVhtVXrZlkjmQvT3N5ar6JEYnHb+QM=,194,6,97.00,72.0,220,72
7-8-8-10-1513443324,100041,318,181,56.92,Hce5FYBQDANB+0vyQR00AhFd0Qhd8ohIODaa5TYd8PU658W+3MeAkRrBn1lAhKRMa6C7FUEIRc/3hnlXoT2zVEHJ9vsB,199,1,99.50,72.0,432,72
5-2-4-21-1823656960,100070,315,116,36.83,BcG3AQIxDABARQfZfifRwwBQMA8lKzAYI33NEtzJ5/I8r4/b6/4FJEYWVQkAMRFytqJUajvSkRv3cbQRpoU+V4li2z1539nnrssct1UWmBWj0trms+5JCmPVzgwqyIpE0FdfRKiMogDw/v0B,191,9,95.50,117.0,2455,117
9-1-7-7-299508665,100040,315,204,64.76,YzFgu+di6v+6dHMsAwMjEDAxs7CwMDCxMrGwMrOyMrACeYxMrCysIAYrIyMDAzNQGVABEwPDEhMA,199,1,99.50,48.0,565,48
1-5-4-18-2064412246,100058,314,150,47.77,Dcu5FQIxEARRSd1z6liHOIhm37oERgRgEQ+Z4CG7fvE8nrff6359vqW21sAiaqjVXSMl3KhG7yXTEQRNPHK3nj5ihnIDBajMKWOtNUT7xD4DhvJ+/AE=,200,0,100.00,84.0,1675,84
2-8-6-9-912672448,100008,314,207,65.92,DcIxFYBADETBv8nmggcc4IAGX+iBlhIdKMEDzBsv03xux7veO4oEGyhbJWn0HxK3oluuDo3kej4=,198,2,99.00,42.0,114,42
2-7-7-12-1477662044,200015,314,155,49.36,DcKxDYBADANA523/JyyChERLSc0GjEDLMIzGQHA6bdN8PO+9rwsQDeRftmGyC/CQsqqDQWaDPMpKa7ipK3BeHw==,200,0,100.00,54.0,340,54
9-2-6-18-1185535035,100096,311,140,45.02,HYyxDcMwDARJ6SmJIim58gZuDNcZJBOkzLxZJCtYMHDVAXf4bPtrv37H+0ucMuWEBZhYSm3aukotps7em3Oo1iJBYT0E4inHCOjMSYV4xWvhCtJhDhpmE5j2aCY6/zc=,161,39,80.50,96.0,3028,96
8-4-4-18-1461701647,400017,310,64,20.65,BcG5EQIxDABA/bZ1lmRfTEhEXUTkxDRBMczQAVWxK8/z+3jd7u/rD5CABVFUlRCB2FhEzVpHasO70jhmWCIPINcOYEfR8MTuJUFzdagcPJ3UGgDuITwj8FAsSd3Jm6dULOGe4QtrwuXzBw==,162,38,81.00,117.0,746,117
1-4-3-13-888574707,100031,309,269,87.06,BcFBEYAwDATAXC7XpEUCMyhBX6dW+OAGBUjAALtxbt8+n+tYy+AEES41WlbRHWyVBXZlmCrVAY6uQQ4hHd6UpbD3/gE=,200,0,100.00,60.0,202,60
1-9-9-14-532583005,100016,309,270,87.38,DcQ5AYAwEATAvSe7lyCCjg4JNEjABCqwhSMUYACmmNyn9T2u+Xw2mEfi37wZU5FidUnBiGYBAyk5OHpVjWKpD8LV6GYG4F4+,200,0,100.00,66.0,413,66
9-6-2-15-1518410139,100004,308,146,47.4,BcG5EYAwDATA00ln+WGoiCKcQDv0RCkMMQGVsBvb8nzzPt91h9ENBiJcgsvIIlJZs6l2qLchEbWVMugR6INwTzMc1w8=,190,10,95.00,60.0,254,60
3-1-8-11-1274223812,200003,307,174,56.68,Y9HiNDo2L70p+KILAyMTMzMLKxs7CzMDMwcHAwMHKzMzKysrAwsHEyM7GwczMzMHUJaRiYFBoA8A,200,0,100.00,42.0,102,42
5-8-8-13-1773253281,100010,307,112,36.48,Dca7DYAwDAVAO7Zf4g/rIDEIPRKjUCGxBg01A8JVp/O0LdfxPutJ3IRF2Qwd4y8wnB3Bnt6pF6ADaCLRvEIzvcjo3j8=,200,0,100.00,54.0,137,54
3-7-2-21-1871384367,400013,306,123,40.2,Hcu7DQIxDABQO7Edx84/LHLtbUKPqBiFYehpGA1E+6RHj8v5uh/v/LwCYIhEjIKYNKu5kRCkUh1LqOZJNbuIkWfVBFhDSQJEkckYDD3+a0Prw3m2n8hYPveeZBtGh7agCwsv+Ny+,160,40,80.00,108.0,3254,108
6-2-3-14-1748670222,100096,305,77,25.25,BcG5AcJADATAXX13kiVCp47IiCmECgipgxKpiBl7387n+fjdXx+AFCXUxBQ0DwnCJVwVy2TZNuFyJjMRTKmjDxUtq0lOCRvjs60jq4mjTUsxMbsBx/f6Aw==,147,53,73.50,96.0,1858,96
9-6-9-10-235299825,100010,304,168,55.26,BcHBDYAwDANAJ3Frl4GQkFiDf3fhhcQkvJmEibjjusztPt/nuBCJIrP1lKWQiBjDIdsNdjkVYI9OeqRKaIn9+wE=,200,0,100.00,54.0,251,54
3-9-3-12-1747091460,100026,303,77,25.41,YzHjkchXea937WM1AyMTMwsrGyMTOyMLIwcDIycXAyM3NzsHOycTWIidiZWbiYudjZmBiYGRmY2Bi4OTlYmJQcodAA==,189,11,94.50,54.0,147,54
7-3-6-11-172987200,100059,303,227,74.92,FYq5DYBADATX3/mhBwIkEigGUSU9EVEKvk1GM1q9l+s7nrFvK6jHAiZpEhjErcJQI2BYH1hYdLhGWKqHZ7l7VGVWDJ25ZjLLCMd7/g==,200,0,100.00,81.0,598,81
9-9-1-18-1996319989,100071,302,218,72.19,DcpLFcJAEATA7k1Pz+wnbnhoQAM2UIEU7jESObmFOpde++98vvfr+wAbNiloZlVYJsjmdPYx5lhrziTV/G9wZNTqPVxWgFCpUhuAz3ED,200,0,100.00,72.0,542,72
7-1-3-20-1843734404,100095,302,191,63.25,DcPJEQIxDATAGR2WL9neiEiBN7kQDznx4kca0FVtj+vzvb3u+W6gKJQA/1WEBodroUkoq6I5og83VmIm53BfkdBlqllqtH1s7J6dNqMdObtkrBTimT8=,200,0,100.00,90.0,541,90
5-5-5-8-1901959424,100037,301,250,83.06,DYuxDYQADAPtxEkYgWGo2IWBXvqCmopNGIU1sBvfSbb25V5/77GdfzAyBIhZ1V2EgdPG7klKlTE9TriJgi9qL4RKWp/rAw==,200,0,100.00,66.0,477,66
5-2-3-25-413856214,100061,300,105,35,BcG3EQIwDABASZZzkLOZkI4xKFkCGu5YB/bhn6+Xx/f2+zzvb0BSxMSoDbJ13joFIcYUTC5BanPWdx+ryVkjtVYEhvDsq/Wt2lpDcS1nAAMqVAk009kyD+Mk2sgiLREhuNcf,190,10,95.00,102.0,822,102
6-6-1-25-494596814,100052,300,27,9,DcrJEQIwCABAQgiQkEAOZ+zD6vxYgxX4tgFrsg7d99L9Qn59PT7vLyTMlAozQgHkLAhJKwFry5DJCFAMzIp2/C8bCIweBRPLHCLel0uV8NGjD8o7cvQ2zpI+wvnMoqZS19RmTrqPWdKkG563Hw==,30,170,15.00,120.0,591,120
4-9-9-15-885250334,100041,300,139,46.33,DcqxDYAwDATAOB/bn9hBYgcWgYrxGIAtET10V1w7lxtyvM+2F6loWhtM4VTrZQSL8rc7UUcmRRnuisxhXRTd7P+cATBm6syIcq0f,196,4,98.00,72.0,478,72
6-8-1-17-318251576,100005,299,145,48.5,DcqrAYAwDAXA/JqXpMUzBjPAOKyFQiPYCo+C02frtN/b+1zLSSysKtYcCEGquXlJr0oGxFlA6VTFWjpKGyI6csCTc/yt0TF/,193,7,96.50,66.0,189,66
3-1-4-23-1355467127,400011,294,152,51.7,BcG7FcIwDABAW5Yl//SxTU/JPpQslRmyTpp0jMPjDj+PJ96/6/i+Q4SEkAmZSm2F+hDRCnmIkZlzypExlmTKRs7BoHbvYbALExkbg9Ocsrbqam3b1iU+SSG8zj8=,199,1,99.50,90.0,631,90
3-9-1-12-165322765,100074,294,232,78.91,DcM7EYBADAXAJPc+wRAakIcMWkoaCkxgAQ1UsDOLebr27V2ec42sAcqsgqj/SCpsoIOUZBCQW2T2IA0pjvsD,200,0,100.00,54.0,253,54
2-8-9-13-1990921097,100021,294,77,26.19,DcqxDYRADATAtc936/URIlEKGTE9vPTxd/RFInqAcKSJc9m3732t/w/MzNE8An2QSKZQJqtK5IwIVakPUN74bpfZfDFD8Eo2Kjk6jt8D,199,1,99.50,72.0,478,72
1-4-2-22-960618345,100070,294,94,31.97,BcHJAQIhDABAsoFAEo4Q8K8F6MN6fNmDhdnJtmAnzsTP5fm7Pm6v+zfAgTFRyFgKC4gm0pALsxyKlAiqZKaKKNroiCyNpHZF7sOmG+iqEVpfAghj7OFjm2+p3hlU23RGqubdug1uCGs2pXC+/w==,183,17,91.50,117.0,1876,117
6-5-3-7-1790580027,100009,294,147,50,Fce7AUBAEAXA99tVgUQJ+hEpgf6ujCtHiskm+zLmOdftuEAKlBHacHW3GXWEKtjK1/b/534B,189,11,94.50,42.0,129,42
2-7-8-19-967462966,100013,293,205,69.97,DcSxAYUgDAXA8BJCCAHcw9IlbN3JgdzEzjX+Ar/QK0725bc9q17HSYkAlgxiBoigDEqctORiVqp7i7DuX2OE5apic0546+wN5lFHNxO6/y8=,200,0,100.00,72.0,279,72
6-9-1-23-101896711,400012,293,146,49.83,DcrLDcIwDABQu7HjTxw77YkBGAOmYAokRkFMwy6sQ6V3fPQ67rfL+/e8fgC3RgxdWM1RwfsgMXFlsKCpHZqN7AU2NnaV6ckwua/acKVEWfKe1ObOJ8wzAOKqiuhU5OgYLqAigfB9/AE=,199,1,99.50,108.0,2698,108
9-8-4-10-56396311,100040,293,154,52.56,YzHguudi6v+6dHMsAwMDIxMzELGwsjEDaSZmZgYGdg4OTkZGZiYmdhYWDmY2NgZmTlYGBlZOdgZGBl55AA==,150,50,75.00,48.0,363,48
8-6-5-13-725098318,100076,293,150,51.19,BcE5AcIAEATA2/s/KupYQBBtqqjBCWIQEC3M6PtxH8/797pOAgMQUlIDPEIiKLO6m2Miu7JphK2UDIXwLV2R4OndwSixO9zMB2Qp0CXOqKXv5w8=,199,1,99.50,90.0,950,90
9-4-2-11-1864626278,100009,292,168,57.53,Y9Hi2n4++ryoVGg2AwMjExAxs7AyM7EyMzKwsTOxcLAycbAzMLJzAGUYGFkY2DjZODkZGL5fBwA=,200,0,100.00,42.0,112,42
8-8-3-11-1924611316,100008,291,126,43.3,Y9Hikl5it/it5dZKBkZGRiZmFgZmVlYWNkZ2IIeDk5OZiZmdlYmBnY2RjZmRk5GFiZmDg4nB9QQA,198,2,99.00,42.0,102,42
7-5-5-18-302008891,100092,290,257,88.62,Fca7FYAgDADAJCSB8IcJKNzGfVzHSZzDYWzUd83xPuVex7XODQCJEIDw55j5KwqRivPBhGLKpYKrIaRo1rrhQBu+ae4xFa2mJbeuXgfo8wI=,200,0,100.00,75.0,215,75
1-7-6-10-206562118,100028,290,231,79.66,DcdBEYBADAPApE1TLGAE1OEAE7zvjRME4ARuZj+rbRnrdz/H/oIMMEElVQgTSVutdmsGjSy307KmigZxXj8=,200,0,100.00,54.0,470,54
6-1-1-20-481180970,100060,289,198,68.51,Fcu5DYRAEATA7nn2mX3OPYkw8MAiByQSwL3MLkhE+WXn5//dfvt6HSAFSgjNk2UvNddQaLDRUpeeK4sMwGdIaHfMSRFDjCGttPReRRA0mKpTHffyAA==,200,0,100.00,84.0,714,84
9-2-8-21-358694358,400013,289,217,75.09,FYq5EQIxDAD1+pF8kk0npNfJNUBEShcUQ05zmNlkZ2fleTs/j/u3vy9AQgZhAmBAAWUVZGFBAMEitSBpa0qd2h4rFmJWMxPr7uPoITUzdJrF8OPPyMzlc5m5+faI2DXngvr6AQ==,199,1,99.50,108.0,5905,108
6-3-6-9-2147244796,100002,289,210,72.66,Y1HntDrKMfF9W+RuBkYmZhZWFjYgYmNnZuRg42BjYGNkY2RnYmRjZmJmZ2RmZWAGij19BAA=,200,0,100.00,39.0,73,39
7-4-2-16-1801298467,100069,288,80,27.78,Dcq5AQIxDATA1W9J9hlC+iGjACJaIKAa6qIiLplo9HO5v67ffN9+AIiJIVBSMmI+VfUgGQ6wsJkg0yzLmVQ8xDqQMXoujT7WAJT3ToKPM5hLyIhF3lWzbRTVbvdjVsYRjMfzDw==,198,2,99.00,114.0,2962,114
1-7-7-18-1726653492,100085,288,203,70.49,Dcq7EQIxDAVA+Vl6svUhuiEjoiUaISG4SimFkJtNV1+3+/d3PD+PUwYmZKiZ2jQAQ5Qua4qKXbaTEekWCYUZchWjQ5oF9a7O5mY7q3Zx5XXlff4B,197,3,98.50,84.0,707,84
8-9-1-21-339683921,100051,288,19,6.6,Dcq5EUIxDAXAp9OSLNv0QkxBpHQBCS1QKn9mw9Xn7bs/v/tD3yAGk6ixuw0oIZIvhopUqRnctryagd1MUzplKsilbDhlbVLikJKoqx/qVMPyjByros+Ze0okzusP,39,161,19.50,105.0,1071,105
6-6-2-14-138933210,100047,288,130,45.14,DcpbEYRADATAySQ7m32ggKoTcALQQBUycIQPBOAIGXf93bEv23ud3/v4wMxA0gNEUQ2lmMpUZIGpOf+jmNC618BInxVhfTrBNkYPUdPxrD8=,181,19,90.50,72.0,1097,72
8-6-5-12-96615492,100067,287,145,50.52,DchbFQFQEAXQM48zT4VUEUEHSahBEEFkcP/22n67fF7fez1/DwhEARGoHh7oCYPTaaBLpKgnC9FmGpYhXZoTszW7ndSywngk2T3Ty9p14n39Aw==,196,4,98.00,90.0,1563,90
7-9-2-21-1491880058,100065,287,42,14.63,BcFLFQIxDADApPkn7bZdL7hBAi448jDGDRs8BHBkhm/n+/t5XZ6PHyA2YhCFZg4YHISeZX0cyjFIQpjnWtsr91ykYQ1HQxPRnZXdaqiLterDxRXtSDX0OYrD8zAkVREg8Ab36x8=,100,100,50.00,108.0,1472,108
5-1-2-13-656134589,100023,287,228,79.44,DcdJEYBADATAyWT2SHDCH6SsDFxhBAtUUbiB/XVrX8Z33tdzvDDQKcCKHBCNrG3Ka7eZGm6liIrsAar19GzY1h8=,200,0,100.00,54.0,190,54
5-1-7-8-645568283,100014,286,261,91.26,FcbBCYBAEAPAZJONCL5s4MACfFqMVVmKJXrCPMbXcqznM/bxAiBQU0FmN+dESW1XpJ8tOlESM7Kx3R8=,200,0,100.00,54.0,389,54
9-9-1-22-641742904,400014,286,77,26.92,FY27FQIxDMD8j53ESW4npuHdCDcGK9ExChPQQCjU6UlyHvf35/F9XTdA4j8simJF3YJqtA7ZR6rNGOLaZallt7aWZvRoowJF6PQKYpapwI5bc2JyCdxBZChmAgWBcErsBTzlBw==,149,51,74.50,108.0,3963,108
7-6-2-12-1942319350,100088,285,194,68.07,DcqxDYAwDETRs31nJ2ELhmAG1kFiF0ahZScKWtL9J33ui773We9zg7k7wuAWFiQlMKaU5ZLME1SSla6aT4Xl7NbbQBdRHKOh47h+,194,6,97.00,72.0,1408,72
3-6-9-13-211820348,100010,285,89,31.23,BcHJDYAwDATAjY94HVMPEoXkTy+8kJBoA/GmQGZsXfbtOr53nkATFfMeDOQQKdIVIwMM9pAUlmXL0pbmjAF24rl/,188,12,94.00,54.0,166,54
3-5-4-9-690276622,100008,285,182,63.86,Y9HilF5it/it5dZKBkZGJmYWZhZWIGQAMhjYmFlZ2NhZ2NmYOFg5WBkZOZhZ2RkZWViYGO4yAwA=,200,0,100.00,42.0,118,42
7-5-2-23-1886999071,100064,285,22,7.72,Fcw5FUIxEADAvbK5Nvk5EYEUHkrwAEKwAfIogGq6kcfpdW/P6/v8ASQWx8pIIsoO/gCTQ/YhIqVsypZDcRrrUZSshdQhBR97DKOyP9rMpHnO5SGHFAf6VJLEtfe20pWQEH8ngDSHzupY/oBSsrHA7fIF,70,130,35.00,126.0,3629,126
8-4-2-22-1389773929,100064,284,50,17.61,BcFJFcJAEAXA3+v0LMksCSaQwsMSCMEGSEIGB6r0eXk/xuv+uf4AYoEaXFgpicOJ2chUwU4iZBxgzaVKACUltJKLmGmObe9Dpywch2M2bsaeW8jWV80p+U5H1tLOs45RF537rC05dY9qtmkU3L5/,174,26,87.00,126.0,1758,126
7-3-7-12-1807549890,200010,284,227,79.93,Dcm5EYAwDATAk06PLSoiIKQtz1AL1RBRA2UQgTddW5f93c77+S7IBIHSxDXSQLB590pXsdbmAKHVQWdJV48kKRjHDw==,200,0,100.00,57.0,273,57
2-3-2-12-1220630125,100038,283,245,86.57,YzHjOazBdndnBMdaBkYmRmYWVgY2VgZGdg5OTi5uLnZmDg5mdi5ubg5ODg5WNiZGBhYGRkZWBgZWRjCTCaj2WzcA,200,0,100.00,54.0,140,54
9-6-4-11-1401476982,100026,283,137,48.41,DclBEYAwDATAa+6aNMEAAnjzxBYC8IYMZlDB4AD2u9qmeV+e9XoPNCMlqnfSFcPTHJUeoP8xxERBqNZsyMyc0XGfHw==,200,0,100.00,54.0,191,54
1-5-4-16-93568097,100083,283,158,55.83,DcixEQIxDARA+yT5JEuiG7ogJKKan/kyyGiHhgj5DVdft/f9ez4fv2NMyNRhoosyTYfHRuYqVCTd2y7iauELXsUwMtJVtgNCqGhnb3iQlqjuruuE4zP/,192,8,96.00,90.0,1160,90
1-5-2-25-918217636,100063,283,72,25.44,Dcw7FgIhDEBRIAlJCAxfFzWVpa3nuBsr3ZzVLEbKV9yHr9v1O++P5/ftnA+AjqL3LKRJouWALCBWjpRjLSWoNiWoSGqK2Mes0DqaABEQ8nbW55FljZZhrpEhrZ3Gwkh7/jn/,179,21,89.50,99.0,1279,99
3-8-6-14-962059330,400015,283,204,72.08,Dcu7AcIwDEVRfZ4s2ZJosxhVZmGSbJA52IGSSShwcU93cT6u3/f+HM8XEZPstgoQTMdgdWYXCZlhayHTYhF5tRhDMBSpc2rDOqy4vaS9KzPMCrVfy6D3+Qc=,200,0,100.00,90.0,877,90
8-6-4-13-2075430521,100097,283,223,78.8,BcFLFQJBDATATuefGZwgZw0ggdsaWUVckIEAHhqosuP2O7/35/vxgRCkmhndVQLIkig0x2grOb3T21VlJ4gRrp5QRhq0LI1tQVSv7TNeUYLr9Qc=,200,0,100.00,84.0,463,84
7-4-3-22-122518356,100094,283,173,61.13,BcG3EQIwDABAJdtykLM5SgpapmIFCjahYi7W4V+el+/v9rm/HwZIBEwAwoTIwAgOQZBQiFiY0RME1Zhy8cE5MwYStGqpWOtjrpXKPqYsQfOOeursbYza52lR98oeXtc/,191,9,95.50,99.0,624,99
6-7-1-12-1008965486,100079,282,246,87.23,FYpRDYBQDAO3ruseBANo4gc1qOAfOUhACR4YaXK5XMptvt71OY9YzGHRAz0DcEnspBphbVUsET65aOOngyKRaRlRVWNK9CuNtt8f,200,0,100.00,75.0,1020,75
8-4-6-14-1547653160,200053,282,124,43.97,Dck7AYAwDATQy6VpA2kYUIUMDCEEH+ysWMAEn7e+skz3fO3n8W4QgloMqKYsRcjmwxjaIeaK1impyZRqVvUvd+YIiW4xOBjIyBZ41g8=,197,3,98.50,72.0,247,72
1-5-3-16-404287114,100080,281,157,55.87,DcpbDYAwEATAtrt32yeuSCoBG1hABSKQgBJsYAA+Jxmuy3E+773PGWIKMYAJ5lHIJbmYazW5DPQm048m9tJoAFm6DY3hsO6Z+Fe4tg8=,180,20,90.00,69.0,994,69
5-2-8-16-1828677404,100036,280,167,59.64,DYqxAcMwCAQBgQQvpOyW0mN4AlduMkkmSJ1xskVorrg7PR7v8/X7Xp+biEWaMqv1YR6Y3TNi9KEsWqJRFtcSL49sntBKZOBMYAubYWPyXB41UN3Jtome+AM=,198,2,99.00,90.0,915,90
9-8-2-12-1889203652,100057,280,201,71.79,FYypAYBAEMR29pvbowo0SIrA0RUKHPVQG4dLIuL7tN3H8l7rI1AYTD2SokLLaHQmGSZZgRYM998dKuGiXQXIwWbV0MehRprPDw==,200,0,100.00,72.0,662,72
1-1-1-18-345800929,100069,279,101,36.2,DYu5AQIxDMCc2PET57GvYwqWYA1WoGAa5qJnF1KpkETv6/HMj71uXyilIhAVggYsTbUhihxU60S18xEoXpoNrXWuvSyiq/Tt4TD3Xmm1zPSuJZYyo+AJfAybMdz4LGNlztzJMULh/vsD,197,3,98.50,114.0,1595,114
8-9-2-8-588452005,100020,279,227,81.36,DcsxFYBAEAPRZJPcoouHF/TR4IMzQY0DrprfjPftOOe8rzwgirJRK7RLkVBOSpAXkNFiS6NMx2AwZPYa4wjf+wM=,200,0,100.00,66.0,401,66
4-2-1-11-1588347380,200007,279,138,49.46,Dcg7EYBAFAPAJC/3RQkGmOFkUOCGCm00CEEH1+2s9+U63vtbtwcUggQCkijHhFOeVVzJZhFhpJqaci9VvfQczTjHDw==,200,0,100.00,57.0,249,57
8-8-3-11-1130495227,100081,278,182,65.47,DcnBDYAwDATBu9g+x6EBuuHLh6YQNdEJohtEpH2MtL4v6/ecx3YRINEAM5JtNg1zOkMtOyrCzCvkmVVDkdaHx5y9lMppKUq43x8=,198,2,99.00,72.0,1226,72
5-2-2-22-1813366620,100052,278,72,25.9,Fc25EQIxDEBRSdbha30baqMTEkohpgFqogZClvTPvPl8v3C5Ph/v1weQyDkWVAYVcQimSt4CaEwZwWdD53ICMjtKSFxqs44kKH81hLC3OaofJazRUmMd9QB1eqzFIJTm3i1yim3s2eksyucQbt8f,169,31,84.50,120.0,692,120
9-1-9-16-339028071,100050,278,190,68.35,DcixAYMwDARA6d96S3KWgCFo2YCOgt2yT+pslFx543rdx/Z55vk2B0Anxwi3kECMMExl9T8qtRAhuruJTHXF8u7sJmHwFVmhqcqa9t1/,199,1,99.50,78.0,1057,78
9-1-6-17-1309440635,100048,278,132,47.48,DcpBEYAwDATA3CVN2rTMIAULYAkdiMACIniiic7sc+1Y3vXJb7tPAahGooiHew2LULC0zOjVKaMI5xjNo7p2Gg0yaR9NE4Ds1w8=,144,56,72.00,66.0,513,66
5-6-1-13-266320983,100075,277,208,75.09,DYvBCcNADAR3Ja1Od+ks+GnchMH450pSQipKQ9HAMuxjYn+dv/fxubcHNNDpYdGTEsqRDQrQzMrRQDWkkpUDq58nEPRpc7XYNcNJNwtb+F5/,195,5,97.50,84.0,5955,84
6-3-1-23-433081915,100064,277,105,37.91,Fci5EQIxDABASdZjyye/VEEttAQRVdADEZRHcMOGy4/L5z5et+/1B4hAiQUUQMlU1JCF/52Lg6ZcsSYjKgxkZgJHCnJT5AStjyZpKueCwiIRo+Nc1aO41rWbjSkcrK0ehGQI0bGtXamV4n5seD9P,190,10,95.00,126.0,3008,126
7-5-8-9-1088369873,100009,276,154,55.8,BcE3AYBAEATADZcQQENHix8qJCAQGW+Jmbi2bz1rP+4XBAnIEVASdtF0t3rGKSmrxnagzx8=,197,3,98.50,42.0,81,42
9-1-7-12-244330106,100072,276,192,69.57,DcoxFYBQDAPANEn7y8J7KGJECRIYkYEAJKACW3DzeZ32+3mPa16AoCBStpw1hCg3qgNmOJudtDP/1tUVIhTMMcoCtvMD,198,2,99.00,63.0,459,63
5-3-6-15-2079086751,100046,276,221,80.07,FcexDYAwDARAO/44eSehZhUqBgCJsWjZDLEGUyCuOyzTvh3nvF6PqCRDdhSvDGHAazaydSq1Darl6ghHKuOv9s6S4PLeHw==,200,0,100.00,57.0,161,57
7-3-4-11-466689271,100090,274,198,72.26,DYlJDYAAEMRm74M3fBCBBSwgjwQbSMEPm36aVq/lPb79Wc8bNLCIQmhggqgRA+Bx9bCZATXQ/ERQOuX0qCxrDXO3rurKTu9qfNsP,200,0,100.00,81.0,903,81
3-2-1-16-1970023401,100087,274,90,32.85,Dcm7AcIwDAXAp58lS3KchsFoGIGKIRiEObIYC8C1p8/zdn9fr+/1AYEJwmrEw00gKgMxM2uYq0bnP3p6d60Ips7G5CGuWW6I6l7iXDiOBohCpQ5jsrVFBjGQe4MfPw==,180,20,90.00,102.0,1493,102
6-1-3-11-597386158,200024,274,188,68.61,DcixEYAwDANASY5wzFhU1FRUDMAYVEzAYOzDHSn/2zrfx/tty/mAgBgNbKIbPMlTAuNJdLKGwaRBIW0IliKiStWzlysjA/v1Aw==,200,0,100.00,72.0,384,72
7-1-8-19-1954152014,100078,272,108,39.71,Dci7DcMwDAVAPpKixI/kSQxkkDSG+0wRpMsMHthNcuXpsb3v7+vcryeBGYAQREmkCawPU/VIIrFsPazGNLCHp3qtbMVW4H8uLI50c+uUURU6lR6fHw==,161,39,80.50,81.0,944,81
8-7-7-16-512933158,100051,272,68,25,Dcm5AQIwCABACIQ3gCtYW1o7kKNo4wqOqtcePy+ffn/vD34BLmLcLEsRmEjFPHzl0RJLC+nE7rXhMM2uRgkH7FplxayE/1GNlJCdLgMjdjJzcFYfqjiJ28Ydrrcf,160,40,80.00,105.0,1263,105
7-7-9-23-1326219331,100052,270,130,48.15,BcG3AQIxDABAyUHOliWHX5WGUSioWIAZGOXn4M49Ltev1/P7uQENWuc8GuvBGqAQYqJcirOJSq2ttE48hFsvmsk3Kq1hyjElizwXa4I9z2KIMvdQQ2vpnIYGq0hA2PussasZ6+wplpSFB3d4//4=,177,23,88.50,120.0,739,120
6-4-1-14-682927546,100033,267,230,86.14,Y7HhWVCet+3ntXseDIxMjAxMDEyMjMxAzAJiAoVYWRjYGNgZWTnYWDg52Dg42Dg5WdmZ2DiYuLi5GDiYudm5GJm52RiMZAE=,200,0,100.00,60.0,253,60
7-7-4-12-1041323309,100043,267,198,74.16,DcyrAcNADARRrbT6nC7AlbkB92TiBozdUaoIDAjJoXlouL+u47y3z/ctgAICgwrFl0kxemQG6WZJ1ygfnR0jaxQYNsWa5VNzZVY0qM31+T1/,198,2,99.00,78.0,657,78
7-7-2-19-55358740,100055,266,157,59.02,Dco7DgIxDAXAZ/slzs9J9lQIbbtnQeJcnIyOggKmHl7H4/26fXDeISIQqDGpZKWbGelZUFABtj5KtsEIzqjDRP85wlcy02Lb567SVl+dyQO7TTqe3x8=,194,6,97.00,84.0,586,84
6-9-5-12-1006269145,100026,266,73,27.44,YzHjkchXea937WM1AwMjEzMLEysbKysbAyMbOzMHJxsXEysXNxMDUIyZgYOVlYGLm4WBnZOBgZOJkYObiZ0FqNItEwA=,200,0,100.00,54.0,158,54
1-7-7-12-1529119272,200015,265,164,61.89,Fcq5DYBQEAPRtb0XlSAhkZJBTEIvFENpFMQnnKfxbZrP572PdTEzgHIxIkk6UEV0joJExZDsiqpoZf0XwvbrAw==,200,0,100.00,54.0,320,54
2-1-4-11-585352556,100037,265,192,72.45,DcNLDYBQEAPA7b5fWwwghhM3DOAAQSQckIAzbMAkU9fpmc/3WO4r8MsSWWvrrY0aGZ0FVKSMkTQKRPtPQMKg07I6TDFi3z4=,194,6,97.00,66.0,482,66
8-6-6-21-1605650197,100089,264,106,40.15,Fco5FUIxEADAzebeI5uLAik8FGAHE3QowBoSEEAHv5034X66fR/Xy/n5AYcOfIgp5OwQIpZDKtXIf5KacxYHigwuOYhQhMPxUuNEZNa6D11siIY5DaP2UVWxLbPt26iFqCbds1Hbwoxrwev9Aw==,188,12,94.00,114.0,1001,114
8-5-9-14-1645906227,100026,264,77,29.17,YzHjk8hXea937WM1AyMTMzMzCysbOyMjBycXJzcPBwdQgJeTh4WJg4Gdi4uVgYObh5eJmZODk5mZlZOXm4WNjZ2h+QwA,118,82,59.00,54.0,109,54
9-7-5-21-1359687721,100089,262,103,39.31,FY29FYIhDADDRyAJEMKfhaP4XEDXcQk7F3BGB7ATu3tX3OHjdP8+r5fz6wPu8Bh8iEDkERyypCzERWOqVmOrLHmjsuaeWhnNUlcZg9ycSTFAi2a1GEWvbXZHGP5J8OCX1MWNlxiE/djucAhwe/8A,176,24,88.00,114.0,1212,114
7-9-5-17-660832730,100069,262,75,28.63,Dcs7AQJBDAXAfF+S/d1eiR9sYIECNRjAEFoQwDXTjb3O++N81/P2JWYWZRFTUkckgiw9nawaW6CHADlCx1zBNY/d+uoC93UMyrnHLOPLZIcTm7iit7161phHA2rtXdmuloArfX5/,155,45,77.50,114.0,1649,114
3-2-2-20-70390619,500001,260,52,20,BcE3DgJBEATAtT29btaRXHoPIof/IiEh8SAuoSrcb5/n+zrO789Y50OEkABTllJbomgPKA1ZbWajswqYboDgRHzVEXVOLdHXJOxj7bHJveYyj9cf,200,0,100.00,78.0,322,78
5-4-6-13-1137257498,200007,259,78,30.12,FcRLEYAwDAXA5tfkJUUIBpjBBn44oY1LhaAD2MPqvpzHvJ51uxuxqPU/b8IUX0CCe1RCpQaJOSwRwxAFG4HO4W3OFw==,200,0,100.00,57.0,179,57
5-3-4-10-604501872,100090,259,56,21.62,Dcs5EcNQEATR2Zk9nSsSCFMwBaEQJlWJhmg4Mx//jl7Sfrye92+/t88FAyGPSJbRoiS1Z41msbLMCwgDQMlWDpLVM03vipzOoDw165nG+f0D,183,17,91.50,81.0,1465,81
7-5-5-13-5344783,100063,259,162,62.55,DcupDQIBFAXA9++TwlArsSR0g6MVmqADFMWwGT36uPy+1+N2fz1BDAETMYOgBjEPRHJ6VVPMqMBJgm3dJpa0e3iGPBG8flLRqcqd7mwtVZ7StTwHrTg+7z8=,193,7,96.50,99.0,1418,99
9-2-8-13-286371265,200013,258,196,75.97,DcixEYAwDANAObJiO5SsA8cUrMIUNAxHwTak+Ob9WJ441+26X1hrpMspdUTSGEBXoTJ9itkpN0kY7khWDVayYSTx7T8=,200,0,100.00,63.0,304,63
2-9-2-13-1594964037,200012,257,77,29.96,DcJLDYBQDATAbbv9Pa4IQAXCSJCBAnxwxQROMACT4TrNz7kdy3tDFAaA7hZJVIWyukQ8BxSDf48wsBNoj4py7NcH,191,9,95.50,54.0,166,54
2-5-4-13-1792123397,100007,255,181,70.98,FctBAYAwDAPAtltYmg09KOCPAHxgCwFYwAJagP9dXefEvS3H+ZhHqcDUHO5khhRBszbJgoVi1pqSCsP4MYP3TmCMDkjjf7ZfLw==,199,1,99.50,69.0,470,69
9-9-4-12-1695467759,200004,255,102,40,Dci7FUBAFATQmdm3+z4OiRrkaiTWi3YkauGG1/bp3eb1Op8FVKN1ihzeEClIEcNQ/BM9q6nSZY7OIdzHBw==,141,59,70.50,48.0,114,48
5-6-7-8-228905975,100040,254,63,24.8,DcgxAYBAEAOwXq/fIocFB+woQAZKkIIXRgxgAjJG8/Ssy/Ye145Ckd3isFkZoqI/Km7WiOnAQgpsCOf9AQ==,156,44,78.00,48.0,367,48
7-9-3-22-540648384,100061,253,66,26.09,BcHLEQIxCABQCLABQv7W6M0qHI824ckZ29Eytgff4+vl+b39Pq/HGzARIiRMCMRySFY0BSITtxIVtPWhoRkPIR3hUCZ7Xbs68V4jBefiwo6GbCbtsD5XJN4inS3aNE4C5/0P,178,22,89.00,102.0,927,102
6-7-1-14-2072272026,100026,253,100,39.53,FcVBEYAwEAPApEl77WEAAbzhhy0EYBAF2GBwwLCf9T7Nx/Ks93uCRRJcmxWiaRNy/28BjlSyq5XwKBAqs46O7foA,199,1,99.50,54.0,225,54
7-7-3-21-1779029033,100065,253,68,26.88,Dcu7DQIxDABQ23Fix84/rMJWzEGDmINd6FgDMcCVnPTax7fL5/d9X5+PA5AwnAIwEwHHhCiajd0sEQRRcMlFqpm3PhgjilvCGPJodYJkLd3P6eoWxGlNFYTda868R9kqa7Zl5Abwuv8B,123,77,61.50,108.0,1551,108
6-8-2-19-397344340,100065,252,106,42.06,Dck3EQJAEADAy+nvA2JwhRMGY3TYYBBACduu3C6vz/t5fdy/AIjEIIpsTCbmGqCQBWxeJOGYGkMxq6rBG6YvJwzFmGpZUu3k2ew91o71nwylSNzJ1TIP1LCTsg9A/AA=,138,62,69.00,108.0,1290,108
7-4-2-12-569695077,200015,251,145,57.77,BcGxDYAwDATAf/sdJ2YQJCTalNSMwzCswQ4MwUDcaS7reX/XsW8gaU4ZES0dAe9BG2bVoDBSYlZvUSN99JDcgef9AQ==,199,1,99.50,54.0,238,54
2-4-2-9-1192431019,200015,250,125,50,FcexDYBADAPAOLE/ZhIkJNovqRmHYdiAlRgIcd1xLut5v9exb4EsFElxNAWhZLCF8a/SQIUHYUPtKBEZ8/kA,200,0,100.00,54.0,446,54
8-7-1-8-1718529128,100056,249,196,78.71,DcZbEUBAAAXQ+9wt4FMLMwJpoIQSRjdROF8n+7zfa+uxngAlkALMSEpY/0kyog6URBiDQWq7o3iWDw==,200,0,100.00,54.0,635,54
8-5-8-15-1923213148,100094,247,95,38.46,Dck5AQJBDADA/M8mm7NAQXuqzgQC8ECFJVrswLQj1/H+3l73x7kBiQGFUM0AHZwjZZUmGkK7xo5tHcT/J0/rht62BKxHiQnL3aCLbQakK3KwBtM0m2NNicDn+QM=,160,40,80.00,99.0,770,99
7-9-4-19-1300428267,100034,247,127,51.42,BcE5AYAwEATA3CW7+T8koIYGIQhBBw6oMEOHFGbctnz3e23nsxtRsaLGqTMqIgpa+hBBpFzUWw+HwNp6r701RgApkmXMPMacuVQyJJhj/QE=,186,14,93.00,72.0,186,72
6-4-3-14-1395426465,100087,246,115,46.75,DcY3AcIAEADA7/3ZUIQCDDBmigiEoCPGMAA3nRy3+/N9nd/rA4AIxIBCpIj4rxiTAwVwIgoXS3ZMQjsY1i5hgbNWR5RG9xg5FaxuMqNZj49C+IwpiuRuwuvxAw==,196,4,98.00,102.0,5292,102
9-2-1-14-756796469,100004,244,65,26.64,DcqxEYAwDANASVYSh4KJGIKGKsMwDvtw1BRMQtq/97Y8336f73qAFBGiQBsAJTvsUlu696kRhBC19SxRhZKNlua9xg8=,200,0,100.00,60.0,699,60
3-8-8-11-1145552048,100008,243,147,60.49,Y9Hikl5it/it5dZKBgZGJmYGZhZmBlYgZmNjYGbn4GTnZGVgZmJgZmZgZGZhZePgYGTnZGK4kggA,200,0,100.00,42.0,105,42
3-7-2-21-1915561206,400013,242,99,40.91,Dcu7AQIxCABQIAECCZefE7iBrZu4gJWjOIy9I7jU+fqXX5f753n72vsBSCmzKEkR89oIKZDDDZEsoWD2VgtEUKnNM7MkMwk6vHPAoQc7IwyjuTZ32Z3+H4GHkkbolD2H0EJcoPC7ng==,137,63,68.50,108.0,3653,108
3-4-6-14-1516792911,100010,240,97,40.42,YzHjS7Dsad6yKrSTgZGJmYWZlY2dg5OLm5mDh4eDhwWIeVm4uHk4mdkZuTkY2Fh52ZiAEkycXLzMDDzsjKzMDE0mAA==,172,28,86.00,54.0,116,54
8-4-2-13-951865335,100066,240,62,25.83,DcqpFQJREATAnp6e4x9kRQarCQJHVEgkIaGQCNbWK90u18f7+HzvTxgNcDklmtwROC1pRnmxLAzRGOxJ814JFbAZa8WZZlE7ZmQPV0VFd8oNI9M3fq8/,154,46,77.00,93.0,2341,93
3-7-1-11-1812012027,200003,239,80,33.47,Y9HiNDo2L70p+KILAyMTMwsLAysbkGRhZ2HmYGdmYGdmARLsbIxMrAwc7AwcLKxMjGwsDFOqAQ==,191,9,95.50,42.0,98,42
7-3-7-13-1506195626,200012,237,113,47.68,FcE5FYBADAXAZHP8HJQIQAXC8IECxFDhgBIXGOAxo+s038e2L+9JP+YhSmSuzMLEiEgqjygNjPQUd0O3DXQF4HQ9Hw==,199,1,99.50,54.0,166,54
8-5-2-14-1177727510,100084,235,71,30.21,FcnBDUIxDATRtb2O4x+HCqgP7lRBF0gcEU0gURhGmsvT8HJ6v87f2/X+gED/mSjF3AEFrKXiNAxo6Ey23O2Yq9k3a+wNXxOH5l5TKoePagYrGOlkthllMih4fn4=,195,5,97.50,102.0,3644,102
9-5-2-8-991658304,100009,235,89,37.87,DcU5EYAwFAXAd/wDA2mQgBxmGAokIBAZsUS22Ti2bz5z7NcLghIdayTgkpKMhMpqsmF3OYDz/gE=,200,0,100.00,42.0,137,42
8-1-3-23-787723599,100061,232,8,3.45,Fcu3EcJAEADA83/vDT2SqQyFFEBKxAzFkEA/kuKdlfvt8dv+n9f+BiQiRBY1YVQN5hAFiUEZUy7VTq6ODhJCg8ZdcjW5TpICPTICyJiLhqnNsQp1zRiF0oTm7IvZCZ7fAw==,50,150,25.00,102.0,660,102
5-5-2-13-844247032,200012,231,28,12.12,DchJEYBADATAnJNkwxMBqMAXyKAKBYjBBE4wAP1sW6f5ufZzeW9iURZzhFGkGyoqMMq5Rjt7Z7SIgNUz6E8FSmg7Pg==,46,154,23.00,54.0,117,54
4-4-2-21-1124646819,100064,231,23,9.96,FczbEQIxCABAICRAHhfysAnHRpyxJS3ENrS8+3DcApZfl8/T34/v9QRECoGYIXLgJBFBLRKnEDQXYquSoJaWMbWazYIUbQlbyULl6J60jmxA2maVONfOhH7MBjJW34rRVFyUEKTYf7buvir4PgYg3O4/,194,6,97.00,126.0,3474,126
3-4-2-16-616373767,100051,230,106,46.09,Dci7DUIxDABA/2PHjvN2oWYgRmAEaJgAiVFJddLJ4/r0+3e7ywsAiVlYSQzUDHUMdYwxBSnmEHbMA9ZqUwoGVXFb+9i1m+bYK+QksMOMSuHq7GDLriLPnArOAN/nHw==,172,28,86.00,105.0,1883,105
6-3-2-24-63982069,100086,229,90,39.3,BcG5AQIgDADAJIQA4X/tbbV2Mys3cRGnsXQP7/h5+a3b4/q+fwDJsBUQZiR05JhZgMAICREIihjDgt6hIRc02miSzUUDgqvZQuvDM/g5G7raA7Ha1XXFGkKZaWc4YxzcO5UQW1x6olX4vv4=,161,39,80.50,117.0,1781,117
7-3-8-23-431986938,100052,229,52,22.71,Dcu3AQJBDAAwh7Mv5/Cr0rADFR01CzATc4B6mdtlyvW6f95fQGImQgRAICAjqtb5EJlTLky1CbLUFAP1MReA9D4wzC1Kzh/Vhqb3tRbS3jIqcJ6qiV0RXZotnDnXGGZH6XsU5Pavx1t4PH8=,126,74,63.00,120.0,601,120
8-8-6-16-1527482259,100087,229,86,37.55,Fcm7FQJBCABAfrvAAssltmMPNmFkERZiHdeYgakazhu5H5fb83y8zxcAEsvAQQBzCCOoOYisGS7IqWXGFTZ2SmgiaWr/RGXQHBOZOhVyundspQrvsas8c+nc/a+94HP9Ag==,179,21,89.50,102.0,1164,102
8-8-4-13-340009907,100026,228,109,47.81,YzHjlchXea937WM1AyMTMzMLMysrGzsjBwMHJxM7FxtQgIublRkoxMrNycjBzcTJwMbDzMbCzMzKw8rFA1TL8GUaAA==,200,0,100.00,54.0,135,54
7-9-8-12-987952720,100040,227,64,28.19,YzHguedi6v+6dHMsAwMjAwMTMxMLAxMrKxsbOzszOzsHJycXFys3MzsHExMHJzcXIxM7CxMjCxM3GxMDw9tlAA==,157,43,78.50,48.0,286,48
8-9-6-15-430379269,100084,227,88,38.77,Dcw5EQJBEADA+Xb+nTOAKFRAjgpckFPIQBYB1wJabsfnffk+7s8XICASkwAjwRI1QFIgWWweiYnVQa6yBzYG5mreXSURMTOQU9mwXJdJT7mdg2ixiKm3uOZ5Mvyufw==,198,2,99.00,102.0,4610,102
9-7-6-21-2146967529,100064,226,24,10.62,DcxJAQIxDADAXL3SY5O2mEALNpABQrABspCwDxgBI8/L+2Gv2+d6AhIjMwihcIgpgxQliSHGXFvvRVMjHFXosDw0lWHqnZiFGtZheXrNPRzJ3FJ3G//LQwQc09fcTElLbgWg6NF6o1DrXnshxIAIcP/+AA==,69,131,34.50,126.0,1917,126
3-3-1-18-817115857,100051,224,62,27.68,BcFJAcJADADA3Mkme1VL3xWEDz7wwQKKqqkz8jp+8/s/L/kAAhKxKJqpABB7mAC3DEDlYgmq5CDPMMcSDVeHXprSx0ismK3cigkCBy/vlG0tJ6s9C7fP2MhA8L4f,188,12,94.00,105.0,1368,105
1-1-1-19-327322915,100069,224,19,8.48,Dcu7AUIxCEDRBEKAkA/kVS5j5RquYOE0juIcTmSq25xb3tfjGR993X4pA5acMgFCqYwCVJJWYaJmhF0qjjF59cTGkEfzmGML6VxhhsorwqCPvWpO1vLBelrFl9p2t6ktfLUzhcvedaT79w8=,150,50,75.00,114.0,1855,114
4-8-3-21-2061771756,100036,224,50,22.32,Dck5AcJAEADAu71n3/tRFw9pUECVJhoiIAqokYMLmHbi9rif5/fzeh/OQ4gJYgZER8REImrsiaCESszNc+3DAETK1PRfxkihYpvMvQ/Ka6HZymkWQVPXxFSGsrv2Hw==,163,37,81.50,90.0,567,90
7-7-6-17-591821137,100096,220,79,35.91,FcO5EQIxDABA2bJ+nWSS64CMmEKgAULahYoYdmbX63Lez9v3+njDGPN/4FyENGAhMU4RNRUPtFyaB4OXdbmxhNoRaRo5JyRzFQgR58bUju6ubKoMdzn2dvg8fw==,191,9,95.50,96.0,1211,96
1-8-9-12-1068831745,200004,219,132,60.27,DcgxFkBQDATA7N9sNrxH4wx6d9RyQI2zMOXkMb37st3nswYGAaZKFRokaAFy/qEoDbBtwN1KV8zXBw==,200,0,100.00,48.0,194,48
8-5-8-15-1431644990,100094,218,85,38.99,Fcu7FUJBCAVAYLnAPj6vBQNTGzK1CbswNLIu2/E4+ejj/Hwv7+vz1sSymJawYsHcKZT2wYckCnA3osiiZuvksp5I7KwVmH+RbHjmUDQmNNmW1Egx1IfsaOim++sH,168,32,84.00,99.0,576,99
6-4-1-24-1969168229,100064,218,42,19.27,DcpJAQIxDADAnG3aJtsLFWjBEgjBBkjAAH54LPMeeVxe9/G8va8/ACQgFtSkCiqMmZOQMCcrFViaZ2clDKeSs4eYalQoCA5HH8bKGf4Tk6DNtclrO7oFHn3tVEtyAqESXgMyRtBeo0nMOdQNvp8T,116,84,58.00,126.0,4482,126
5-3-7-12-1928426479,100026,217,39,17.97,YzHjkchXea937WM1AyMTMzMzCysbOzszCyMTBycHBycIc3BxMjNyMrFzczFzsnIxMHNwc7BwszEzAGWZ2VgZ/qcBAA==,198,2,99.00,54.0,199,54
4-5-9-12-1284444587,100010,217,46,21.2,BcG7DYAwDAVAx5/4+YV5kBgkPRtQMgAVEpNQMyB3vi779lzfO29pah7dMg3lrEGQVQRgjCYoKtiNY1iHayGkpRznDw==,184,16,92.00,54.0,214,54
6-5-9-10-342865299,200003,216,66,30.56,Y9HiMjo2L70p+KILAyMTMwsLKyMbOzsjAysrAwcTKycbC5BmYGFjYGRmYeXk5GBmYmRkZ2FIuwsA,194,6,97.00,42.0,97,42
5-2-2-14-860898377,100076,216,145,67.13,FYuxEQIxDAR9Okm2JZmEmBYoiJmPPqI2uqGArwUzF+wGe/q6XY/79X2+zwYBGxVKM/cmfcyuAujsQ5rKCJ+AbM0iopSxALd9jD9WVCU9y2iLzMrIHe8dnx8=,200,0,100.00,90.0,807,90
8-3-3-13-1848521575,100034,216,92,42.59,Dci7EYMwEATQ271b6fShLxKaYoY63IEjN+OMBugBZW9e7Nv9/X/263cY6CEPEE5BpSZbdx9jFaenYBUxFiKpSVgBZ7f0aGrVUt1VzM7nBQ==,200,0,100.00,72.0,233,72
7-1-8-19-1761735136,100078,215,122,56.74,Dcq5EYAwDATA04ct+aESKqAFEoacEohIqYGCSXC6s7rP9/ecx/JuIDALIMQgESgbTynDJcQN6lZCbAqQ50qDqiZrvWQ2axE1epB3N08epcmI1/oD,186,14,93.00,81.0,1723,81
8-1-8-22-1488392561,100055,215,37,17.21,Dcu7EYQwDEXRJ/knbMkWVTEMKbXQFCEdbQebEeLoBmduPNfr/2wvjh3EjIAITky5xECQuJDUpmqmoQ+UyoMkVXagmauo5Ty1WDewSTf2eQyf0ZZccf8+,24,176,12.00,84.0,720,84
9-2-8-21-2061219668,400013,211,132,62.56,DYrLDQMxCAVhAX/AgL2d5JpO0kBOW8r2kWvuaS7Wk2ak0ePrfH7fj1+/XwCIeNDBe7ANsoFEOwMVkioojWvjXup+CKEAqtkA7R7mPdsYQTzN5/IID420LOoea5mbRfrU1LSAD/4B,195,5,97.50,108.0,6083,108
5-9-6-18-2118027551,100052,211,60,28.44,Dc3LFQIxCABAWJKQAOGzF1v14sn37MKzDViTdbgNzLT72fz2fnw/P8CDWh/EgGP2yX0xAMhSYdu8CHzTgNhCOyNjk3nppkMWNmwM1A8uNzUq10jjAXARcyJlrTElQjOdWcvK5TqIoCPD8/UH,171,29,85.50,120.0,800,120
8-9-4-16-1398157102,100096,210,39,18.57,Dcm5EQIxDABA/ZIly77oOiAjJqIKKiCkXgLq4bKdWXkf5+O8f2+vDwAiEJOAICCjstpF99BBOSqkYHJ3r9qSy31mGW3bgmY5XdWjtYnTAyisYiG2AnvWuBJ+zz8=,109,91,54.50,96.0,2270,96
3-7-1-11-1974276733,200003,210,138,65.71,Y9HiNDo2L70p+KILAyMTMwsLAysbCwszOzsLAzMDOzszAwszMzsLIxsrEwsHBwc7CxsTKyMDQ7QTAA==,199,1,99.50,42.0,97,42
1-1-7-11-894440515,100009,209,129,61.72,DcU5AYAwEATAe/bBQBok4IcKCUhAGDLih4pMMzi2d15z7OcdGdXIYLHFBG2QDUFUwaIBeB3P9wM=,200,0,100.00,42.0,121,42
3-6-6-11-1453232379,100010,206,78,37.86,BcGxDYAwDATAd/z2O2EfJA9Czy5USExCzYDccd/Ofq7vPW7YcDIMKVrZdEvJM6fcJZQLi6OCVOSwhanEQvcP,191,9,95.50,54.0,167,54
8-8-7-20-1844423415,100052,206,10,4.85,DcvBFQIgCABQVBRBRMTea4auTdelUTq3QDM1R/37x8cF7fp6ft5fSLlgzaVR74lqA86Co2bVSWQLgKoPTDvQR+VeZhNbcyU6rgPilI37nGzFRFr0KRuiNtf9T7mwuQ/Rbnwmn9Unr5Ui2la4334=,57,143,28.50,120.0,508,120
8-5-6-14-1648399526,200007,205,88,42.93,DchLEYAwDAXAl1+bJi1nLGCAGWzghxPauCAEHXSPq8dyne/9bfsDYlFjAVupjhbpCOdEzPQ++uys3olEtBk3dbEyBlDXHw==,173,27,86.50,57.0,114,57
7-6-7-23-286931481,100052,205,50,24.39,BcG5EQIxDABASZbl/5d9rZIwQyPENEBON1cHu/y4uF7v5/dzAyAZIGAEZDBkxfmAMWUglwubWD2FGGspLNL6QJlrEmhfCyRuP5MRF9esFr12zTx8W74Y27dbbaq4M7UXE/LOThJL0X5OHvB7/QE=,174,26,87.00,120.0,671,120
6-3-8-13-652395990,100026,205,65,31.71,BcFLFYAwDATATbNtfghAAOceEYMJBOAIQdjg4YAZ7st6bu98vgvSVMk+DOp0Z2R6A6DIVprooyyG9vRwCoESS9zHDw==,195,5,97.50,54.0,145,54
3-2-2-20-337558979,500001,203,70,34.48,Dcq5DYAwDABAOwl2fuehoWUfGICJkZAYhhIa0l1xZp+v4/yW9X4BlTYTITETW+dDTIoxZ0MpURQbWZEVjzzlscwAOAm6VGk6iAPiJqXXxtRrL7A9Pw==,199,1,99.50,78.0,335,78
3-8-5-14-1951724587,100095,202,118,58.42,Fcy7EQIxDEVRSX6WrB+10AEd7Gy8DW5PRGS0AQ5udGYursfn+7rPfjux8CBMVRFbbqoaEYAhrZhE2CS0dt7R6ai1zYgxR5GnSHas1vb0CGsFaNZ/+jx+,178,22,89.00,90.0,722,90
9-1-4-15-1751489507,100059,201,129,64.18,DczBEcIwDATAO+kkSzY18GAmnzTD0EN6S1u0wQ8XsKvP4/097zxeT4CkudwIyCJEyxxe7Q7vHAPRIkTVtLkWGrTu4CyTbSlf8KjdIKqA3/UH,191,9,95.50,81.0,1146,81
8-2-4-17-713517671,100083,201,40,19.9,Dce5FcJADAVAHV+rXWkPuxhHtEDoyNXwHmVQEg0R4skG1/Y5vu/z+XsRCylABhZVLe5UpdkdU1AEp3chHqBkQHnesVyY1lV7GVlnuKwQWJN0aosja4zi9Nj/,70,130,35.00,90.0,470,90
3-2-5-12-79696142,100010,201,31,15.42,YzHjSbDsad6yKrSTgZGJmYWVjZ2Jg4OTi5Obi4Obk5MbRHBwc3CwMzEycLCwMrNxMwElmTjZmFlZOIA62BkUugA=,194,6,97.00,54.0,181,54
1-4-1-25-1778870948,100089,201,137,68.16,Dcq7FUIhDABQCCSEkPC3cBSPE9h4nMUl7Nz0DWDnu/WN78vj97nfrt/DOQ8hYiSMkJhzBic+MGNBYFAmtYRUM7Y+Wusyx1xz77pYzHyAogxUi7BiIhWrfO6qSABqXPog3MvORsCoRQDd8/UH,199,1,99.50,114.0,2209,114
7-7-4-17-1678925339,100069,200,22,11,BcFJEUJBDAXAvMk+a/4RP1ShAgMcOKAGXSiiWz7X/Xl98337EQBqjYUhLGreiMgjO0wDRCOA1nw27msLNFx1RHL2ftKNde7uhjlnh8QAmblk1Rk7VKOWV429T8YaPrcW0evxBw==,165,35,82.50,114.0,1321,114
9-7-2-14-2097621005,100066,200,71,35.5,FcwxFUJBDETRyWSSTXYXTTQ4oEYEHaqQgA1cUCGAT/HO7Z5up8vjdf18708YjXBRDLlF5vBIZBUy2q1GHgUPNNPXyob2ig0TMKu9ZzlpER2iUyJ7j/G/4vz+AQ==,154,46,77.00,93.0,2729,93
7-8-6-22-827353626,100064,200,12,6,DcnJAQIhDADABEIgLCScFmEt25L+bcE2tLx96HyHnrfPo73P7/0CRHTekw/AQBATOskB6EAXS3IsNfuqbO0I0VL2KNILBa6jl9bKhDTWHuhNemzMWjSExWOmWv+fiZIts5WPPdaKLqLKUGbcdWZ1cL5+,184,16,92.00,126.0,1684,126
5-1-2-16-168536014,100036,199,125,62.81,Fcs5FUJBEATAnqNnj5nd7wJRiCBAAREJSlBAjBxcAGm9V34+ntfH53173SFQEzdqkM2F9OhjQsIhmqViLSqWmq4+E8K/wX9HUbmXw1ruoBXH6NPoO6FehtPlCw==,198,2,99.00,90.0,841,90
6-3-3-16-630622677,100069,199,19,9.55,Dco3AQIwEADAr0m+w4gfbGCBATUYwgCKYLnp5HW5P65ve96+gMSEwEiijEs3I4PQMfEdqVJeSFUBQL2QycaYrf57+cTfsWTd2iezt4+XOoDtjC3Z0wJ4zpxGiDgqixbI5wc=,42,158,21.00,114.0,2977,114
4-1-1-22-513158046,100051,199,85,42.71,Fci3FQJBDAXAL7PSenudEFMQpUBCCxRDYTwmHH1c7/763O76BLGAVAMbiYrAmf5hZkJsCniIKYvGkoWkghnRuTWl0HsZgeqcXjNYbTmlnRBO23MRrT4G4+yifgJg3x8=,194,6,97.00,105.0,1777,105
9-9-4-14-591302325,100057,198,145,73.23,BcHJEYNADATAmVlJq72cCH46CH4kQihQxcPxODZ32/763Mf2u95fgBRRzEM1U/JirWuYhdKnUrPbGktltQnrAYRXMsAGDNZIpjtxPn8=,181,19,90.50,72.0,597,72
9-5-1-13-177382237,200015,198,43,21.72,DcmxDYBADANAx3HyCWtQICHRUlIzDsMwGouwAVx72qflvJ/r2FYY6fJI5qhEpNBh3qx2hhkNLv2tMeQVoCWId/4A,71,129,35.50,54.0,275,54
7-2-4-13-710500200,100010,198,78,39.39,BcGxDYAwDATA9/sTJw7zIDFESnoGoaNCYhJqBuRO63Jsz/W9+w2YGWl0SqXUMFC1Cmqt09FT1BiWGZ1DaFHowjx/,200,0,100.00,54.0,219,54
7-4-4-14-657043489,100084,198,27,13.64,FcypFUJBEAXRfr1OL0MEWBR5gScKssBzCIPA+JS8ovR2+rzP38f9+SKAjphImAUqKuYIY2GsjFWO6iHmySnrKtTeHek2XdR7A3FIaI0z2f8AgqdGLmMS7ZF0ulx/,28,172,14.00,102.0,3581,102
1-5-3-20-185388696,100084,198,43,21.72,Dci7FcIwDAVQO3qxZP1sp6ZhudAzBVvQcxiDwUh5L87j+7n9no/Xu9SyEepeGjEqZOuiJo3d986xZRhUky61oTqHNgtjdLdcsWzOkRkrEsIu5BA0QLwTuNMV3ogE5bz/AQ==,173,27,86.50,102.0,5188,102
7-5-3-21-1357835437,100076,198,67,33.84,DcS5AYMwDABASbbkR7b80bIC01ClTcW6DMAAmSJccf6zPft67uP6AiDSGxE6JA/oWISIJcSUFUCLq9ZIwIdeTHNsljsaDwPiXlnHnCOpnwttLdGSYg0sjRDO3x8=,131,69,65.50,90.0,455,90
1-8-6-10-1988580991,100040,197,91,46.19,YzHguOdi6v+6dHMsAyMTEzMLIyMjKxsLExMDK5DFyM4EZrMwsrIzs7GwMrGzMLMCmUzMzOzsDF2/AQ==,200,0,100.00,48.0,354,48
7-8-6-21-1036988333,100065,197,31,15.74,DcjJEQIhEADAgbkYjoEFDMWszMQyMR9WmYZlAD7dfjbdLu/v53l93H8QIgZCxkiigIkkBracWNS0VJBSKnMz1XiWh1hr7JDHkVlE6jHXdjU3Gr52p4X9THL2rRAm67Iw12otDQR4pT8=,141,59,70.50,108.0,767,108
6-6-7-16-1635367087,100076,197,72,36.55,Dcu5EcIwEADAO93/SPIMMS1QECkkdENtFOBa8Gy8/DzO++38PT4vwEEMhCyCSKjGPsAdwjXDIpiEqdy6zLs7dcZlUIquqKWStXta5QzIuH5tWZthNnzffw==,152,48,76.00,90.0,567,90
9-4-6-24-801725764,100061,197,25,12.69,BcG3EQIxEADAc/L6kxfVkZJRBiFNEDHzEb1AP+zK7fL83n/n6/EGJCYhFGMFnQ/RA3ubcoZwZC0liqvNNjwOw8J9JKMVZxmqi3SuTU1DVCcALGvARCx1F6XdiYpQ6sqIAp/rHw==,170,30,85.00,102.0,1252,102
1-4-6-24-2091870015,100051,197,55,27.92,Fcu7FcIwDEBRW9bftuSEUVKkYiBGgYYVWI49CO275+Hj9o7X57jjs1SorWEpWIGgMROhKKu5gncc0yQ8HUTMA1RkMV6YLiCWqgluoWHI1G2N2Pb/m7uMuWXEhKvQik7le/4A,85,115,42.50,105.0,1155,105
5-2-8-15-1070352844,200007,196,41,20.92,DcTBDYAgEATAPVhYOM5CbIDENuzHl4md+bEQ69B5DLfl2J/zXecNSxksVY1dJXUoE+5uhiExu3phgBVQG4g/j+pKwPUB,200,0,100.00,57.0,188,57
7-9-5-11-348355641,100075,196,115,58.67,Dcq5EQJBDARASfOsVsSFQ2FekQQOHpGQComQEOe10Twuz9/t8Xnd3xFZCAAJVLCUlp3kWlbvvXt6aaZPa7jd6u4Z+wyLWVbRVKAcJkBlXL9/,152,48,76.00,84.0,5978,84
8-9-8-13-689753204,100072,196,95,48.47,BcEBDYAwDATArv/r1naQTBFqkIAUBCABFUhADQl33Jb9up/jXKcUVYDVrBVAa2/NHEG4966IohaITE+huOswgowYOTKryff+,194,6,97.00,63.0,257,63
7-4-5-15-2055724455,100069,195,110,56.41,Dcu5DQIwEADBe+37ESKiH8qAFgiohrqoCGerkVY+l8fr+vX3/QcIiEgMcoqUWA6svReA+UFXEZJIYs4CCOuRmE1rz3Sh2kwGirUN0hihoNKy7W3qXBUamdXmqzrP5Ay35x8=,181,19,90.50,114.0,2597,114
7-4-2-17-973833480,100065,194,105,54.12,Dci5EUIxDAXAp8uHZMv+xdAVnTDUQh9kdEDMUAAhf2aj1evx+n6el/vtB4AYwkpsBFODotRG1j3kbGYWbWOe5bkKUXGonKyOPTtz9z0qVMOCikj4ykCtmbtJmelUIlezZga8H38=,200,0,100.00,108.0,2047,108
7-7-6-17-148717127,100096,194,47,24.23,BcG7AQIxCABQAuT4BAjX3AZ21g7iBJbu5jaOY+V7/Dqvx3X/3p5vGIhEgwFwjoNhEsghqMa+RIIpWWsO2MtXaxvGQFpZWXHY7unbpqrk6lEZ5Vq9clqEmHM7wef3Bw==,148,52,74.00,96.0,1120,96
1-4-1-25-1579573865,100093,193,42,21.76,Hci3DQJBEADAc+t3z30d3xPUQEfExEiEpFQFYsJpl+N9vm6Pz/2acqktF0g5ASDWho2YSwUSRcNfsYeSEZkoo5g4A2of0Xnq7NPGGu4a4XsvMoy9wkXgDzE9+Qs=,99,101,49.50,96.0,24064,96
4-7-2-20-1437290460,400012,192,21,10.94,Dcm5EQIxDABA2Zb1WuePgALogQQKYoZSGNqjnWPTxffl+bh+fq/bF1IuWBEqQWZJOalmVDVH4RYljIlFrFgIYRCwteM/Rj1iTDuCB63hrYu78NGDV5gTtT3F9p60slbwhpAVxv0E,27,173,13.50,108.0,1097,108
6-9-1-23-473773798,400012,192,60,31.25,BcHLEUIhDAXQXMiH8AKBt7IA9zagBTljKY6lubUdz+HX+bhf3r/n9UMotbAI1KjBhb2bHtoLWFoMnQIRK+lGlQ9M4tE4oatZWStDLcbeVWMTZ2cM4SNkuI9ZYmpDQ044YabS9/YH,185,15,92.50,108.0,1169,108
5-9-3-10-371519119,100002,191,93,48.69,Y1HntDrKMfF9W+RuBkYmRmYWVlY2ZnZmZg5GBg6QAAMbCyMzMzsHIysLG5DPzsDIUBEJAA==,200,0,100.00,39.0,69,39
7-9-8-17-92150078,100007,191,98,51.31,HcpLEYAwDAXANMlLSfpFDQq44wYH6MEIFtDCDHte3VfHc2zn/VJiIU7KwgrLC9wQpYpQyiHSWjfl5t3GEu48B+bfqnmvKMWBOSiuDw==,188,12,94.00,69.0,427,69
6-9-1-23-1679977523,400012,191,82,42.93,DcnBDUIxCABQoEBbWqD9JwdwDN3EBUwcxTiaV9fxJ+/2+HXcb5f373n9AFJhUcbaqIuZwFBsgoakRFMGO6r2KAUShaX22tsMWI6cO9xazp3AY7c67cyU5lYnrkUz1MFR5JQRCI/vHw==,172,28,86.00,108.0,1105,108
6-6-2-15-215457986,100067,191,58,30.37,DcIJFcJQDATAXLtJ/oGV+kECHqqkCEABQhCCBpg3cb+9n59HXd9TVE3c1EL8XwyhSmZWVypgY6qWgNZJC8NagcgcyL27dqe3CAGdw72yJtu4SJHj9QM=,120,80,60.00,90.0,1495,90
6-9-1-23-69852134,400012,191,47,24.61,DcbBEUIxCAVASCAPkkB+PFmAZWhBzliK49HWbMQCdE8rj9Pten5+7pcXcami1MBiDjNQFx1QViOZUTpcm1EuI1YVeEwW1nrMVfYRy+y/nSu2OBN3Fh+wIFmZNKFtIh2jIgP0ff8A,64,136,32.00,108.0,1113,108
4-4-3-16-696006096,100037,191,142,74.35,DcWxFYAgDAXAHyAkhACWDmPlLg7kexaO4FaW1m6g11xap2ven205DxBCDInAAUiUc/6LIqrgYtXhIt76GGrOo4s7cy2s1pqUrlUj3vsD,196,4,98.00,66.0,221,66
3-6-3-17-1606865638,100092,191,107,56.02,BcE5AcNAEAPAlXTv3uvCvYsACI/wCZ0gCQ7T8Uz4HPG+vv/r9zJQIYoplwqay9H6mGvHtunao5M9WbY1hVKQ2eKgCVCY7qxJvoAaZPY+Hw==,156,44,78.00,75.0,184,75
5-5-1-11-121226607,100040,188,86,45.74,YzHgvOdi6v+6dHMsAwMjIxMzIwsrKysDKxMbExs7KyMjOwcbEysDEwcLKwsrOxMzMyMrUBkHSCkDg8tHAA==,190,10,95.00,48.0,460,48
6-6-3-20-1283060953,100064,187,21,11.23,Dcy5AQIxDATAlSXZkp/zRxXUQktQCG1ANZRBTMBFk408Lq/7eN7e1x8ACoGFCEpRElKIQswxsZmSZy2oVBXNgrVgCs/JS2SXzEevJ01NLQZP2vo40lx1TV+U9ygyM8wbdhkwdcyjx7bnGZa5ylr4fv4=,196,4,98.00,126.0,2916,126
7-8-7-22-1061662949,100070,187,42,22.46,Dci7AQIhDADQQMKFX7gQwFoH0MJ5XMPBHOdKx7DzXvnofXl+r4/b6/4B5wEpeIAQAP3mCJiRfMSUqYQtVc+VpdUoMcfsynnMdddduqaM3Ux8Ogd71dZ2k9GThLnKIEljmmk31hjzzKK0Vild4Pj9AQ==,171,29,85.50,117.0,1120,117
6-7-7-18-1458412469,400013,187,34,18.18,DcuxAQIxCEBRSEgCHBBym9i6iQtY3Sg3jL1TuJHpXvE/Xefz83585X4Blkqtlz6IReVQ2+RRWzck6K5OGNOA3YRmLgTfPSxoA6BIL1rHtJUrXQ+cwTKCzdt2cuaqUmZtoRH7+eEf,87,113,43.50,108.0,3169,108
9-4-3-11-1925134486,100059,187,123,65.78,Fcy5DcJQFATA3X33pwBnDpCcuBBS5CrdFqUA8Ujj1+P9Oe88njtAwSCjSJl7CBmV6QoCUWZR+ntXTsWyFmq6lZjFIZE0rhn9pm7D9voC,198,2,99.00,81.0,1075,81
8-6-7-11-1005011284,200007,186,75,40.32,DcixEYAwDANAWXJiO0zCAtyxRvahYjYaBqFiCPjyfV+OeZ/Pul0wCnRrzq7IoLLEhgikW+XfUUqZMUdwGNx7wyBefQ==,199,1,99.50,57.0,192,57
6-9-9-11-465240601,200004,186,76,40.86,DcchFoBQCARA4MOy4NPiGeze0ewBLRaTt9Bp4/t0b/N6HtciajY8NJBEovo/nQrNYFDCYeyqNmgMGfI+Hw==,198,2,99.00,48.0,121,48
7-5-6-16-840219330,400014,186,27,14.52,Dcg7FQIwDADApM23SRocYAY1PCQgA1lIQQELdLnh6HG5f76v3/t5A8AxD8SCauQyTyyYI0RWBtRW4B5VuSg27WqTqI0+1+5GzZpdgU1AZ1iR2cOw3DRjRaSmDysbLgzj+gc=,148,52,74.00,108.0,3219,108
5-6-3-14-301935704,100041,185,61,32.97,DcuxFYAwCAXAD4F8khCncABbS60c0i199nr92bXcRc73WQ9ARKHFvFayGMkIWrPuPihaclbAjSF9dPMQpP4D9BmJzNGi5VRs+wc=,102,98,51.00,72.0,299,72
8-6-8-24-1718802885,100089,185,20,10.81,Dcm7FUIhDADQAOEXwuMXQEfx2Nm5jkvYuakD2Pnae/F1ef7e99v18wWlDYJ1XmEI0VFMSiESMORDIZcTa2yu66zJWLAYXHHlqKm3IUYEeJDOc8WwORI733tvk0Sk7cmrejUOvZdOnZlbOxf24w8=,37,163,18.50,114.0,1154,114
6-6-6-12-567545383,100026,185,79,42.7,BcFJEYAwEATAmeyVzfKlCgF588QNGhCAT2xQOKBbj2W75rs/3w02UQGNjjDv4uFgjmFZ4shKTTYSHJGirObSO9bzBw==,199,1,99.50,54.0,170,54
3-9-9-16-157196336,100013,185,84,45.41,FchLFYUwDAXA26RJmx9GWGKCLZ4QhAoksEfBs/AOs5y+L7/tWfU6TqARuIuSChHzmGAzj6/cjTMzyqMqKMyhXaY00xFWlKWVPqQhJ+73Dw==,176,24,88.00,72.0,234,72
8-4-4-18-1816471716,400017,184,65,35.33,Fcm7FYIhDEBh8iQBEsAZrJzLyt5ah3AbN3AGh/G3uud8l++n9+1xub7On1IAgRhIiAWQBLQKsuoxqjlxE+5AKo5/r1aKVhzuGBZJJkCUiN1VKkObuXaLZR04cm8aMdfOowljbKPhATzL8/sD,194,6,97.00,117.0,848,117
2-4-5-19-463872563,100021,184,51,27.72,DcbNDYAgDAbQFspHofyZmDiKJ+/uYOJaDGncQd/pybns2/0+67yI2TF7IabwH1GTh2YDrFhW+GSVOURK1Qm0GUpvvfTRxoBahriqFAPN4wM=,199,1,99.50,72.0,258,72
3-8-8-13-1517527670,100010,184,65,35.33,FcixDYAwDATAj2P/JzHzIDEIPbtQIbEELTUzMBfiyvN52pZzf+71AIpVcwuSEACyNbOuOjR6MEmp0JvJs+j/DOF6Pw==,200,0,100.00,54.0,201,54
8-4-3-17-155385745,100096,184,46,25,DcipAcMwDABA/bZk+QnJBmHBGSQwqLCjFnei9uDJa9uv/fwe9xuQWBiVFJkAiExKRddolCrKDe2/oNJxUCjVNHNGnsDukbVIokcwrgagKtnnZF+jFxu2MuD5/AA=,152,48,76.00,96.0,1145,96
9-2-7-17-1832420703,100034,183,65,35.52,DYrBEYAgDARzSUBIANviYxe2Yh124Msa7MGfpZiZfdzerM71u95zHvdGYBEWkKYcM7EsmUu1GnhjycqAIaz1NhyVFKlENbr1eMvwEAg9+w8=,146,54,73.00,72.0,210,72
7-7-6-17-1211326465,200024,183,92,50.27,DcLJDYAgEADAPYCFheVoyZdvCzDx48NKrMDC7MdEMuPWce/vty3XA4A0sfMzgAcMQMJCDikmjZqxULGaRVpRsdS5hd4iq2WzykGraLcE5/ED,113,87,56.50,72.0,160,72
9-5-2-8-1856345642,100009,183,101,55.19,Dcc5AYAwEATAfe7BQBokYIIGC1RIQCAyYolMN3Fs33zm2O8XBEXYEgVEFmmqEqgWVtydEQau8wc=,198,2,99.00,42.0,158,42
9-9-1-22-528157758,400014,183,120,65.57,Dc3LFQJBCAVRoB/QMP2bnNyYiscQDMOVMRmKEbjRDuBW4X7ePt/n7/24EIuUQkyAqHkNzXJkU4b14T5tZNQc3QC3ttaCeMvMglQNJnHT7TgEqr0ybT2pCEuwuVuQ0M5PHPtyff0B,120,80,60.00,108.0,3807,108
6-6-2-14-1355402123,100047,183,100,54.64,DcU5EYBAEATA2Wf2XjLiE4AANEAhA0f4wBcyuOqg/Vj277m39xoQxWROlUgmYcEIEc9zITwnUBWOUugWteUelugdRi21VaiyN5zrDw==,180,20,90.00,72.0,1272,72
7-9-3-21-712612004,100051,183,42,22.95,DcxJAQIxDADAnJum6aYXCrDAG0FIgQ8WkMqOgJHX7Zuf3+Mpb0BiERZCBmEgBGDVw9SKuB1Ya4l2pmg/T5MMR4eMMVeS9717Ed3NMpHJ1KmMcLM2l6qXNa8hxhVpVLjzHw==,121,79,60.50,105.0,1306,105
7-1-4-19-640373684,100066,183,43,23.5,Fcg7AQJBDAXAl/9usrnDCxZwQI0IOlQhASGIoEIARzHN6O10ebyun+/9CWKhP4YKg4yYHCKO41RjzEQtG9FVkdZFNjFWTu6QjG337Fxmir3hKiXK3tvxHIXz+wc=,160,40,80.00,93.0,2299,93
7-1-3-19-146487943,100086,182,69,37.91,DcK7DUIxDABA/xPH8bORmIAWajZjGaagQUzEHnA6eZy+5+v98rx9AJH4n0mEmZWQ1EAM2cwUUZCAcbCBik1fsXOGABybWNUHBZenVncoe80DiKijZKBZrkT1TkfI1S37qCgQgvfrBw==,60,140,30.00,117.0,2334,117
2-2-5-10-172898463,100072,182,44,24.18,DcVBDYBADATAba+33fIgQRFqkHBSEIAEPnwQgC0umWRiX47r/sa5bjBv4ehm7JGEDCiaqQLyrmSomJXZvM2YQbk4VSrwvD8=,166,34,83.00,63.0,600,63
5-8-9-9-1715776701,200004,182,113,62.09,DcehAYBADAPANJ82RYBhBjwLotAMiGEJFoBzp316tnm9zntBgEMpjkDZ1SUDmXamBIvtYv9nVXDgPT4=,190,10,95.00,48.0,171,48
5-2-2-19-54177295,100086,182,98,53.85,DcxJAQIxDADA3G16pS0o4AtvFKAFB5jBCIrwsStgRj6X//X+vH0fP0BAYmEVUzLFJJSzuWdOqTjUVqj1nKqPRkW8p9Rj1OxZDGEushGjg4yIzTo6IhGg4vkpz75MJPYOZVuTFYjhZAbv1wE=,196,4,98.00,117.0,3072,117
7-3-2-20-1444882422,100069,182,42,23.08,FclJFQIxEAXA/r2ls00mCRccIAQbWOCAGkSgBkU86lr6utwf852f1y8BxBAmqJKRgF2hMFdJ4WAVNjUPMfJMahzBJVVvPVJn7/0Y1ExOmxmuXUDonNdZZ4m29r8K9lHXbEP2aIfT7fMD,96,104,48.00,114.0,1169,114
6-7-6-16-1303413814,100031,182,129,70.88,BcG5DYAwDABAx0/sPI7TIzEJy9GgrMJATEJFxx0f892u597XgoRELFmNSi21td5RXGwYCuVAUEqJHQeFaPEs2nrFAFYd8J0/,192,8,96.00,60.0,117,60
9-1-6-21-325506603,100051,182,30,16.48,Dce7FcIwDABA/S3Jkp1dqCnSZBdGgYYVGJU0997J6/iuz+/xlDcgsQCLEt7aXWMd4pFOczJgxfAqUC936JgGQhbRjdyRzeBeaSUARoydOUBXbkGSvVVwLVciZDivPw==,148,52,74.00,105.0,1503,105
9-3-1-10-1868672128,200012,181,93,51.38,DcpJFYAwEATR7p4tAhCACu5YwgcKIgYTOImBzLHeL7/G8c/nPdcHSiJBEz0ASwHZpaxq8gIpGhXpYAZ7MYx7Aw==,199,1,99.50,54.0,343,54
4-5-7-14-2029210002,100048,181,97,53.59,DcPBEYAgDATAI1xICOD4tgprsCUrsgWL8OnDimR2lsfyrHe8+3UiSaayiMLcq0U2Z6bb1FpnGyZCLeajz5oAkYTo0BpWvCq27wc=,160,40,80.00,66.0,653,66
8-6-6-18-1387314678,100064,181,57,31.49,BcHLEQIwCAXAByE/EgJYhrXYkhbizRp0xuY8uCuPy/sez9vn+gOIAC5CXKVB0LtUKoMaY2ovhdoaS4T3ZuwmOuxQVaVa1wDMBLaanUK0yDvNGnNHciiOa/dc4jnOPLYtw9NGt+M7SkabE9/XHw==,125,75,62.50,126.0,1973,126
1-6-2-25-212976354,100061,181,74,40.88,BcG5FQIxDAXA70OWZFvrk/6IyCiDkCaIeA/KWfphJt4uz/P++7webzgfgo8hggjJeQKlyKKZSiFxiYgzoSYrCj0st25p0Dx0IQsjWym9k0oDK4YBZe28Z+UpdbU0jDfJgev3Dw==,191,9,95.50,102.0,839,102
8-6-2-17-116754267,100069,181,42,23.2,BcHJDUIxDAXAZ8dLbGf7R/qhDSpAQoJqqIuKmJHPdX9c33jdfiAQE5oQM2sTZgO5ShcJckslb5ZBQEeWeYyuSekJojkFviabeWFF9pbVY2PxID9bQtpR6yVnsOVGeTVTPN9/,198,2,99.00,114.0,2605,114
9-7-5-21-670167299,100089,181,30,16.57,Dcy5FUJBCABA+MCy7MGeBpbiswKbMbAJM9s0sgAznQKGH6fb93m9nF8fQDiImIQxqCpwtGSJJUcTKalU95LcY2k9l9jzmNPXrNYV0mwT6IgrpuKLiXCKwf/AKqjEHGiPbXmPfCgHJcgNgeF9/wE=,78,122,39.00,114.0,1122,114
7-4-1-20-1565417338,100085,181,75,41.44,Dce5EYQwEAXRuTRftzAoPCxCIQViwSCrzWZDwURO12u7lu3/rse9P0QsomJBiJXnBXHD7FRQFY3mlnJhgMhZNHmprTvlHsVgQM8Ro7bhbQSUmhj0Oz8=,179,21,89.50,84.0,649,84
6-5-3-15-636456253,100066,180,50,27.78,BcE7AQJBDAXA5OWf7N6ZwgE1IuhOFRKwQ0eFAGb0cd6u9/37e76IwSCIqgjBHJElWloOsCGiHcMpa5nvI49NodUz5V5Ux4TmauMidEKKiDhtpjfagj7XHw==,134,66,67.00,93.0,2144,93
8-5-5-12-1892425166,100026,180,67,37.22,DcirFYBADATAvewmuQ8FIBEYDJK2KIA+aYNHBzBydEzzuT77/V4oRkqEHGGRrI3qw52Mv2opSFoblb3Lh0uJJizbBw==,200,0,100.00,54.0,145,54
8-1-7-10-1508241850,200012,180,85,47.22,BcFLAUBQEAXQO3M/TwABRLASTA8J3lIQJTRRwDk6lvWd57V9D4BqUk5XmHYPE3BCqRriyLDigpGCyh3j3n8=,200,0,100.00,54.0,228,54
3-6-1-11-2115409328,200003,180,71,39.44,Y9HiNDo2L70p+KILAyMTMwMDCysbOwsDMzM7kGRhZgGKMLBzsLEyMbKzM7MwcDAysbJxMPQvAQA=,194,6,97.00,42.0,79,42
1-7-8-25-1163567267,100063,180,99,55,BcE7FgIxCADAEAgQCPl5EM9hZbntvudt7LyZlZWH2Rl63f6/x/M4P+8EOWNKQIQFgQVJJUNFqMTmDUK1YCED72js3ntEjBYyK6GJQmP1yWy6UMRph4qqjDH3EltEsNP3fgE=,195,5,97.50,99.0,886,99
1-5-3-19-1880068733,100066,179,53,29.61,Dcw7FYQwFEXRm/C+efkgCgfUiKBDDgqQMJKmQgDpzjrFpmPdrt/+f88HKWMhZhJFTnmmiCUVL4tacHiEuLvVKKVV86BQzO0syt6rQRspBtloXZiAKUUfE4Tivj8=,196,4,98.00,93.0,3231,93
8-7-6-17-1675134141,100070,179,24,13.41,DcyxAQIxCAXQHyAJEJJwpZ0OoIXzuIY7uI4juYnXvuLJ+3j+ro/b6/5FATEILLVBpHVWq6W7N2etIgNig2M2X9FkVJDaLlmjYUawdVpDqcxtpfPyhZiB8L546zDKtc9tzH3qTpFMcCo+lz8=,71,129,35.50,117.0,1315,117
5-3-4-10-1995086428,100090,179,74,41.34,FcpBEYMADATAS3JJLvx5VUQtYAF5zGCij3qogfoBvjvLffm+/69z3Q6YedCS5Q14p8TpClJNRt1oken2PANEN3hUdjua3jXK0pBDjTT4/C4=,123,77,61.50,81.0,1140,81
7-3-2-10-1261121532,100088,178,114,64.04,FYq5EYAwEMR29x77KIMiqIFCKMG9kdITAYQYRRqNfF/iua/1HBsmpCDBjB5KN+iPnt5aSEkwAr2z5gKxMtKsqrHckTG9C+/xAQ==,167,33,83.50,72.0,1519,72
9-9-2-15-1660444083,200010,178,25,14.04,BcG7FYAwDANAKVY+tlmIgjKT8hiGigVoGIMK7rQu89326/lOkEAx1dY1PFKRqVa7j56BVCELoJDBYwhRm2hI4rh/,148,52,74.00,57.0,226,57
2-8-3-12-1183909071,100074,178,148,83.15,DcixFYBACARRuIU9wH6swfIs41IbMLAaazCSaN4f27fnWt/x3qfogDknreNgWNIxiWpVpmiYD5YRvR0jSBUBfw==,195,5,97.50,54.0,177,54
4-4-5-19-2039077956,100064,178,22,12.36,DcrRtQIgCABQEBAVBbQtmqPTVyvVIK1R472P1/2+/Lp8nvl+fK9/gAWJUahWZazcoPQhyFy12yCaTSd2W62ILQ/oK3conWUTxk6vut15AqfvJp67EVqcgFhnW0jh2VJHkTlGz16LhZ11+FcMEe63fw==,111,89,55.50,126.0,2139,126
7-2-8-12-942803060,200015,177,42,23.73,DcOxDYBADANA5+M4CYsgIdFSUjMOYzAAo7ELLZx03Kb5uJ9zXxcY8B8ORsiSlhEwqdgVNKK6B9ubUpMjPCG81wc=,194,6,97.00,54.0,186,54
1-5-8-17-1453996401,400015,177,106,59.89,DcS7EQIxEATR/czOSisJ9xLDwrlELhIyICFMAiAGDNSvqvG4PX+f1/u4X6KmjkBQUjPZsmvZ8IFoLOOYprSdlLtXrE3SRLRl0Xt0X1zExCQQvsC9Iijn9w8=,109,91,54.50,90.0,888,90
4-1-3-17-1194242684,100087,177,101,57.06,Dcy7FYRACABAfsoCC5j4rOuauOiKsJCrw8ZsQNMJRr7b/jmv3339AYlRCFgAl5WFlIcNt3WJOU0ZRDPRI1+IidWqzFpRwp42xMobMhwJCMWMCL2rgTq7mMBM3hnO4wE=,194,6,97.00,102.0,1930,102
1-7-5-17-178083823,100063,176,98,55.68,Dcu7EQIxDAVA2X76W6INWiEivPRm6IaM5ogohst38br9vo/ncX7eNOYCM+aSMUiVJpvZEnFTDbHc5czN5EKUzQaPcMkCm0Bg16lL7UiuaO/etalDUbo1SQC65x8=,199,1,99.50,99.0,1505,99
6-4-3-14-1096656920,100087,176,84,47.73,Dck7FQJRDAXAm39eXkK3wjBBBR4Qgo5tEYUB9kw5+rgd9/f5/J0fEEOgEFIxZ1aGhkoKlnIRsZrIwu7LnlAqIXZKWjnTg+65OtngYWCvsrVTAzW5V1RQmzte3z8=,132,68,66.00,102.0,1428,102
9-6-3-14-40058069,100023,176,95,53.98,BcHBEYAgDATAOzgICdiOpVCED/8WZCO24IxjN7qrdZnfeV/P/gIgiZRVqgxsCfLobDnckDoHVYahV6k25uGFARzbDw==,140,60,70.00,54.0,112,54
7-2-4-22-1396529648,400017,176,95,53.98,BcE7FQIxEADA/eafS3YTHFChi4qeGhM8zODgrGCCGXlevo/X7f6+noDEhCjKCgIqCozKSIBBhCKQCGtMmAsJ1Ra514NbijAGa8lCs2PNBY5jzj6a+XTtHeJYOLaPGdLqTrbdgi3eUaebwef3Bw==,107,93,53.50,117.0,987,117
5-1-4-23-1575089545,100086,176,66,37.5,Dc25EQIxDABAfZZlW/4vJCKFmM5ohkaogULo425m85X38T8er/vn+QUEYhFihICBRWO0FHPx2iw1Ki2ZqfulmKr3kV0tDx0WALSz2JhG6NNVwugCgYgZe0WQtXcA7HsNlLomXEtHZiL43U4=,117,83,58.50,117.0,2526,117
6-2-2-18-2046939010,100043,176,77,43.75,BcG5FcJQDATA3ZX078OVuQFK4tkJDdAWVRCSMuPn8Xrc7+P7+wCUOSMkmDGQXJko9KpWWh8xWyzCoTC6GAsYPjqzVtpl7mrbeg2lHBPP6w8=,113,87,56.50,78.0,384,78
5-3-1-15-2028795947,100005,176,57,32.39,FcqhFYAwDEXR/5M0aVqGweNgHKZhDTSCrfAoinjinvNsnfZ7e59rPkEhKWojKa4aVbN1gRndaJ70WrsTQwlCIKVFRsl/UyGW4wM=,11,189,5.50,66.0,212,66
8-9-1-15-1037430212,100020,176,66,37.5,FcrJDYAwEANAm/UeCV0heqEpmuCDRBmkIsJzpNG27scY9+UvQC4mjyASZmJlKqOY+lmt1wzmpWhdAQNSpJbWfa7p5/wA,138,62,69.00,66.0,240,66
3-6-4-14-489884330,100037,175,23,13.14,Dcq5EYAwDATA00m2JT/EFENEL9RCzAwBJdANZdAGbLy2Tvd8vNtynRCqkSlLUXhU8/AIZ2tBdstRhf8Y0iWpmlcgF0tl9AF1aQSe/QM=,154,46,77.00,66.0,228,66
8-6-9-15-1533237151,100046,175,50,28.57,DcixFYAwCAVASPgkQBJbV7GysNT3HMvWKdzHjfTKk2U69vOa1/slTlmgQKnmHBEpcctdGzBQhFFtWA72kM7tL3SvSkG0PR8=,116,84,58.00,57.0,108,57
1-5-2-25-1589955501,100063,174,37,21.26,Dcu5EQIxDABAP5JsSX7kh5x2iAhJmaEbMtqigIsohst34XX5Hbf74/l5Ox+iA+djREBK2QcmCQJMWmojab0Y55EYiJWFEdtcBXcVJQY4DyQUHTOb1N3N1lymfQ/jU5AAovte/w==,56,144,28.00,99.0,1286,99
3-2-1-23-89058661,100069,174,11,6.32,BcFJEQIxEADAOZNM7pMq1PAAG1jggRp0rSK65Xt7vcfPPvcLkJhBlAkEnPdB1QKF6Cn5XDBnF4E5VUHXEqmWnpA7EMMoc6GV1gtbsbnFjxRriggkS+PJ4tdphpTn2dmw7kEQGeH5+AM=,11,189,5.50,114.0,1763,114
8-6-3-15-461056514,100020,174,64,36.78,Dcu7EYAwDARRSb6z5B/9kDL04vpI6ANXhNOdt7iOe671PvxETROYxdTogVI1tdYkuo3qXTQMweyDdYvSUbCThKYM7olDzvkD,114,86,57.00,66.0,133,66
8-1-6-18-953974207,100066,174,49,28.16,DYq5FcJQDARXl/V1mKrcATFFOHNVhIQ0QR9EFICSeTP7Vh+343rfv7/zCQJDSKC2ibL5cBFtIJtQQYCyvKTUR7nnvAqeWp7CsI4w79WelL3PGruwBsYTr88f,182,18,91.00,93.0,1596,93
3-9-7-9-1846401633,100035,173,101,58.38,BcFBEYBADAPAJk1zZfCDDFQxw+M0nBU+qMANuzq2e73r2b8ZIJEQq0hRBQ+bsEe1XURb7M5oAW4NVGSc1w8=,193,7,96.50,54.0,167,54
5-4-2-21-619119587,100070,173,48,27.75,Dc27EUIhEEDR/cECC4+vuRaggfXYg5G5Lb2S7ERm7pz0yufy/F0ft9f9BEAiBhLnmTWIYnRJ0HIou5icBWc5HznmklSiCw5StRJj670MStMMQm3qhcZaY65ycBffKiRiRQYhPFgmouAeoW7g+/4D,167,33,83.50,117.0,5981,117
7-6-4-17-984377715,100081,173,31,17.92,DcW7DYAwDAXA58R2vk5Cxza0NGzCFIgVmYIdENEVx/uyfs91bDdhckTwBJ5ByIlXoRCTSMoatdRqIRVtudfigumQDOsjejVrHQ2D2XC+Pw==,92,108,46.00,72.0,991,72
8-8-7-20-290035180,100052,173,19,10.98,DcjJEQIwCABASIAkJJADZ6zInvzYgD34tgFrsg7d59L9Qn59PT7vL2DKxCglUS0ClbFl7TRUcyLzWWRtOOnI2YRDZ46w2t0L7BhgqenpzLjmMitUvY+5oO7D3DCLtr17nP9FLmk07zZ9SW0Bz9sP,47,153,23.50,120.0,1748,120
1-8-4-19-819893836,100075,172,44,25.58,DcexEQIxDARAnWSfJdkyfTGEzDfxCRmVUBUhDfGbbXvezt/9+Lweb4Gatt46B+HGa705RDl0gCpBmEpecwIwiSmL5XSU7Rp7zszIqFwrd1V4SH3/,152,48,76.00,84.0,4069,84
7-7-3-10-1127675215,100006,172,154,89.53,Y9Hi3LD/S/bfaTevMTAwMjIyMQMRAxMzCwMjCwMrEysbOwMTEyMTKwsHOysbKxsTBxM7BytD7R4A,200,0,100.00,42.0,120,42
7-9-2-21-1076614166,100065,172,53,30.81,DcvLDUJBCABAYFkev/1gYin2YhF2YmzMm20YC/Cocx++nV6f9/PyuH8BgZCwEQF3IAY5uqgheiQzYcaBpmNawtojXEqbNGDqscslZa6pZVgS7sZGXiaUGiv/cWz1TC9PAwE4X38=,151,49,75.50,108.0,1771,108
2-9-2-13-1622278016,200012,172,32,18.6,BcExAYAwDEXB1+anScvKyICKCsMHChDDhAOcYIA7zWV9r+Pcv5tSMZDjrhaeGTXSKaX1TmX0yERpMZpgBC4Zz/YD,196,4,98.00,54.0,223,54
9-8-6-17-33085220,400011,171,68,39.77,BcG7FQIwCABAIHwDJHECd7J0KfdwFBs7ayfxecf3y5Xfv9fjcwNEGsDMomxupIE01SAr2UeN7jGqKWSJaHgYaAC6eO6TG8/ZE2y29qDsWlK1gtPJEL7PPw==,178,22,89.00,90.0,408,90
9-8-6-14-1912327178,100028,171,66,38.6,Fce3AYAwDARAvYIlJ3ovAtMxETUsQcsAbEK47nSetvHs17rcBAKLmiWPyMU91yT2t7VS6cO9Qy1QHNlVWmdUOs4X,152,48,76.00,54.0,134,54
1-7-5-20-147783053,100096,171,66,38.6,DcG5EYMwEABAne5/JDmiA2eEDIVQASEtuE1XZO/S/drObf++r6dB7w2RGhNDZxYCFARkEEU2j3Qv9ojKNFd0FQDTzGEAXFiSyUY1keYaGjnmMgkt+lsZ7XP8AA==,161,39,80.50,96.0,1864,96
9-2-8-21-643265999,400013,170,113,66.47,DYm7FQIxDMDs+JPEcewLm9BedWuwABUlYzAMPcuRp0oSv27n93n/9c8DAMuGkAWYAEhJsRAhAigLVyWhVrSUVoVJhQVbNzMYdfgMH5Aegcdu05b1zOmRsd2XH7Fnrt4t3AOu9x8=,200,0,100.00,108.0,5339,108
9-8-6-17-1573346965,400011,170,17,10,DcG7FcIwDABAS9bfluVMwE6UWSrjsAMNXcbhwR2dx4M+3/d1PxtgJxY1VOam1l05AHnMZJJJYrS8jCLBcdVm9Y0mIOFQqX+FBrFmVJBkjp6bR3Hzdr9+,32,168,16.00,90.0,519,90
4-3-2-17-268987223,100069,170,68,40,Dcu7AQIxCABQIHwC5CBXuo9ruICFhdM4k6UTec3rHr/P++P8+Ov2A0RCGsSCA1hpABCoTRVyE8FwGsIzEdZRFzNdYk7iETobl2aGIVvWQlG9tij6odFLrOqwLt+1Pbs7Nq+B8Pz+AQ==,188,12,94.00,114.0,1672,114
7-7-4-22-1998027746,100070,169,39,23.08,DcLLEQIhDADQkAUSQgh/z1qAHqzHNizMkpyxEHfe8+/L83t93F73Dzg8/CkARDjQIXgKGJCdi8eJUoggWUUlUcHA7MmqlCzNuCvXMSNnSa2kWm2uLWnTDC2t6ohMh3jm3rfSMDYvuio5iL8/,177,23,88.50,117.0,1610,117
5-3-3-17-391166635,100016,169,84,49.7,Dco5AYAwEATATfbyf4cCFCCBBglYoEAFclGAAdJNMXIs23c+6/3uMLCE0JHehZiyL7UU33LtwykIa6KORuk5B6SaOidUYNuIhjNArx8=,84,116,42.00,66.0,196,66
7-4-5-23-1570404173,100052,169,50,29.59,Fcy5AcIwDABAvbaT2FKkfKvSMAo1CzADozAH0F11crvErsf99fwAEjEAMMpfSqU2RJkmBJ1n4NoKw9LHglpqWVh664Opzq2gmK81WHPLDKTVdj9UWlg66GEZ0SbybT9tp3Hmufn6C8P8KAJv/QI=,194,6,97.00,120.0,738,120
7-7-4-21-149966720,100069,168,13,7.74,Dcm5AQIgDADABAJ5IPwWzmJr4xCuYOE0zuVEeu3R+3J/zo++rl9ADJFSzBiAmFFCxigsmpLIP60ESJE1U1VPyVurkYvHUgp3yWxlTAnUVmeAfQIiSfapNU/bPvox0aWr2vFhm2sleNx+,181,19,90.50,114.0,1222,114
7-4-3-22-1446636499,100094,168,82,48.81,DYe7FQIxDMDs2PmenX+or7iWqViCKWipmIsBWISo0JP4cft8z/f1vCugITJkNswIhFuwny0i7TUEgOx8iNalQ1Q0QybQnVFKta2PONPhFTkvX1NobszSR5m9NtGwlsDr9wc=,165,35,82.50,99.0,606,99
7-1-9-24-235228532,100094,168,103,61.31,FcrJDQIxEAXR7vb63YttIuDAFYkUiIUkyIQTcZEOM5eSnlT5dfn+rp/b++5ELHwmSZbClWrLnWvKEJbeiNMgJlUD1ANl+rF49Tm9Ye2wHYgDoxdW14BOmO21LFwdajro+fgD,196,4,98.00,99.0,738,99
9-7-2-20-423034032,100050,168,49,29.17,DcE7AYRADAXAbPI2yf4XCZigxQEdBd6uPykowQfM4FjObb0v238UWAAQRzUSUw+gmMBsKTuRafEqaC18uqCWodlFe5nWGSwRw2cbap5mrvT8Xw==,92,108,46.00,78.0,454,78
8-9-4-7-765567919,100040,167,116,69.46,YzFgv+di6v+6dHMsAyMDIxMDAyMzEwsjIwsLM4jJzABkM7EysLKxMDGwsrIwM4FYbEBZRlaGZ3sA,200,0,100.00,48.0,455,48
9-7-4-12-955830062,100037,167,82,49.1,BcFJEYBADATA2Ukm2QMB6OC9L7wgiCoeSMAZyKDb9+VZz/eY94VCc1B0I8IlGRhhGcysmQI9WvXWB8x6haDSOYYH0bJI2L4f,183,17,91.50,66.0,305,66
6-2-1-13-977171032,100079,167,109,65.27,DcxLFYAwDATAzTbZph8DaMIPKrgjiSMGsIAH+t6cx/d5fdtzHmXCYAuLMyDRjVVCJGgFrlajdXigDXOz0WWZdI0CChnMEGtfR+K9fw==,198,2,99.00,75.0,728,75
8-8-6-13-1590526602,100030,167,83,49.7,DcapAYAwEATAyz25bDZIHIJCUJREATiaogFaQsKo8X26j+Wc322Vomaq7hZRsynQa6cHmaCkomS3vx5Ba4EhDQVVk+7g4DC5ng8=,138,62,69.00,66.0,203,66
7-3-2-20-776314475,100069,167,25,14.97,DcxHEUJBEADRybM5/gt+sIEFDhjABrpwgBP22PWqWl7X/TE/8Xn7AiKxqDEoMIKeIDRzUwsRDYSJDT0hQcrHXSJ7KIo1htqolt6LGOY2plANCGJN58i6MAj1UM92r+1pEdc9fQi8f38=,55,145,27.50,114.0,2172,114
3-4-3-22-515906206,100061,166,17,10.24,Dc3LEUIhDABAIJBAQnjhZ4nePFuBR5vw5IztaB+WoNvAxvPp/r58Xo/b03kXICbwSJQLSw0qAYnZiWLjw1NtlVhFyTuyLjymJmvWE9ranXxWKUAOEablMqDtsXtcqx39iH1ag/9x/f4A,20,180,10.00,102.0,534,102
5-2-2-20-1284458559,100063,166,27,16.27,DcupEQJBEADA+Wf/l6ROncRSRTY4SIZMUAQD7Vvul+/nOK+35wOQGEmAQdTIg2FMorkwVG/RsnstHSsoMJEmxdJD6CNNIGQW4X8Hkbbc8toLx9xzoO9malGEmABe7x8=,163,37,81.50,99.0,1193,99
6-6-6-12-2056582045,100047,166,26,15.66,DchJDYAwEADAvU80IAABxQIJMpCCA3zgCxn0NcnIsYzvubb3XAERiJlE0VxNGN2EIDKqYW61hxmrdqQ5UkxZIKtcUCftxNAJ+/0D,50,150,25.00,72.0,1101,72
6-2-2-17-1374495271,100071,166,51,30.72,DclLFYAwDATAbTdJ/y1ieGhAA45wAhpQgRxu9Doj+3K/29G+c4XzFKVpiCA0WS6mVG+VBnqdJqEZVAssJxd7H6OPGlI2V1jBNlcirucH,49,151,24.50,72.0,428,72
9-5-8-11-1334803215,200007,166,16,9.64,BcFJEYAwEATAyWQ2e6AEA1RhIy4QwQttfPjiAR10a1/O+Vzfut1oZJdo0HCNFsGeWU5mRijdQRESwrulGyuqaQDH+wM=,185,15,92.50,57.0,249,57
9-3-7-23-106692282,100036,165,13,7.88,BcE5EQJBFAXA96+5Z+fEHDJQQERCFT5QQEy6TnBBt14v79vz971/HiACMUNEzfkQU87F1KoeIEiJnp21PjJN66ZrxhRCJYB2Qj3WPljGaqZTqI1u5oR1g30hnK8/,4,196,2.00,90.0,503,90
8-2-4-17-755221830,100079,165,50,30.3,Dco5AYBADATAzSa5/6HFEA0S8IEKemShBA9Qz9i+3O/6XKc2CJWgASKuogExicCz/FC0NvY2CMBdplJbUbOQog9y9uz5PzXFPmbAdnw=,74,126,37.00,75.0,362,75
9-1-4-15-91128640,100059,164,82,50,DcrBEQIxDANASVbi2KEGHszwoRmGDq67K4F2KIV77Wf9ub1/r3M+H3cQgsIWCXKMy5jTI2XTM8UMXwWrunqvnQC6C7WcIVCxw1UQld3E9/gD,177,23,88.50,81.0,897,81
7-8-2-13-8747839,100048,164,117,71.34,BcFBAYAwDAPAtE26reOBFDRgCUVYQABPnvjABXfcl2e96t3OAwa4I+BGKRVgIKx5F0cM0YKWTKpSiV7WBrxl95pziiK++wc=,200,0,100.00,66.0,694,66
8-8-1-11-664115519,200012,164,73,44.51,DcpBEYAwEAPA5JLelT8zfFGBMHxUAWIwgQueGKD7Xh/L+lzn2L8bRBCUHXZDihbLESA7JPVs7hWaB6FCmvNt7w8=,200,0,100.00,54.0,193,54
7-4-3-22-1068759478,100094,164,54,32.93,Dca3AcJADABAhY/6oI+uXdAyFUvQMgUVc7GEh4CrzjyOz/d83573AkgMTMBsgMgyoGXE/8gasOQQGC35ECXlUouKGgRA0Ray733MvjRsV4UZi9Soae62xpjN7eRjXqJwvX4=,121,79,60.50,99.0,609,99
3-9-5-16-2133195893,200013,164,115,70.12,Dcm5EYAwDARA6azH8kdAO8xQBa1QAhEJxdEJBeB0V/bl8WPdzvslZiQB1Dwr2MDIUVSitt5HraEygvKcZBZwGtpaQQ/XMo2u7wc=,197,3,98.50,63.0,161,63
9-2-9-18-1508420911,100065,163,63,38.65,HcxJEQIxEADAua9MEszgChc8dzHGDxsUAnhSRQtouV1en/fz+ji+gMTIKGoeSQRcMLRlrqzY3hYSKhpSKztbhkcE8Aby0aXTaJWE4ATd/L9M0wklK9kytZ1YDYAJEe7nDw==,113,87,56.50,108.0,1413,108
7-3-3-9-76431962,100056,163,110,67.48,YzHjnP2gzZg1SaaQgZGRgYkRRDIyM4MYQMwE5LEwMbEwsbKwsjIxsLAxM7Gxs7NzsIEgAyMbCwuDlw0A,175,25,87.50,54.0,449,54
7-1-2-21-789868361,100055,163,58,35.58,Dcy5EcMwDATAO4AECL7uw4V4PEpVixtzCapImUIp22jT/vqd/8+F7QsQpKg8ECFSzmpezMBwSk3hgtZHg014ZSDooZo0T1+yRussc9jqUqoyjM/0Pm4=,153,47,76.50,84.0,703,84
8-9-2-14-436026511,100033,163,137,84.05,DckxAYAwDATAT/pp0gRJCEANKxKwgQpssDHigw1uPc7Tsa3nez8LBKrSaJ30Hh4mrQHSOTKVoUUXK9LkTwy4husomiX26wM=,198,2,99.00,60.0,247,60
4-8-4-7-768866004,100009,162,104,64.2,Y9Fi334++ryoVGg2AyMQMDAwMTOyMDAzMTIxM7EwsDCzsrEysLKysLCxAQVY2djYgEIMv+8CAA==,200,0,100.00,42.0,90,42
7-9-3-22-31901402,100061,162,47,29.01,DcO5EQIxDABASZZlS37kh0JoiJSMMghpgogZ2uH64WZn+X55/R7H9/38ANIJAxEQcoiSCBJgyJrYSjaOVhtBwBCJQy+OY3ifa8/OvHYT8VlUSQRF1YW17VENfJlVFfZzVrje/g==,185,15,92.50,102.0,1107,102
6-7-2-12-1928379652,200004,162,86,53.09,DcSxEYBACATA4+EOcEYTazC3R2MLNLGEr0E32DiX91j3+3o2GIZ5OImgONIz7Y8mQSWjR2W3fDRQhjk/,199,1,99.50,48.0,133,48
9-3-3-14-1603970478,100078,162,90,55.56,Fcq7EYAwDATR00m2/KUTYpogYcipgpQaqJE6SDDJBjvPtul8r2Of7xUiVI6YKYgQPVkuVUvLSM27e0uouZoM8NPgvXtAERlHjCoCxEgSVKXiWT4=,187,13,93.50,81.0,1783,81
3-2-5-12-525501464,100010,162,17,10.49,BcG5DYBADARA+/ytbepBIr8WyMkohAiJSogpkBldl2N7ru/db+Ihah6ORFV2dqO7GiiAHZEkOswry22oUAac6Zw/,188,12,94.00,54.0,160,54
9-1-4-14-29481038,100014,162,138,85.19,Dce5EYAwDATAO32WREYDnqEAQrqgN0qhPiI8G61d21HnM/f5gsQipAjVVMShYQPMlXJYjsFotTYFKuEdhe/+AQ==,200,0,100.00,54.0,202,54
4-8-7-21-1204283377,100078,161,95,59.01,Dce5FYQwDAVAy5fk48sH28Z2ssk+cqogpQZqpA4SiOaN/3/2+9jW7/kzRJacD9GwWPsuEacskYuECiIomtOcg+fS4RQD6In6jMwiXsuQWWfVtmAZeDHb9QA=,127,73,63.50,81.0,741,81
4-6-5-13-1033787661,100033,161,82,50.93,DcgxAYAwDATA5Jum/TQ4QkAnpLBiBxVIYcQHG9x4ti7nsV/v/UxRFDVDdW/oIIMNbXT/a3gJd4oKtASZyhhB7cwEosrGDw==,159,41,79.50,60.0,228,60
7-9-6-16-877269147,200053,161,57,35.4,DcU7FYAwDADAJM2nTfrhIQQdmEMFEz7YWbGACuCW43V65vu4zncDBEKixKJgmYsDRs1oTUiVzIN7j85VEZBJhrca8VcyqCYp7m0EJ4Fl/wA=,41,159,20.50,72.0,198,72
7-7-2-17-1433539484,100090,161,81,50.31,DYjLDYAwDMVe0tcm/XLixBCswAqMh8QaDMAQ7EMlS7bMc3n2b7vX44KoICg4QwEBAgmVmMwnbjHRRM2cc6pLECo9m5faSPPearYy1ccoNQ+84Qc=,193,7,96.50,81.0,830,81
5-6-6-12-257766811,200004,161,41,25.47,DcexAYAwCARAIE8Cj9o4g70zuIEzWTugjbPodYd9erd5va9nEbUGN3QdkRCjsXFk9zKiE8b8XyyXgDLkOD8=,139,61,69.50,48.0,105,48
5-4-7-17-2102757810,100036,161,42,26.09,DYm7FYMwDACFJCzL+tisxxi0NFQ0TJIJUqfKLNkivubuveN9ex3P73O9b1iQiBHWIiJVpSGJuanKgmuJnMU9sjE3c6/sHl7mgmEUbmN0qNOehGxpqdAnFAnwPf8=,168,32,84.00,90.0,703,90
9-1-9-14-2107134580,100067,161,67,41.61,DctJEYBADATA3MnsohAJWKBQAh9MIAQhaCD/bluX53q3Or+DWJSEjZU8TLKg4RjTM6CYI0eWe7CQTQNQFe6NjJSIlft7dJH2JQhDqjDa073/,192,8,96.00,90.0,2231,90
1-3-3-22-163529255,100066,160,42,26.25,DcO5FQIxDAVA29+SfEjysS1tTEJMQgdkVEUJlEREATDvTb4d5/N9/XwfrxBDTMiUKHGIwlIyQLm21rh0ta7q1SrMxNXcTZT+HUP78LnU4MK0rGznMUGESbq2YxOH++UH,184,16,92.00,93.0,2439,93
7-4-1-20-525178087,100085,160,37,23.13,Dca7EcJADAVA6T1J979z4HHmyG1QBrUQUBXlUAohDnZm7bkd399+vc63KIQwF1HeFASDcHUYCaRcrLbSNYKuQh3WmqVuPpNKIIrXHGvMWVePO1lCPo8/,39,161,19.50,84.0,789,84
5-5-3-8-1973891590,200015,160,93,58.13,DcqxEYBADANB2bIlOmFghpSQ+BshpxhKoyA+umCvzmUd7/dcx47IzGA1ulu0pWKxgeZsQZwuZ9iRrrlTwHb/,186,14,93.00,54.0,324,54
3-7-5-17-1567342210,100097,160,76,47.5,BcFBFQIxDAXA/KRpmzRpuxK4I2cNrARueMMAMhDAQwMz5Tx+z+/98b4+BLAUldq6Aabi5gOqHlBPQhiMg9iFTSJLZgSD+uDZ6qK9V21zje6kmXuWCAm6vf4=,166,34,83.00,84.0,354,84
4-4-2-23-737124654,100086,160,53,33.13,DcS7AQIhDADQBMKRhPDnsLfV2s1cwwFcxIncQ1/x6Hn5rtvj+r5/AB14QucxBATCw0X2IZC4KEyoUYVTMjNWTSLJOJeq1kwEtA/2c62TuJxr639VQReO1jNjnWUkCmXv4n0as6Lk3g4AB6/1Aw==,162,38,81.00,117.0,1516,117
7-2-4-22-1882600802,400017,159,76,47.8,JcY5AQIxEADAffPnkk0WB1TooqKnxgRucIAKPGCAgqlG7qfX7XG5Ps9vACRGIlEQZSBWwoCB5X9GFqWYJBdWiKiQSpbaWu2Haj/CmB3jMQFzGTUF63PgMJI+xNb27W0O972W2QwQpph7h8/3Bw==,200,0,100.00,117.0,1224,117
9-7-5-23-617190316,100089,159,25,15.72,DcrLEUIhDADAhIRP+D4g4FiKWoHt2IQ3O/XseNM9Lz9O9+/zdjm/3oBoiK3zjgIBBxAfo6Rcasop+tiST5K8tKOPqdpqH32uNdRhm9lBUI29SI8ayPwTMzAHi0RAzdS9DtnbQyFHzmJAAPhcfw==,65,135,32.50,114.0,916,114
9-8-2-18-1625092098,400014,159,69,43.4,DchHEQJBEADAyXEDXkACaq5OAjKQhRQU8AH62XJejvfn+X097oDExCCoRqauEuFsapilqiEdAWk6rLKsdHZ0ZyQArL2JEG3u6oXM9P+FgG5DmESY3WcJkjMNCQCB2/UH,193,7,96.50,108.0,3440,108
6-5-1-10-771923386,100008,159,110,69.18,DcJBEYBADAPApE3a84ADHPDBF3o4CzjiiwdudrWPbZ73dzwXSEbK1TKJpiu8tBClJAU6oQBe/Q==,200,0,100.00,42.0,112,42
5-8-1-13-552849808,100028,158,122,77.22,DclBEYAwDATA9C65NDjACDjAVRXxxgkCUAL0tzPr23Ku33WP/bEGgM6QIkSlsicVU52JNKAK85vUGI4iutl7/A==,200,0,100.00,54.0,314,54
8-6-4-16-1830450581,100066,158,62,39.24,FcU7FQIxEADA/X+ySRZROKBGxHUnBg20dEiiQgCPaUbul+v5vn2+xxOQgJkEVeyfcySkZjippTPEUGPLCh2MRByU01fmHGt3FRaxZFd7Uez2bdbSAAunCjxePw==,77,123,38.50,93.0,1487,93
8-6-6-18-378922214,100064,158,21,13.29,Dci5AQIwCABAIIQ8PAHHcBYbB9JBXEPHs9Dyjp+X9yNft8/1C0hADYGZCFsX6UyAIIzj3w3+mHMRbFmi2G2D+xhrSsiWAIzo3ewYwzkzTvpODarms7z1cWrusDVKeY8U81x5qlaARqrCnX4=,34,166,17.00,126.0,1859,126
4-2-2-15-1148850076,100071,158,78,49.37,FcbJEYQwDATA0ci25EMmGYoYSAEyIhS+ZLLh7I+iX5325f5tZ/yvFRBQRKFCle9kysVM3avnVqVl9OExoZWUWcJbpAmyKIZZT97NBp7jBQ==,187,13,93.50,72.0,360,72
5-6-7-8-1344783020,100040,158,85,53.8,DcqxAUBQFAPAvCTvxzgaG+hNYAyVsUyjsYAluPo8T8+6bO9x7SgUKbOHlWrLQJOj0iPsSAyiP5WNxnl/,199,1,99.50,48.0,374,48
3-6-5-16-2073585314,100004,157,71,45.22,BcG5EYAwDATAsy2d/MhyQxRBwlAOPTLEBFTCrmzr+fb7euNAyiiihFVa68PpMzrZjKU200lWJgAxUsjMWSEF6MPMIecP,94,106,47.00,60.0,147,60
6-8-2-11-59890880,100008,157,65,41.4,Y9Hikl5it/it5dZKBkYmJmYWFlYgZmNiZ+dgYuZk4QBymFmYONnYOBg4mRkYWRnZWVmYGPZ7AQA=,193,7,96.50,42.0,83,42
9-9-1-22-508281748,400014,157,37,23.57,Dcs5EQJBEADA+Z+d/TCCilNzhQRkIAspKCCByzppedzOz/f1ez8PQGIhEFIDV4tsLlndR8w1w1hrolut0qV9R1fj2tvxCjGB0cxnXEwxLyUA4DaQRCgzzD2FBAhHNGC4tz8=,108,92,54.00,108.0,3303,108
8-2-4-17-410462093,100079,157,90,57.32,FcjLDYQwDAVA28+x83ESrkh0RBn0QBXcKYtKtoeF00ij+3L/1uc6EcRMAtWXZOyai1QlbsRO4R0iQ8oAdftGZyrAzCYWFdxSG+4a1WzmTtvxBw==,148,52,74.00,75.0,300,75
1-9-5-18-1251888619,100090,157,56,35.67,Dco7FYAwDADANP+kLVsnZmYsYAF5vIcNpOAEAXS74fhcnv1d73FcAKUgEbCoiop5JFdEcssMDxZUUjdUmcHmnCqC5kZCztQisidWrpzRem/wbT8=,98,102,49.00,81.0,724,81
9-2-4-16-1673995856,100096,157,84,53.5,FYu7EQIxDAX1eZIt2TLZdUB28RVCBYS0QmmkVISZzXZ28bwd13F+748XsbCCDKwsYmSu7mi9t8gxJzDHqOgNrit0GUxEK0iWg3f+Z6+VwuGVLJVRLJlbEkjp8/4B,193,7,96.50,96.0,2358,96
3-7-2-21-1785043159,400013,156,72,46.15,BcHLAQIhDAXAFwiBQMJ3G/FqJzbgyVKswRq825wz/Lru3+ftp+8HiEJkSiwZRWsTMxP3ogBKIFjUVrMIONemMQlCUSe2Qsmd3HoZLtAubCQzYfJY+/REPnixbfZ50sY6MMjnDw==,165,35,82.50,108.0,3391,108
3-7-5-10-414933285,200004,156,69,44.23,DcaxDYBADANAx0n8CRJIiBno2RFaBqRhFrjq4pjefd7u81lgBDwSERDHKPFvCxhgypxRUrWaclPiWj8=,200,0,100.00,48.0,164,48
5-2-2-20-1397716877,100061,156,59,37.82,Fcy5EQIxDABAvbb8WzY1klEGISENEDFDO1AAnRxkG62cT7f35fN6XJ+AxMAoRKwSQrQEmJOoQS5WW48aR9AGJRPRNJfhQ+bodSQda08WL+YoQPaffvC1V2feiK7M0ioQwvd+AA==,188,12,94.00,102.0,994,102
7-6-4-16-205998570,100063,156,35,22.44,Fca7DQIxDABQ/+04scNUSFSU157ENnQsR8UOrIB41ZPH5fO+3Y/z9QQkYlElZAYwJwoDUoSQGCEYFsI5l1b7MtMg93bfg9UXAyVaNtaeq2vMKfGP50rx2lGdNOF7/QE=,133,67,66.50,99.0,889,99
4-3-1-20-1338004040,100064,156,56,35.9,Dcs5FQIwEADRvTebO8EFWlCAFxBCiwSQR0Ha+W/kefk85uv2vf4AiYXVlAXVSEWADE0UwVOIeQ7CSNmVS0rVuKZoePJB72OilZIdQPMqQnU3Z/RSA1rb47wEMuZkUOp9qTFF7FUa1NocGe7vPw==,156,44,78.00,126.0,3122,126
7-6-4-20-739145779,100064,156,19,12.18,DcnLAQIhDAXAFz6BAAmB9WwBVmEBtqSF2IaW52Gd66TX5fP09+N7+4GAQBQT5RhAXBI4IYdYq7SeaWireTTjZFOFZyruHY1bmZmX71GGSQFsHv88tEuk3XXE5msdNi3UikWxBgrwzoXXUlcZuwsy7tcT,184,16,92.00,126.0,2459,126
8-5-8-23-239296840,400014,156,79,50.64,Fci5FQIxDABRX1ppbUte+aIWcgoh5lECZVAWpVABCZhs5of76fb+PL+vx8VY54z3zhgbwPl/2g3J7m55tAnWZ2aRfQtc+FCqqqVgFiFqC3sZpJSOOnT0Iwsiy4QJtUcuKlESNJitIIq5nn8=,176,24,88.00,108.0,2155,108
3-2-5-12-1375131248,100010,156,14,8.97,YzHjSbDsad6yKrSTgZGJmYWVjZ2Jg5ODg5OTg5OLmxtIcXNzcHFyszMxMnADZZm5mbi5OJk4mdlYWbiBOtgZekQB,192,8,96.00,54.0,181,54
1-1-1-19-1415303194,100069,156,30,19.23,DcqxAQIxCABACBBCSD6Qr9zHNVzBwmlsHcQlnMiv7/h13h/5tuftB4gFgAoWBpGKStyoVlPm7kQsXQBaHQ1tajlWeErfblpHzonL9tB1lD5cjrJdjGlo3T5jzh6xfa0Ymbl65KXXgO/nDw==,183,17,91.50,114.0,1436,114
7-7-3-10-594211306,200015,155,72,46.45,DcixEYBACERRYI8FzK3BGWdMLzS2HO3F0ixIfvb+mMt2vd99HrtoZ2KQ4U4jhIQxVKMXRiutkBSvsEooqCrP+gM=,200,0,100.00,54.0,361,54
6-1-1-20-1929588574,100060,155,105,67.74,Dcq5EQJBDATA0Yy0q33PJQ88sMiBKkiCzDAIkbO7/Xl8L7fP/fp6wEAZzAMs1YXMSJqUrXmpkDt7aPQs05aa7Mx1zrEGbe8dFLkSEQacBnrH7/0H,176,24,88.00,84.0,518,84
6-4-3-14-1774337437,100087,154,85,55.19,FcxLEQJBDAXAl/9kknBbYZigiipEoAAF6FhjGAAufWy9XY7r83x8zjeIABZiKMyZVYRCsEyTZDMV795TGeTZ5Ko1io2ASXe4RTcPBW3MlAmLY61chR9J/i9sCvfXFw==,183,17,91.50,102.0,1984,102
9-9-1-22-1634022310,400014,154,69,44.81,DcxLFQIxDEDR/NO0zaTjCTUcJCADDehAAFJQwAa6e3fz5HZeP9/H732/ACIQM6GouTelCO46ZHoeoxJilfVVI7Y900Ul5FidQ6SMEVTUPSajVaUQkYXOPQWm1lxpFzJoGBM8X38=,159,41,79.50,108.0,5014,108
4-9-8-14-352551195,100085,154,70,45.45,Dcu5EYQwEABBrbT/g0XhYZESsWAQAImQ1IVyJqoaswfPZfv91+Pa7wZ9ACB1FuHOgxTFFNW9iQZBppXOAH2wI4NnpVZyGbW5MGmIWGTEdBTOgu19Pg==,193,7,96.50,84.0,577,84
3-1-4-23-2047066704,400011,154,59,38.31,Dcm7GUIhDAZQCMkPAW7Cw96dLF3K0lWcwcbOcfy87Tl8v1z583s/vrcQKbEgF6VKrUs7AoKIHqakFhNrcSvgZBGk6hBpvZ/tQM4GNXKyMdfaPmvd2GvYHCeG1/MP,195,5,97.50,90.0,843,90
7-5-4-20-861934286,100070,154,20,12.99,DcnBFQIhDADRJARYAgFCLEAL0IP12IZdebEPm9hO5DbvD78vz/P6uL3uX0AgJAiAxBGZCSHtDDmGSJHhKHtJldqado5UMocxjceaPn2Aq7FWF4fcl441zLyZio5KmMtRUpBWW7faJGbakBPC7/MH,72,128,36.00,117.0,1492,117
8-4-5-18-1821474120,100061,154,23,14.94,Fci7FcIwDABAyfpYliPbYsh0GYOSBSipeI+CZWAfwpXH++X2Ob6vx/UJCIWYkaAIoVaujNZUDIDEtcNWuAfiNrSUMzX+JTSZWyyMmn0ucjUZ1pM8B67J3pIi2B2TeprA+/4D,155,45,77.50,102.0,599,102
9-4-6-24-570649052,100061,154,24,15.58,Dcu5EcIwEABA3aNfOv2iQzLKcEgTRMxQiBuAfnC+y/fb8/v4fV7HWwESMgIrDWys8zaQjSlm8C5LqY1b97HoNi6p5hpKJO9ipG4oZZsruS7EAxQHTcQ4e6kL00pmMpKYgAjqPP4=,43,157,21.50,102.0,728,102
5-8-4-10-539072926,200003,153,72,47.06,Y9HiMjo2L70p+KILAyMTMwsLCxMrMxsDOzMTkMnBwszKzsnJycDIxsHEysLMwszExMHOyMawRRkA,200,0,100.00,42.0,71,42
5-4-2-14-786207099,100096,153,46,30.07,Dcw5FYNAFEDRv68zlDigSx0hKKBEGEKiIYqY8+p35dr27/75H+cNSADIKEBKJqzmq8gMrdRQb1O3DBjcM4uFDayipYcqAyIQrbmT1McsxFnlRtFLpYXC73kB,61,139,30.50,96.0,2338,96
9-5-8-18-2001039580,100071,153,79,51.63,FcRRFYAgDAXQwdtgAwbYwQgeM5jBRkYxjnH883g/Lh/L/eynv9dGIYJJUlYrVWAwa5y9h66jm+n0P0PgSgkNRYbqSFkaqBAhisusiLTaBw==,130,70,65.00,72.0,277,72
9-4-6-14-1555745927,100037,153,89,58.17,Dco7FYBADATAvUv2ktyHGjFUeEEDOniPAgkowBI2YOrRdbrn492W60TKogRRxEyFpBhEPdxqhEuildr6GN1zDR/4a8olenPCohHYnw8=,169,31,84.50,66.0,243,66
5-3-3-19-1574921496,100064,153,1,0.65,DcrLFQIhDADAfAkBNgHswlpsyIPW4bMNLc+DO+eR5+XzmO/b9/oDJCRmEQRRKVYJvSkUZrbuQt4bK3Bhqm00P4ZHmjGZCMjsfdSYR/U2VoxWVp+ECLoILTM2UNl7rT0Qjlg7K2LdkaldisI5X/c/,146,54,73.00,126.0,2097,126
7-8-4-13-2117751981,100041,152,62,40.79,DcixFYAwCAXAD3wIIXELF9HK1nHcxS199nrl8Vhuk/191g2AiEAFpnSjIyDGlqmte0Ej/mSOrj5zVJVkdIUVM2jlM9g4B87rAw==,164,36,82.00,72.0,306,72
7-7-5-18-1502766844,100069,152,21,13.82,DcxLAQJBCABQGD4zwOwC3uxjDSt4MI21tIQ19AV4/Lzc7v2yx/UDCDiIhyAA6SRFIV42HcBCUHXCwLGUh+4DMKae7qmwV5pPjLIKw7G9gmmewiwqa8ep3X3kqvLSXLs7rfN/EHzfPw==,192,8,96.00,114.0,1307,114
4-4-2-15-833339782,100065,152,65,42.76,DcpJEQJBEATAvquPmUUNrnBCoAUf/LBBIIAnG/lNu13e38/r+rj/iE9Cah5IFnZIajUsRxHt2RaEtVNE62iCpjPShPqYbcG95wBRWDKBmFGj7LZqRLKWudgUmONMz/0H,200,0,100.00,108.0,2112,108
2-8-9-13-331743312,200012,152,20,13.16,YzHjFrkyu6hX4fN+BkYmZmYGBgYWVmY2NnZmVlYWDiZWdk5WRkYGTk5mJmYWoCwHKwsLKwMXFzsLAxsXK4jP8O8PAA==,157,43,78.50,54.0,509,54
3-3-9-12-2004310466,100038,152,66,43.42,DcdJAYAwDATATbpJcyAEBWipSQTwRgcmUADzGx7bvftzrTghOmiOGUlUg0AV2egu/KVWpEsPm9NGiWdQifV+,129,71,64.50,54.0,504,54
5-7-4-21-1667164427,100052,152,58,38.16,Dcm9GQIxCABQEiAkkCO/fi7oEDaOYm1j6UzOcde+R88b+f39+n3+ECISJ5KcSlTIATWqCRsLI6NaFcR6uGWVqoKCfB1lVQiUa3Mq1kdtU+pc2zeXOHtrCeDYw1JMffleW3Bb86GXtMMpA3wfJw==,170,30,85.00,120.0,2018,120
7-6-6-18-1042382000,100043,152,43,28.29,DcO5EYQwDABAfX4l2zKF0QA9kTDk1EEnVEFIerczK+tybPvl7/cAIgIC/BOxSOCYcqlFBc2sNA3dRoq5cmaiSJVcuzrgHAMNWL0ZN4UZZk8I9/kD,44,156,22.00,78.0,554,78
1-7-9-19-2044409914,100058,152,113,74.34,Dcq5FcIwEAVA6a/2+KuDhDoogwr83JwrcEYdlEAnZPbE07bH8fyfr/3zKxUVUtBETYuHMSsDYgJ25AjxKbOJu4fEGqlYHffDFLMW7J5jBZXpSqaGs3zfFw==,158,42,79.00,84.0,1679,84
1-3-7-17-796798647,100097,152,115,75.66,DcZLGUBQEAbQf+a+56WIMBYKaMBORDEE8MnAWZ28Tu/5zMe13SBOuVQqrYD7AA0W5AyFibmItab/eJCCemJYCKCiatXD/kV11bCAhwunTo5l/wA=,200,0,100.00,84.0,650,84
7-6-9-19-2057833480,100061,152,11,7.24,Hce7DUIxDABA52Mn8SeJzRCswTR0jEHJElRIrAP7PIR0zdXr6fG5fd/P+wsS/OVUakZqfaSEv6WWWYZambha2wR7+8rEAWuxWoSrMbHkhrUSAYKWFuZdWUJ8mZh4HwvD51S4nA8=,144,56,72.00,102.0,731,102
8-1-3-19-1314097629,100067,151,34,22.52,FclJAQJBDATAztGZZC4c4AE7SFgPqwR0IAQhaAC+VX6/vJ7vIx+fE6LmTghdVAEzkXDTBgE1LaOk8y+pNAwZnVPcF1nDUpO/qUDUnNhefVXztvYO3K5f,132,68,66.00,90.0,1000,90
7-4-3-24-1249807334,100065,151,39,25.83,Dcu3DcJAFADQny7ZlyOLUCAxEpsgFnPHGogBKHH/njwu7+/nuL6eP0BiJhQEVhqJNCEa64C33SMFiZSylNp80r6PCbCYQ5QsnGZphpRrY24hatRwSj6fXRn7qE6BqaUnWHZPlDNouN3/,151,49,75.50,108.0,975,108
9-5-9-21-1446814598,100097,150,42,28,DctLFcMgEAVQYB4MMBm+kREJkVEDlZBdzHVfGRGQUw3N3V+81t95b8f3fRnrLMEjMCJxAmeCLKJaNMtSpEoT6aCY4MhEhmrqQ0Ptzfs255gBOqRkrc+y7AyT2T9/,54,146,27.00,84.0,301,84
5-9-9-13-456612232,100078,150,46,30.67,DYq5EYAwDAQlWbZeSqETJww5VZBSA01QDD2RoOh2do+35fyuY1/vCUiNGfoQ0UIzD83IFplk7hGebmVEGFWxgtWnhlCQGwzpDEYZZMBdB8Dz/g==,117,83,58.50,81.0,1293,81
2-2-5-6-691732904,100001,150,108,72,Y5Fg9ph+Z/HFllyDhkZGRiYGJgYGKAmkQQIgxMjkcBQA,200,0,100.00,22.0,49,24
1-4-9-19-1869160420,100043,149,21,14.09,BcG5EcMwDARAgs8dSDxSZWpAPSlx7BmX4HZchUOl2u3H9jqvz/6/f0VqrU16HwJC56J1Gw6LSGW60HI2cw8lNZxWpjllGKCrEBmaibYQMCnv7wM=,63,137,31.50,78.0,505,78
9-7-4-15-79725629,100055,149,103,69.13,Dcu7EYMwEAXAd/+TThJ0xTCkrsV1uBdX5swhbL762t6/7/HHdYIITCyq5mDXyNQQy6YIJfQaxjVqZmsiWUSRzHAq604ca0mAZs31dB/WGSzYPzc=,189,11,94.50,84.0,634,84
8-4-6-14-1768750084,200053,149,55,36.91,FcfBDYAwCAVQ+IDQlnowDuVyDuIaxrtXV3AKTS8vebrN7/Ic9/XtxGCIQm1iIbcoWht7SseQrDQgIoyLT96TiQzRYCMkyVEhnJXO9Qc=,163,37,81.50,72.0,297,72
6-2-3-19-1066894508,100086,149,12,8.05,Dcm5EQIxDABA/Zb82xATkEJMZ/RADTRCRfRxl+3Myvvyvz5e9+/zB0gsKoakasAseFqYjUHIziFOpkgAwIYeKResLfWRla10suoeqtG9EpQCpBN7mn3lskeJtslrdYgWY1dZfaaEC26fAw==,84,116,42.00,117.0,1595,117
8-8-8-13-405243612,100031,149,106,71.14,Y7Hh/SzddnWlXEcHAyMTMzMLKxs7IzsTOwsDOzMHCxMnJxdQCEhwc3HxMDIwMXNwA0V52DnZuZi4eICyXNxcQC1sDF3uAA==,197,3,98.50,60.0,167,60
1-4-5-20-1530796322,100067,148,50,33.78,DctbEYMwFAXAJOcm95lHFdUBApBQD1XS6kAIQtAAvzuztL+O//mR3/VNOeUCJMqlNhY1Ka4MCjOV6Dp8DvMAsbGG21w2dUQlFwJ6JXkUtpqHR1vPcVN0ZqTtfQM=,106,94,53.00,90.0,1628,90
2-7-3-14-1625290512,200015,148,33,22.3,DcWxDYAwDATAT/xvOwl7ICHRUlKzCh0DMAajMRBcc9ym+Xjea18XoFQYKXeG0l1QIFsDew7CsvfKodLSUWKo/hvu8wM=,141,59,70.50,54.0,174,54
5-3-1-23-1763919151,100064,148,26,17.57,BcHJEQFAEADAuXf2Pn2EoEomUiIQaRCeh255XT7P8X58bz9AYgFStsBIKGYaVBgYQDyaJY/CYiCaS62t1ZZrcVRUKNBHj7nMnEKquRT3NJIQB0UyTGM2QvW15q4a2ll7Z2Nq5/TAZIIEcL/+AQ==,118,82,59.00,126.0,1873,126
4-1-1-21-2041977084,100066,148,84,56.76,FYw7AUJBDAQ32ST3v3c4QAwOqBFBhwe8IAFJVAjgqGamGbudLo/39fO9vyCiJEHdBGAeIthpDglLORdEdtbC1PpIw2qo1zKjdbY5uuq0/8SPQ43byFhrHS4QnJ8/,195,5,97.50,93.0,2492,93
3-3-4-19-964105991,100092,148,36,24.32,BcFZAYAgEAVAluVxLCyXBfiwjX1MYA//7WAO6zjjjg3fOt9174YsO3gOiKAkuWgVEWMUKqVlUZ/6YAXnORkguAYl68akUPtIkan16mOwxVzPDw==,73,127,36.50,75.0,180,75
7-8-1-22-1970939053,100055,148,46,31.08,DcHLEcMwCAXABwKBhH6uyuPx1bW4KR9TTOrILcdkV67t/rz2L84DRARGEs0EsIkXVI8AshKlJn1knq6RRCTMFlVW1z93XmYlxqBWdHZC6zGtLsb7+QE=,150,50,75.00,84.0,600,84
7-7-3-21-1396200242,100065,148,65,43.92,BcG5EQIxDABAPZZkS/b5owxSuqIThsbIKIAGGAq4kN10v7x/39ft+TgBAZE4EYGomAEj56JMnl0gTDO41pYPIG2RPYSFLIF7H7Mtxp1nV8TwwFICzPseEfNYVdMqtQiOYxe1cIXr5w8=,199,1,99.50,108.0,1505,108
1-5-4-21-975859349,100084,148,88,59.46,Dcy7DQIxDADQJLbjv5PrmQ9EyxRsQY8Yg7kQ1z89vB6f9+X7uD1frbcxRu8NkCYDkKh5uAoxa7pboadODM0sX0sjUwtYorbL2ubTapdFiMBkVCJFOitmAgSCEzC03/0P,193,7,96.50,102.0,5410,102
8-8-7-20-823022965,100052,147,33,22.45,FcvJEQIxDABByZYPWbJ8iKrNabMgCz6EwpsEiIk4WL7TNfS4kR2v5+f9BcAQKeVMJWGoFYAxNqGs3UYp80oL4tghqktK3juVPRdWXs05MgbTlimb2kXCc2LwKm3ohjEiS8uWkop32+V/zrV9tQHn/Qc=,87,113,43.50,120.0,593,120
7-8-4-20-2083527077,100085,147,27,18.37,Fci7FYAgDADABEiA8P88OytncBNnsXBSR7FUrzxzzOV+5nauF+BPaUOsrANjvUCIjgyw1sAoEiRxzEhFITr2vnohaRB7tYMGc+1fBuLcykit9JRh7C8=,111,89,55.50,84.0,361,84
6-1-3-20-883700673,100051,147,19,12.93,Dcc7AQIwDAXAl0/TJk1/WGFGBiJwwQoLFpAKt50+Lp/5/l5v+gKxEIiESRRaQAZVqkUK/yPMTc1DpXWjglSMoeDoZJJzOhZ5FJNVByfVmbuxh59tHCcDp/teklA87z8=,153,47,76.50,105.0,1350,105
9-5-8-11-310268654,200007,147,49,33.33,Dcc7EYBQDATA5HJ5+aAEA8xgAz9UaKOhwgEdOmC75Trt23W883KKwmiAjwgNqv7JJGGZRXipIkKArB4kfXS2mYQ89wc=,198,2,99.00,57.0,221,57
7-7-8-17-682423575,100096,147,35,23.81,BcG5AcIwDABAPY5kfZbTZAM6ahZgAyagZF52YA/uxvu8Htf9e3t9AImReRxIg4RAVXlONYLpJjEgq1azTK/OXFaBpBG91lY7lswKNjy8rdb28J3ZDTN9I8jeAs/fHw==,97,103,48.50,96.0,1008,96
9-9-2-20-1392030163,100055,147,104,70.75,DczJEQIxDATAkXbGlm9vVNQWX2IhJBIgMn48oQNoPs7n53374n7B4H44RRlSDpVKBtXCgy3U+7BU51RkjrXgLQGwg6tmR8xd5KbSdxg0NuO/4XX9AA==,165,35,82.50,84.0,667,84
9-3-7-13-1493932431,100034,146,30,20.55,BcGxAYMwDARA/1uy/ZKyFw1jpcwMbEDFKDR0jJI72z7v+Rzb99obyA6aj7ngJsMcdIUyqov0SUOaoiqVNQrOtghF9MrIJcEavN2/Pw==,91,109,45.50,72.0,276,72
6-3-1-16-600718189,200024,146,45,30.82,BcE5EYBAEATAmf1u70EMFi4iIkAAAlCCAoThhyq6bVvu8/2OeT0ASVFzU0RJlxps2QXuZC8cRgIBGFO6ywiGmKpGbZ5lZCWspWLdfw==,45,155,22.50,72.0,176,72
5-6-6-12-815024404,100080,146,6,4.11,BcFJEYAwEATA2SN78kcRqdjBAioQgxJsYIBuPbbrfr/nXAvEECUeqmIeWSlpFeFisE7tlOrocmcdRWAeXUZhIZ3uygQC5v4D,124,76,62.00,69.0,411,69
7-3-1-24-1291322522,100070,146,41,28.08,DctHAUIxEAXAty2b+tMQAALggB5sIAxJKAAJMPfR5+n+Pt8uj+sLxAIQWIVBYsrExkAgj+bqFo2NUojZsoqaC2JCIaqlxZr4KP+SehuRZlpHPmR2TbxaZ9HNNQz4CDl7yLKnrKDYwOf7Aw==,158,42,79.00,117.0,1799,117
5-2-2-22-2002765788,100052,146,49,33.56,Dco3AQIwEADA7+k9AassSGHGAEYQATrg5pPbRer1cX89v4AIRCwqpkrGTE4BfYgMKRexGj0CxmTiWh8p1TSL88JqSP8/iVHKWtPP5Pc+eSnNtkgEVxsVzOd+zg7KYczVhQ0BDJTh/fkB,117,83,58.50,120.0,694,120
6-5-5-15-846494545,100013,146,90,61.64,BcE3AYBAEATAvb/8UQglJmjxhAKUoAYbWGBGjvXt72bPeYEKWNQI4pGsFhUlG0lQUB8ZcFbl0TX7gJFJNClZMWFzKjtboknF7T8=,149,51,74.50,72.0,252,72
8-8-4-21-1732239479,100095,145,26,17.93,Dcq5AcIwDABAvZZt+TdjsAMrULNgdkqVLh0zwNUnn8d1v453PRMgMQoIsgYjjUmMshuWqhpC6wpshGaeRC15BpI8ms5R6+y6YnH8j+ZLt9HyXYClj8h7wvf5Aw==,169,31,84.50,90.0,387,90
8-2-6-10-1866530255,200003,145,97,66.9,Y9HiNDo2L70p+KILAyMTMwMjCxMTKxsDIyM7ExMjExMTMxs7OzsbGwcbMws7UIyFg42VlYPhpisA,200,0,100.00,42.0,98,42
6-6-8-10-489239042,200007,145,94,64.83,Dcg5EYBAEATAmf0XJxigChtIuZwIS1ggQQg6uLDb9uU83utbtwcUUtTcNAJI02pNt2qJsOzpLIGSSRJezIgZgnH/,200,0,100.00,57.0,222,57
8-5-5-15-1058428927,100083,144,39,27.08,Fcu7EcIwEEXRt/+VtBLV0AUhEdUw4zJckkugEULbyY3O1c9jfx7b+/X/glig5kFgSW3Rh3CBiLS72FWOMmdnmTQuxCK5RkmAopa1mdF5ZRVwHwrvMy2tYf+d,110,90,55.00,90.0,584,90
8-3-4-17-527917468,100030,144,26,18.06,DcmpEYBAEATA2d25/8PgEASCIiQsVaRBLkSGhLbNfXqO5ZrfbYWomojQnA8x5VCqSoNP6J6QMVTr/wyW0ZyLGaU3GaYs1XqKJM77Aw==,56,144,28.00,66.0,105,66
7-1-8-19-563866294,100078,144,71,49.31,Dcq5EYAwDARAfbZP8kMdBHRCwpBTBSk1UAGVksBsurZN53sd+3KvxEKiRMqkP0uWpWQWeFB4ccte2ROUAuEaLVJ3bg4drQJdEPK/EdoxlFHpmT8=,198,2,99.00,81.0,1263,81
1-5-3-16-28615106,100080,144,74,51.39,FctLEYAwDEXR9DXNp2lxxUwFYAQL7NkjBiXYwABlfc/ldTmu5733MSghExcIspIV9lTDU2uiVtzZrOdau0Z0FgnIlKGMpn+3mAMAOrcP,144,56,72.00,69.0,669,69
6-8-3-20-1069893602,100086,144,10,6.94,Dca5EQIxDABA2bJkPZa/u5wZUojphyJohkaoiD5goy2v83veHtf3/QMpYyGulKpkRuVEKQNltqIpM1dRJzbjYq1FH+azG9jqrSJIg+prq9LsE7KMQ5EPbBBxtIgQBcPRlyWR/3XLdu/V4fL8AQ==,16,184,8.00,117.0,1092,117
9-1-9-16-1546855817,100050,144,108,75,DcqxAcMwDAMwSiJtyu4TfSJrPujWIb/ln77VYAY/r+/x/l3zvIHIjCxQI2PKhaJHgG7Fmk1WpMxMPHGxLa3QtI3gAEq99ey9u+DjDw==,196,4,98.00,78.0,1150,78
5-2-2-15-610084607,100007,144,54,37.5,Dcs7AYAwDATQS3Jpm/5QwowCdtxgCw3sWEALvP1xX8KfYzuvF6JGJWgG85S1hNbcBGzIVaR3N/ORGmdFkBRYjKksPYnOUf4G3OsH,120,80,60.00,69.0,395,69
6-8-4-16-714457222,100087,144,15,10.42,BcFJEQJBDADAZHJNrs0+QBgmeCECIRQy1hgG6ObneX+8r9fv+gDiImDkxYgCBKQmKLLBaQWnaHUkesgxvjWzU7VZlrB1iml32EoojTmKljuVTSKqTpV57jkm4Pb9Aw==,156,44,78.00,102.0,1021,102
2-4-9-15-1039778231,100072,143,78,54.55,BcFZEYAwDAXANEdfc8BMFaEGCUhBABKwwA8K8MOubst+3e9xrpOosahJt44BB1lvkSKAVGoECunu4S2GVHmCEQPQzCowfc8P,161,39,80.50,63.0,411,63
4-9-8-21-2096205134,100060,143,49,34.27,BcFJFcMwDAVAW9+bZEteeimP3ppTOOS9oAizgCiCYspMOF73+3ttn3N3nkAhJiDEXFiEa4tKKZmx5tIHs0wvZnAEhW+6ah8r6wzQRg5ki6nzEOYyqYqB3P/3AA==,77,123,38.50,84.0,466,84
7-4-4-24-894872529,100065,143,60,41.96,BcG5EQIxDABAybZO/l/ZphEaoQ46YYjp6TLaYCiAkF1zv7y/n/P6fPwAAVFpowDpACYAUtZ5rUJMmglzAZ1TdQlb6MMKTgblS6Bs+0qOce7VE5pDSc66HRJdnSxp7CjGrT2oSXU+Q9EMr9sf,136,64,68.00,108.0,762,108
9-2-8-9-2020874595,100040,143,95,66.43,YzHguOdi6v+6dHMsAyMTIzMzIxMLCysDGzMzOzMzCwiwMzMAuewgcTYGRgYmVqAyRiDJzGDBBgA=,198,2,99.00,48.0,444,48
2-8-3-16-512710011,100033,143,98,68.53,DcoxFYAwDAXA9PenadoURQhADSsPN6hACiMDLtjg5uM8Hdt6vte9SEIGqcUAq4Sqs2kplmFg7mQ0ER9DaSNF/09Cg9YeLvvzAQ==,192,8,96.00,60.0,153,60
7-7-3-21-1192738803,100065,143,47,32.87,BcG5EQIxDABASbY+yz5/tEIFtEMnDI2RkVAEQwEXspvvl/fv+7o+HycgESGmTCwAjBmZ1JxLVEWoIKGKTY4e6PUYrJWZQKRqb2NGyXPFXETAYWIMuH1tkeGHaqpm3cuW5gpkCW6fPw==,131,69,65.50,108.0,1161,108
1-9-5-20-1483766874,100093,143,27,18.88,Fck7AcJAEAXAe9n/7n1iBDvUiQYcUWOAkhYHuAGaaYaP/XV53h7v+9mAjVjQ0JRJNpO/cEAtXEwsIkuFTLP6mLmswp0qR+8jC2CpmCtDOHhFOBGpT6bfQLldP18=,75,125,37.50,96.0,15517,96
5-3-1-18-589322689,200053,143,50,34.97,DcZLEYAwDAXA5CVp0/8MqpCAGhwgBB/cuWIBFdDLzuo63uU57+s7iAFRoxDFwZ5yybnWVpObKqs7eykTV1PpBJPYUhQDMQHUg7XQZW7bfw==,111,89,55.50,72.0,321,72
4-4-9-18-1903736244,400011,143,64,44.76,DcO7EQIxDAVAy5b805NkXwOUQA+UQHhNXV8kZJTDwM4sn8eN39/X9XkmyiUVlkrS+iiTW5+kmgGrPFS9BcLSgm2qEdrDKE93wR4bQiJhForl4WvZvwYMppoe9x8=,163,37,81.50,90.0,839,90
6-8-7-13-1920382893,100058,143,36,25.17,Dcu7EQIBCAVA/vAAM+u4ahz7sB5zZ8ysx07MvHzXbpfn9fc+7p8vsSiTCrGpe6QZFbKnZCpsc30Uy3BfbzEvdCcaiDjT+KkUWbltTohZFqbH6w8=,119,81,59.50,84.0,711,84
8-5-8-23-1786386627,400014,143,28,19.58,FchJFUIxDADAdPtpuiTpyh0tOMAFDwnIQBZSUMAFHnMcfz/d3p/n9/W4gDHWAVgPYGwAe6Bz0Zv/Hu6wlMDl6EtliqICXLgpg/QxC3PFhSq6yy65iQhLD32URNgWrT3rZGTKgqQ6QoLz9Qc=,109,91,54.50,108.0,2345,108
1-2-1-16-1632863808,100067,142,76,53.52,DcpBAUJBCEVR4APzBviMdaxiBDvYwp3mMIhBzOAs7upcvV0+7+8dr9+DiEno4J0aiTmLD+GDnTF1amSdDci0NqvqiFo4l2nDoNC2EeWRyD1qLO/MYb6Fntc/,195,5,97.50,90.0,2648,90
2-8-1-11-676314420,100008,142,103,72.54,Y9HikF5it/it5dZKBkYmZhYGBlZWBgYWBjYGFnZWBnZ2VnYgh5mBhY2diZEVSDEysbIzMzBcAwA=,200,0,100.00,42.0,115,42
8-7-1-8-2083480184,100056,142,69,48.59,FcdBDYBAEAPAttseJnBBgiASBGACEycLA0hhmd94X+Z7bznWC1QVxZJBVtBB97+6IDJijTIsJPAgcD4f,171,29,85.50,54.0,541,54
7-8-6-22-2025227230,100069,142,7,4.93,BcHLEUIxCABASAIB8v85Yz+e7MEWPFiNLdjOq8jd8Lk9XuOr7/sFAOh8cOScJ44SWT0amxGk7EWiQnBaDKm2hsDcWVvvQccoNcucMfJC4tS6r716EszOtBmXnHvda7eZouo6u2Y94wg8f38=,17,183,8.50,114.0,914,114
4-1-3-18-1766100385,100051,142,71,50,FYrLFcIwDMD8TeJPbDZgCM4M1FHKhRUYlfagg/Qkx+Nbn9/rLScgMQpcKKES304CY67FrHc29kgcGblgxzXhrGnVMKLKDXdZbhNEMJLuALH0Mmlvd6XIFjAmeOof,194,6,97.00,105.0,2021,105
8-1-5-18-947309587,400014,142,74,52.11,FYlJEQJBEMD6nOlzVgZGULO1EpCBLKSggA8MlVcSuY7z/Xl+X487ILGAEhEKbFQZdAyiKbsTgm13wtCZYEXwb9G4dLiHTE3lbCumQOfktTqjqkxcuqz3wKrscEO4+Q8=,181,19,90.50,108.0,3523,108
7-1-2-21-2128664934,100055,142,108,76.06,Fci7EcJADAVA6b3TSfenK4YhdS1ujJyeyHBme8NN22P/fZ5/eb9E5QJVgCSUKRmzy/0mUdyq1NZbgJkYznCFeTHMSD5Wn1Tpc62h2jJqiTD5Hic=,193,7,96.50,84.0,849,84
2-2-1-17-1554444902,100058,142,23,16.2,FcuxEYAwCEBRAkiASIx3Vg7hNJ7LOYGd81i7hJ1a/O59Xsd9eo5lOy+AhECUGLmTrMJmLppVs5c+qplUqgm64KH/86BiEvpdSAnUm8vQGjEWQ/D4KMA9vw==,85,115,42.50,84.0,633,84
6-7-1-14-1832251620,100026,142,71,50,YzHjlshXea937WM1AyMTMzMzEwsjKxszOws7IzMbB4hgZGNiY+RkZOZgBdLMnMzsTFzsHAwMrExcLIzsnFwMs1UB,198,2,99.00,54.0,196,54
9-1-8-14-1724247226,100080,141,115,81.56,FctBEYAwDATAS5q7tkEISpjpTNVgARWIQQk2MAA897GxLcd5P9c+BgzuZo4SlMhSW48i1dY8haQ8M0VZdMAs3KhAzY9O8s/AOl8=,198,2,99.00,69.0,766,69
1-7-7-18-446251360,100085,141,101,71.63,DcqxGYUwCEVhAhcIJLHys7Oycx5nsXAQZ3ujvNJU5xQ/rmX7/dfj3h8qpTAJWKAKJQXYnCtERRkcluFuMadNwbM9Rk/UNBWL9OYTZPTahpgPt6Tz/QA=,194,6,97.00,84.0,887,84
4-5-8-14-876282543,100010,141,64,45.39,YzHjS7Dsad6yKrSTgZGJmYWVjZ2DgZ2Ti5uLi4eHiQ1I8DBzc7OwszBy8HJxAZlsrNw83KxMnLzcvJzcHIwMDEzbAA==,189,11,94.50,54.0,170,54
1-8-6-17-562021327,100084,141,51,36.17,Dcs5FYNAFEDRmb+vKEAf9KjARfqcWEgXRVHAdO8Wj47t895/13m/xphzwkAkZmBCIgE1I3dDwSAQZwGwSOUIBnC2QvegyNbOanEB9GTDFK2qDlno9a5UcxLT8f8+,197,3,98.50,102.0,3039,102
7-9-4-22-1310330300,100052,141,21,14.89,Dcq5EQIxDABAWdbjV/6hK+ohoRRiGqAm6uBmNlx63sju79f38wOHni5EgM4hMouGwDE5yEUrsAqIWkvVJ+tZMVor6DQW8SxSIjsac61MOrZZ95SlJKYgqZx4/b7t7EGQ5zqz+Ro5KQvCA/8=,171,29,85.50,120.0,688,120
9-5-2-8-1170254764,100009,141,57,40.43,BcFHAYAwEATALVdigA8S8MMLCViIIwQgI5YyE9f417OO835BkJBsIERmgtUIU5WQaairHcT8Ng==,200,0,100.00,42.0,117,42
6-6-7-14-219117986,100057,141,58,41.13,DcW5AUBAEADA/W6/29MIoSJkGiPTBiWojUlGtmk99/k9lgsQiKWpuWoQmmkwWhL8e/bKARhG0hkIM4dnIamXADeu8GrWo3zA/Xw=,125,75,62.50,72.0,397,72
3-3-5-15-95066677,100046,141,76,53.9,BcHLEYAwCAVAXgIhQD5XK7AHTxagM5blNa3Zkbt8zPt63u1cHyFlsBSt5ghvMEVNzaWPjj5EcqpQAxeKLC7D4S2oMK39Bw==,75,125,37.50,57.0,110,57
2-6-4-15-1121826460,100004,141,17,12.06,Fcq7FYAgEATAhb0PB2hFFmFiPRZiVz5jA9swESceWabrWc/9njcMKVOgJkK3wgK4/JIoqWYMREW21thrz7VbC08c8T0+,199,1,99.50,60.0,220,60
4-5-7-14-278886371,100048,140,86,61.43,BcFJFYAwDAXANPlZmrQ8pKABGdhAERYQwRETGGEG+/Ksd77bdVJjgYLAah49Q6IGwbwqzAxl0ZpwepSnT4YPAINVZ/WpnZWO7wc=,170,30,85.00,66.0,497,66
7-4-2-18-842475424,100084,140,16,11.43,Fcq7DUJBDETRGdtr73+XnO6QIKcKQjogR5RBYTyiqyNdu54+7/P3fnu8QFAINQJGS2LqIf8czlZqY3SHqJc+Yi7XNkak0nJdoXtPap57Bb0phFQKIF54LGZI0mtqBZfnDw==,81,119,40.50,102.0,4203,102
2-8-3-8-1079328147,100008,140,77,55,DcUxAYBADATBTe7ywQMOKOloUIEZ9IAFZOEBphkv03zv17s9J0RKFqiQ/kcbG6WHiKJ7VODkWD8=,200,0,100.00,42.0,122,42
9-3-2-9-1261367048,100002,140,118,84.29,Y1HnsDrKMfF9W+RuBgZGJmYWVjZWZnZmRkYmJkYmIMnAwM7GxMTCysTOxgKUZ2RgZDjEBAA=,200,0,100.00,39.0,95,39
1-1-1-24-87477408,100093,140,33,23.57,Dca7AQIhDABQwjcJEP6HS1i7js7gRta3gKWtU+mrnr1fPtf38/y+HgoAlAajwAIYBz547QApMGtnCDF4RkKKKUupWEhaHzxlrl6ptHz0ubbY9N/ey6ZRjxxz5MZNhuSm3O0H,111,89,55.50,96.0,4266,96
5-7-3-14-2071333476,200012,140,42,30,YzHjE7kyu6hX4fN+BkZGJmYWVlZWNlZWdg42JjY2ViYQh42Rk4ubh5GDl5uXnYWRhZ2ZgYOLk5eZh4eBi5ObkaEjAwA=,198,2,99.00,54.0,158,54
9-5-3-14-807440044,100026,139,59,42.45,YzHjlchXea937WM1AyMTIwMjMzOQZGZkYWBlY2dh5WDj5OJm42FkYWZkAkrwcLFzM3FycjCzcjBwc7HzMDIxMDCIAAA=,200,0,100.00,54.0,117,54
3-6-6-14-649437919,100038,139,83,59.71,DcJJFYAwDAXAJD9tlqboQAFakIMRJCCAMzrwAvNGt+VZ+3vvfhELtHWDI3KYWRZ4DiDNamSWT9EWQR1/RWOZnnQeHw==,152,48,76.00,54.0,109,54
6-3-8-13-662630325,100026,139,38,27.34,BcExFYAwDATQS3Nteg0jAwI6M+IBNQjAJzZ4OOB/Hst2zXd/vhtWnM7aolcEoC7QJLnEwREg0L24kGrF07K2gXP9AQ==,169,31,84.50,54.0,168,54
7-4-4-14-1516721956,100084,139,36,25.9,Dcu7EcJADAXAp79O0jEugPogdxV0Qc5QBoXhYMPVx+37uf/O5+sNIjABDGHii5preIqAMk1XUU9Bwrx6z0qaVRXbqrp5rWHJNaOoRsj1CUbiBvZNgdBqTcd5/AE=,107,93,53.50,102.0,3916,102
6-4-8-24-1644682394,400015,139,22,15.83,Dcm7AQIhEAVAPo/lvwsccI0ZWYuV2IGB7RheJQY66eB+Pr/X63PeHkobC+fIwYeYcqmGBa2jUssg7sTGjxA8x2YtH8SYi3rNizUPiQWi1Uz/SEXtAaG9BHLQnmq9fw==,32,168,16.00,90.0,423,90
4-6-3-19-867199464,100089,139,38,27.34,DcW7FUIhDADQACE/wkvAysbaFTxO4DouYeemDmCnt7n4PD2+r/vt/P4AlNoalv6v9tpKJxZGUTLkASAmdRh7FxVnHuZsLKQG84gRVdPXtPR0wkzZo5R5bM7eMGjNIbHITGfM1jX2gQCX6w8=,189,11,94.50,114.0,1185,114
9-8-1-18-1603857892,100067,139,39,28.06,DczLEcJADATRkUa/lb0EyIEAyIEwOOE4HIgDcQzssatetT0f53G963d/IEpQTBQeRo9UjxrVVW2ZXdveWQlSE7PaV0cOLaoQKiI6Jtxtmxb7gmtgECHx+v4B,134,66,67.00,90.0,1830,90
6-7-5-22-1130056201,100052,138,45,32.61,BcHbAUIhCABQVBAFxOetqdqnn0bpuwWaqTk6B5839Pv79f38IERISBk5xFy41MgsyjFDzRUrFMsmscSggIWFqCTEBjmEAK259K7iY0pTWt2XVtu7j0N1j9X3Mrp8Xmc3aPPaKxl0Xcfd4MF/,191,9,95.50,120.0,733,120
7-1-3-20-1230758769,100095,138,81,58.7,Dcw5AcMwEAXRv6fulYIoFFwblkmYkyt3oRF185rR8/P+vvcxngIQWBjCai5JSI22yDWDdroWpFocrBA3bqWbjA5IhvUYRBpTWqor5hor2oya2WNPrvYH,200,0,100.00,90.0,656,90
9-1-3-17-664108078,100030,138,84,60.87,Dco7FYAwDAXQvHzaJi0jWweEMKEDFQhAGGqQwUjWe64ey3PNe/32jcCiJGLKYsIKlNrgRqnptUXvPcJbGZagZFoYow44WwYWes8f,140,60,70.00,66.0,167,66
6-5-9-10-2122905398,200003,138,51,36.96,Y9HiMjo2L70p+KILAyMjEzMzEwsrGzMbOxMTCwcnBwcrkGZkZgZKMTKxM3Gyc7IxsTIzMCw+AQA=,195,5,97.50,42.0,87,42
9-4-6-18-1896735215,100071,137,32,23.36,BcFJFYAwDAXAtD9p0yVt8MJDAxcM4AgpiEAEcrgxw/tyv9tp37VSiGAR4hBSVk2IBbVRt9HbrOZ9To9u3goVIInnamY0BFAwdKhkcSV6jh8=,175,25,87.50,72.0,358,72
4-9-9-14-1430823802,100010,137,61,44.53,DcW5DYAwEATAW3v93K1pB4lCyOmFCAkKgZgCYZLhPG3Lub/PehgSMguRUVupvXtCtKohcRD2n+RUdIEepSkDZvf1AQ==,200,0,100.00,54.0,160,54
4-7-2-20-265826208,400012,137,64,46.72,BcFJEQIwDADAXG2aNL15IAAZIIgZpDC8cYYdduV1edyv79/z9gEEIAZkSVm5oDEBAXvN4WYkIk3dlEI0slvyLsNnrXO0trZXM40d1trUHjp6i2U7ThzxKquqOBbko5QKwnf8AQ==,55,145,27.50,108.0,1032,108
5-5-4-12-271116645,200012,137,19,13.87,YzHjEbkyu6hX4fN+BkZGJkYGZhZWNnYmFg5OZi4WZnY2ZlZOdkZmThYuRmYOFmY2BqACRgYWbg4mRm5uBi5WIOeHLgA=,99,101,49.50,54.0,193,54
9-9-2-15-1144399017,200010,137,49,35.77,DcaxEYBACATAgz/4B2zIwNBKtRnHwBosw0jdaDlP67Ns1/0egAi00bxzhCXJP5U14MFuCjRRsxSEZ0qWEdJAnPsH,182,18,91.00,57.0,261,57
7-3-5-20-1339795959,100079,137,69,50.37,BcE5AYRQDAXA5CX5902FJvyggn7LrVGDEjwwo8f2e/fnOqUQA2BRc/CBIOy8xKS5xFobrDMNcqHOPKApBsjwIJOeuC0r0ovN1dbMRkz3/wM=,183,17,91.50,75.0,268,75
8-1-2-16-824438480,100075,137,34,24.82,Fcm7DYBADARRe+29/1EYIkQ0QUJGJRRAR0g0xKFJnjS+Tvs7b9exnKIwJxXqTpgSkF9qAZEYTGO6AVQZX4Wi/kfmEry2mLJY6a2F3mtMJVe5nw8=,112,88,56.00,84.0,2056,84
4-9-9-15-438844145,100041,137,83,60.58,DcTBFYQwCAVAks8HQshWYSN6sihLsUufd3cOo+fvRjveZ9uldaiyGzs9MEwjJ1AZdA+2KM9m/wtZC8OFHAYBcoWRsWrODJNLPg==,199,1,99.50,72.0,376,72
2-2-2-20-1564813058,100064,136,38,27.94,BcHbAQIgCABAFBAFH4hN0SytVIP00RI1SAP10R09Lu+7P2+f6w9SRmLORQoCU6kJasMKKKTWUx46BcpYNc9mOsdabr2nNkeBZqZFuluqlXU7tfDTMKsekxm+91id4pzgNdI+4TJ5nW3ayXZoRnh9/w==,123,77,61.50,126.0,1553,126
6-7-9-10-845880660,100056,136,44,32.35,DcEBEYBACATAA+54MIMtnDGQDb6EJexhEgMYRXe5L9d7bjrWCfOge0i0gCcHMsFKlqTxE6Ky6KM8yhod2bifDw==,78,122,39.00,54.0,316,54
1-2-1-17-327211340,100066,136,33,24.26,Fce5AYMwDABAIVuPZckWO2WD1AxBxz7pMwIjUTEASXdXt/V1nO/r3r+wAGIpgLXS35WL6NKASVCNu4oLikq4jjkzgo2EM516p+H+u7MxK2Vaa6Iqk0ZkKBnBZ38A,89,111,44.50,93.0,2907,93
8-3-4-16-2030873815,100047,136,49,36.03,FchJEYAwEATA2SPn5kABAhCABqqQgSMk8McKOpBBqP61btP6nsdy7zOIwMwCJUcAQ4ZxPsT0f7aipGyWWTyR1dB66U6spZhdD6VWH1MzXM8H,93,107,46.50,72.0,503,72
9-6-2-15-413233469,100004,136,101,74.26,DcexEYBACATAgwP+HxwrMjc1sR6LshPH2MBKdLO1Zbrf7TqeeYcoCYNDI4g/4aLu0aR7dMHIVmTBKqUPUcNoGUonsJ4f,182,18,91.00,60.0,215,60
7-5-5-21-1239676929,100076,136,19,13.97,Fcy7FcIwDABA/WzZjqz4R5kVsgstLRUTsCcDZBagv3fyuF3HvD7n6wlIyIQAjBKiBkoxlxKSbFbNWd1t3zgiQt6bSh9Ms6KmJYQTlonX2V0XU2tjFLW/l55/4/39BQ==,33,167,16.50,90.0,298,90
9-4-2-22-1836661688,100096,136,36,26.47,Dcq3EcJQEAXAu3fme6sZxUrIiCmECgipl4pQvKuf43ydz9/j/SWGQImVBCas7hY8etIcSvVi3iSX4Jo6j8kdUFEfLVsbke7GQmRMqwJxzS0yd99AXaxsdOO6/g==,68,132,34.00,96.0,2408,96
8-4-4-10-1301074397,100014,135,88,65.19,Dca5EYAwDATAO+msh5AGPEMBhHRHAWSUQok42tW1HX2+c58faCTgWJDy4as2IuWoJksRGighWgm37AjDc/8=,184,16,92.00,54.0,164,54
4-1-2-17-116713450,100076,135,83,61.48,DYq7DQIxEAXf24/X6/PnJGJaoCBSIqqjDWIKuFqwNMmMxp7ndb9dv8f7BQrVlBADXFXNxLkpUbNu93YIXUR6jsGo0BFsLXcF+4i51oxEKcY1bT/Zj3AQ+Hz/,199,1,99.50,90.0,680,90
1-7-9-19-1704584258,100058,135,82,60.74,BcHBEYMwDARA+2RLJ8k2H+qgGoaWUkQq4Jd60gk/dtu5fffnPq7fv1RUSJFWuxajS6QmDTDhsAzCxbXBgyE+J9HWMA+od3RjpuRY00VjqWR6kuX+vA==,197,3,98.50,84.0,1396,84
5-5-9-11-2103255608,100008,135,56,41.48,Y9Hill5it/it5dZKBkYmZhZWFjZ2NhZGVnY2dhZGFg42IOLgZGbh5GJhYGLh4uRiYmBjZWbI5wIA,192,8,96.00,42.0,65,42
8-6-3-15-562374890,100020,135,51,37.78,DcRLFYAwDATATXfTX1pE8fCCCkRxwQd4wAfMYbQu2/481+k3DImSOcFsUGIpVluPgbA5pypKYkj+Rxeq0HJHDItBtp5xvB8=,121,79,60.50,66.0,165,66
5-2-2-24-176960696,100070,135,69,51.11,DcfLAYIwDADQfJsALQ20gEcdQA/O4xoM5dGR3ETf7cl5eX6vj9vr/gEkQBZmTapklsh9QBgn91E8lzLLmKzGsNRqADIX1ynmHMva1rUPyzYpyLbTbtCP1uM4IkWmfRNWZkqASKzYUI0QIfF/8K4/,190,10,95.00,117.0,3474,117
6-2-9-13-786908865,100050,135,81,60,DccxAcMwDARAveSX/VJJlETXMOjWISDCJQDCJ7TS2258X7/P+97ndhngYY7hzLmkCg6mVgayS1FJTnXGgKlmgeX+b5kxV5EGb3WlWoCdxwM=,198,2,99.00,78.0,1293,78
7-4-5-20-566117257,100051,135,34,25.19,BcHJAQIxCABACLAkhEAOO/FtQZaiH1uwEmtzhp+3T7y/9we/AAsCEBQAJhQgBr4Ua7MubqXIpTKGskVmxSuIkD36HIZ1rT0d2p5HvRS3UMxIkXH2Gt0jTzSMEaRpDPH7Aw==,68,132,34.00,105.0,1098,105
3-7-9-25-2084978226,100094,135,35,25.93,Dcq5EQIxDABAv5Ily5Zf4gsupSqaoAtCIooioh0u3dnwuH1+x/t83ouxzofowWMiRiQkMIA2XyKFiyU0FaooJ2l9tNGlZk8Ue5stLN1r7jBUOJYMzGk4lcF967xqd9yWsvm+/g==,100,100,50.00,99.0,723,99
9-6-2-15-1298433468,100004,135,44,32.59,DcfJEUBQEAXAWd6fVclCFoJwEYYY5KicHURC3xrrdL/bdT7zTiwKFSFmJYUAw5wtNLJawsFuBDhyeHXRPxtpyi2gY/kA,200,0,100.00,60.0,192,60
8-1-5-18-851326511,100067,134,23,17.16,FchLFQIxEETR6n+STiFwJOCBFR7YgA6EIAQNDKt37vPj8n59ruP5vQGiphBAoXJGzOAWmv97oobPpSOiHNUqvb1sclGT4U4yJBGsHLt75rLd2UXicf8B,178,22,89.00,90.0,1779,90
8-4-7-17-702504593,100016,134,100,74.63,DcpNAYAgDAZQ2D5gjJ9hAhMYwYsRLGEFL2YxnQksoO/8sE3Lu1/z8azOExMjRCTJTql4AivnKiqaWtcSzaxX+SPJaIwauCFqGB1SRk7uvD8=,192,8,96.00,66.0,159,66
6-9-4-11-1172399533,200003,134,60,44.78,Y9HiNjo2L70p+KILAyMTMwMDMwsrkGRjZ2DkYOHk5GJmZedkYGZiY2Vi5uLg4mBgYWNnZGBgOQwA,200,0,100.00,42.0,70,42
9-6-8-17-1190710549,100041,134,75,55.97,Dce5FYBACAVAPrAX7GUPNqKRbdiX9dmAz1wnGz2WS7C/z7oRACYW1RBTSpylmNfQ/muMBX14pZq7G9RMWgO6M4OoZHfwMKMx56Tz/gA=,147,53,73.50,72.0,265,72
7-8-7-22-810968756,100070,134,15,11.19,BcG7AQIhDADQEOASIHwSwFobOy2cxzUczJGucA/fC5/L67w+b+/HFxyC8xjicQTnPKAHYh9TxkLIXqi2kKTnVoZScZFrVRrsJBXrxZR1dJRZOVqT0VPpStNA11jxkFFXi9pSS3l32xPUdlUP998f,26,174,13.00,117.0,909,117
8-9-1-22-1309303780,100095,134,36,26.87,DcK5EcJADABAvSedpHsogJQ2aMGxG6QnIjLasGdXzsfv//4c49sB8EbAgtoM1bxbcKqQiVUYVrQaADF75WJn2lokkkTm5pmoC9rcu881BlcyiJtGOLyeFw==,176,24,88.00,90.0,451,90
7-1-7-21-1358156735,100059,133,61,45.86,FYnLDYAwDMVe0l+apIUJOCBxYQhWQEzJDkzDKBT5Ytnxms93v/O2LiAQcyAmQgSnlJF5aJFSAyhkxn+qipi6STPXau5dingTHzV17So26aApjucD,116,84,58.00,81.0,362,81
8-4-4-18-1753585854,400017,133,36,27.07,Dcw5EQJBEADA+Wd29j8NRFThioicGBMkaMEBqjgB3fI8vo/X9f6+/AAJgYlRRBWRgcyVxd0wSpagyugC2dBL7SQZRImQOFqfC8fJUvtoptGnxQYAx1knt2hjtjOdMJYyyd7LmKzz6HD7/AE=,168,32,84.00,117.0,735,117
9-8-2-12-975628352,100057,133,97,72.93,FcuxEYQwDATA00kn2f6YKiCkCDIKAzLqoTaedGc2tt967fNzLjeM5jSGMuGoKrQI9VIURi/+KSQlojkzJetfKPpAG8YE3WSYjhc=,198,2,99.00,72.0,700,72
7-5-2-18-1405483564,100069,133,15,11.28,DYy7FUIxDEPt+Bc7cZJXMgsta7ACBdNQMxIT4U66R1f8vh7P6+Ov2w8QGzFxa4AAJIzSENQ6MXs1VamBdYEYs6J4YnQVdgVakCEjyvWxk9CV605Zu+b2jLlmmtpZx+LQ7sWN4P79Aw==,169,31,84.50,114.0,1957,114
5-3-3-17-2048030292,100016,133,81,60.9,DchJEYAwEATAzWSyuQ8UoAAJfJCACarwgChEoQAD0M/mNi3vfs3Hs4qBBUgnos6HmHLJtWrTPvAfgGJjIKvv2szQNIqm7jNNC1EIWDnvDw==,120,80,60.00,66.0,181,66
8-9-4-25-831634056,100052,133,18,13.53,DcpJAQIxDADApM1u26T3jS4MIIMPUnhjAE3oYN8z9LxRXO/X9/MDRFSgFdFxGgNoHWpWQEp8cFE4GcsWskbv1FWCmFIzszNg+YKGwfcO9ShB2pirRfFrVGQX105ehInmUKf4YvaePUsICdBZeNz/,34,166,17.00,120.0,609,120
8-5-6-18-260897245,400017,133,25,18.8,Dcy7AQIxCABQSIAL4cLnZrByC3exsrd2CddwAjdwKq99xaPn8X28rvf35QfYOhKjADOJoMg2OrFOG6iD2z6XqzGhRO4opTBaT3fCZekSYEFz0YkbMY8OtTXiWRhlILUsXFK7SJt6XlnLM+D2+QM=,92,108,46.00,117.0,587,117
2-2-5-9-762216721,100028,132,96,72.73,DctBEYAwEAPAS6+XBAkYAVVIQFHfSMABAnACfe9s35axftdz7m+gZa+kZMi0rVZpUywb2TNEWMI0MiDOEPfxAw==,195,5,97.50,54.0,391,54
9-1-6-17-271920096,100048,132,63,47.73,DclLEYAwDAXAJC+fJi0zSKkGLGGHCxYQwREX+IC9rm7LvV71zHMnFqhBQebRsjlXiihZRo9eME8iOI8x3DsL/wWIGmdlUwHoeD8=,170,30,85.00,66.0,474,66
4-1-2-10-1506182054,100041,132,104,78.79,FYqxDYAwEMTu/pLLP3MwAz1UDMk0rIToCZIbW27nconH+6w7QDBCIKWIqWwB9dZAa8YYonrmkKvKNe8flIcd3enKdOLePg==,200,0,100.00,72.0,665,72
7-6-1-15-1007512082,100058,132,55,41.67,Dci7DYNAEAXAt/+3dw6pgxSJOhDNUYEz1+NOnPmkicav17P93vv9+ULUFjU41CJR4UHY+mqJbqPDU5PViBzhOtYnVWwJThs5J+FVEqQUG+fxBw==,198,2,99.00,84.0,1430,84
7-2-1-15-1329799086,100090,132,69,52.27,DYrJDYRAEAPdbs89PHkRBCmQAsmQCxJpEArShrPtV1XJOpd3/7ZnPW4YCFqMTpNTSE5IAVDOxc1JJQuNg0U2K1nV1VDhPfXupQ7NOdlGG/hdfw==,180,20,90.00,81.0,1183,81
1-7-2-19-1255059529,100078,132,75,56.82,Dcu5FcJAEATRHu30HHspEjLB0ZOvKOQSA1EQGWHgsHb90mO/f6/rfLyfgGxSdFMhITCYF4YKUgjSarRe3HO14YHBadmG2LrqMpFI7zJjstGie8Xn+wc=,163,37,81.50,81.0,931,81
5-9-1-18-1201119191,100095,131,70,53.44,DcuxFcMwCAVAQIgPX1JW8nuewHUWzE6p4sprROUV5+/X7zk+1/qWqDXvKm7hQBYjQY4BOE1FGUDM7ZnMGsFcRCJsR5fWjSxuz8ocawWqgtqbuNznHw==,175,25,87.50,90.0,992,90
4-8-2-11-1566629203,100040,131,71,54.2,YzHguudi6v+6dHMsAwMjEzMLKwsjIxszKzMDKwsLGwMDOxsrC5DJysbGwc7CwsHEysrCwckJFOVkYhDzBwA=,198,2,99.00,48.0,372,48
6-5-1-21-31726393,100051,131,41,31.3,BcFHEQJBEADAyXHTOaGKN4KQAh8sIAhRdMvz+qz39/6QFyASATAgiBKgAQs7hmVFsxqSY40OnaslyAkzzGkvce21Q1LGQbXIhKSd3oOrznSFmKcs27Mo2OF3+wM=,66,134,33.00,105.0,1278,105
8-6-2-17-1606275494,100084,131,42,32.06,FcpJFQJBDAXALD/pJL0hADWIgTsqcMGdhwwEIInhXIXr6f06f+63x5NYFAJiBYRVVEhhRkrmLM0pPEGtkisC6D44WaJSZXofs1Zj8DiijS2+5jgsyPYu7ctbmv7xe/kB,197,3,98.50,102.0,2552,102
6-7-7-18-912090216,400013,131,27,20.61,Dca5AQIwCABAvgQIJCSuYWXrJi5g5SgOY+9yetXJ63L/PG9ffz8AiaV1VfP+z7DwgFDKxD5zwkIpIHPfdSI3OceBpnu3UWPVPD3nBmSxaYluHbTFqnVaHRU8sBmEaXWaC678Aw==,68,132,34.00,108.0,2885,108
4-3-4-9-2099367101,100009,131,93,70.99,Y9Hi3H4++ryoVGg2AyMQMDAwMbMwMADZrMzMTGxsLEzMrOzsQMQCBGzM7BzsHBzMDI0bAQ==,200,0,100.00,42.0,92,42
1-5-2-25-434846759,100063,130,96,73.85,Dcs7EgIhDABQIAmBAAk/j7TFVpa2zngbOy9n4XgYff3Dx+X7Pq+3++vpfAjeAVKInl3KQoUFoVYsqSlaTyOqAhNTLQUUpeXc45hkSAJAyFXEbA2hPpfpXtt07iaI/yDE1R2fHw==,144,56,72.00,99.0,1069,99
6-4-8-24-910655544,400015,130,33,25.38,BcFHAcMwDABAD1leki3PEMsrWIqkDMKgSPoMkj56B9fx/j339zhfShsLDtGhDzGZ7IEccLFVUiPFjJR8N60y6zFlIjKtuXsbce0OOisMZCUUgioxIwoMgLIEtvrcfw==,114,86,57.00,90.0,445,90
5-2-3-20-70034849,400015,130,82,63.08,Dcq7FYMwDAVQPck2yH/ZOSeLpWIWJskGGYaWMjNkAIpw6+u2x/v6fs7nayewOB/CsgqRIkJFHJYk3nMK5ACCgoSx5lJryemeLMT31tal26h5zmI2e+Rm1qLZGGZKx+8P,196,4,98.00,90.0,514,90
9-9-1-22-880150883,400014,130,63,48.46,DczHDcJAFADRn8Mmr3uiGkQJlOGefEFU4gp8gb2O9EZe+/O6j9/n/QAkJgYUNXbzoCwoUbO59hG6ZTcQ6zM31ekaudK0ahhag8h5pI9whqU1BNapJDIBg5m34EZASCUFEc7vHw==,80,120,40.00,108.0,3750,108
7-6-4-14-1897153654,100087,130,55,42.31,BcFJEQJADATASTb3wQ9hmOCFCISgg0ICfjBAt9wv19vz/fi9XyAiEPgIK+sRwjFXDfdUTRcohbNUC88e1gCgqW1E29uY6QptJwvIScNiaqo2p4JI0+ws4fv5Aw==,196,4,98.00,102.0,1642,102
7-7-4-21-397236317,100064,129,33,25.58,Fc3JEQIxDABByZYlW77kgypiIBYyIQYIhDQgvH2w1Px76HX5PO19/94OQHD4DzwRBM/gJFCMEXwShZg5gS9aWVzrNTGmrEaSa1eTkZubsvoMOHdh49JS4TBS2cHa1FyQAwlJ5Ha65nz0S9tcG/OYdk4f1x8=,103,97,51.50,126.0,3182,126
8-6-9-12-1451689780,100020,129,45,34.88,DchJEYBADATATI7NhQbEUHhBHx9sUKwi9tmtx3Zecz63fQRiYbUBiBNZZGWWcnFHLBKsWcp1GFwKga5VyZKRoxtC+/sD,173,27,86.50,66.0,186,66
7-4-1-15-1194753862,100090,129,78,60.47,DYi7EYRQDAMlW/b7kV50RdDCtXApnTFDG5RCP1jB7qz03+79+V6f3wmC5jAaJRMJhUN1VyKiAnBEmrksWDNmZrTso5XaHIU1u4++phaO+wU=,169,31,84.50,81.0,1039,81
7-3-4-20-632127490,100052,129,14,10.85,BcG5EQIxDABAvZYlf7KPGVoloRRiGqAcYupgVx43mffX8/P+ARILAwuCKJNSseoqDk7iKBygiK2PphrdjWB2UMGCTchLzBWLcvdTiPc1WorWcbYx2rh6q4onRw5jKi17BkAsu2Zh+Mof,152,48,76.00,120.0,976,120
7-7-4-21-1862221973,100064,129,44,34.11,BcFHAQIwDADArDbpTgcm0IIlsMAfAwgAeTy4k8flc/fX7Xv9AQIRAwoxEUCIENUwEAmmXDhUbSKp9WzatFfSMtwMc0lVfQ6TuvZpyKXkVWF7Hmpnpxx1+pglEGpoMQAiS3eDWJMPG3ZaWpHh/fwD,116,84,58.00,126.0,2046,126
3-5-4-14-1173138151,100074,129,91,70.54,YzHjO7RxxS+PF/smMDAyMbOwsrFzMDJysLOxsbKxMTNxcnFz87Dz8HLzsHJxsrIDpRm4eHk5OdiZGJjZWFmAyhi2LQEA,182,18,91.00,54.0,113,54
2-9-7-11-1713481379,200003,129,58,44.96,Y9HiMjo2L70p+KILAyMTIwMjMwsjKyMbOzMDBycnOyc7IzszKzsLKwM7IxMbBwcbUAUDIwvD2hIA,200,0,100.00,42.0,100,42
7-2-1-17-912145024,100081,129,19,14.73,HcY7EkBQEATAmd3Z95e7jVTiUkomdTXXUZSoW+s0P/e+LQdBwFyfDP11Jsslqswj2BCRxU52oA0au3IZo7F4FSwlVIeE63wB,74,126,37.00,72.0,861,72
6-2-2-22-1822867831,100086,128,24,18.75,Dcq5AQIxDABBSdbjO/8fBZBCTGfUQA80QkXXB442mOX37ZqP1/37/AESOhZhJVQzFWMhYUM0BcCdTchOicwR+MMdfEqIyQjEx8C5FO+wltqEolfDrin1NHDOVv3ad84nreXbDDpSh+ESfMYf,189,11,94.50,117.0,1456,117
3-8-5-15-1468565159,200013,128,64,50,BcFJEYBADATAXDuTvfhgACFUoQIrqOCDD+zgh+44lofnul/3J2oeBQSzNsKte5XBYhicygkr2lHVPUymJrxxdG1IEhayvT8=,165,35,82.50,63.0,174,63
4-1-2-14-1340561056,100085,128,65,50.78,DcWxEQIxDATAO51sS7JN9ENG9C19LQTURiGUQgibrF+3++d7nM/HCzTK5DTA/J8LrbM7aTJwtDF6ZNmccjm09m4RhaygprFiJTOrtBc8w0Hg/QM=,200,0,100.00,84.0,1221,84
8-6-2-13-2137083077,200010,128,63,49.22,DcixEYAwDANAWVHsxExEQUmZ0ZiCaaiYgTGoIN3fa132dzvv57tgIIlC2JSpSh5EA0PsXpXu2QugLGZsmtXD1TCOHw==,200,0,100.00,57.0,302,57
7-9-3-18-80578425,100096,128,26,20.31,BcG3AUIxDAXAp2AFy4nmbwAVNYMwASXzMhF3+rldr+v5u7+/IDCJQFgbA2qu1hwamr3aSC+KaZ42s4ZbwoMyllf1gESEJXPR2o5+zrDINbfaPiLOaYTH/AM=,143,57,71.50,96.0,1828,96
5-5-9-15-1074031921,100013,128,45,35.16,DcW7FYAwCAXQFyCQD8RBLF3C1p0cyGk8xynsrcxtruzLu92rXseJBGLJaqDCQLXWZ+xasrjDIjAmjzAiSK7aOlK1GMQjmNwtoZeG7/kB,119,81,59.50,72.0,208,72
6-6-2-15-1365170985,100075,128,20,15.63,Fca5EYNQDAXAp1v6B5VQCUPocRNOnFEJNbkANwRstPpaPv/tfX73A8RCzKRirv7EHASlIBJYliGAsgoLmGTx3TQIhzdvyj0zeUifs3vRHEMbfusF,52,148,26.00,84.0,2398,84
7-9-7-21-163881222,100094,128,56,43.75,Fce5EQIxDEBR+ZAt2ZLli5yAlKpogk6IKIF66GJrYJn5wfvxcXl/r6/b867gfAjBgY+YMsKpgDFT5FJB1J2rKTE36//IupI4Iax9FBxzjjVRtzH7LIxbVFej1s362o2kVET4HD8=,183,17,91.50,99.0,799,99
6-9-3-15-822608128,100013,128,75,58.59,DYw5EYBQDAVzvCT/xAglJmhp0YMgRKABG1ggzRY7s4t9+bZ39fu4iIVYFUbEHiSwEqlCTCxqc9TW1fpI8AwncOFsNMbUNjBLheRB6Hx+,192,8,96.00,72.0,309,72
1-4-2-15-360915791,100047,128,65,50.78,DcpJEYAwEATATWb2SoIFBCAADVQhAz888IEaTCADfv1obtP6Xsdy77OIlFoBFBaqoprSwxNqER6AMrN179Tf1scYmZEAqWHe2v/NCTmfDw==,191,9,95.50,72.0,1364,72
1-1-1-14-780508103,100066,127,50,39.37,Dcq7EQIxDEVRydbvyRLxFkQHxFvEZlRFCZTEEFAAzs7cuXLe7s/34/O7XsRMPCYLyWRm2d6aosY+QiEzc7j6KmtUAiPMsVZY50B3BRqqRL6bWhvSUVUr9kvf4w8=,178,22,89.00,93.0,1540,93
1-5-2-25-1984696651,100063,127,30,23.62,BcE5EgIwCADAHBBIgIQcPsrK0tYZH2Jv5+esfIy78Lz8vtfb/fF5h5hyCBCxIDHWJkktJyYpan1Er6Nmm6gqXEQZXdraDWbHAkYoiESG2vd0WGc5jHNAfJszUykoguFFfw==,163,37,81.50,99.0,1176,99
9-4-7-17-1917687425,100070,127,56,44.09,Dc1JAQIxDADAnE26SZquAxAAD/RgA2E8kYMTGAMjr/Pxvdyvz9sbkAgBGYQVhpGrzUN9hNg47MBIlym1LLtljJlpmrFHra4VwRktWJlMy1fv2BlrK/kORIBm1f8ARAW+CRWUCwDm5wc=,180,20,90.00,117.0,3383,117
6-8-9-16-830980906,100087,127,36,28.35,FcS7FcIwDABA2bL+kkXDYCxBlSEyCCNQZyhaFuBxxa3n7f44r+N7vWBMBFhIPCYJ/EcBUFy0hs0hrsIWKVFFu5O9Ocud9k4q7WDHGI06rVSFYmsSp0X3dt3TmNUK3p8f,85,115,42.50,102.0,1246,102
9-1-6-17-1120475170,100048,127,43,33.86,FcuxDYAwDARA+/1xHCdIjEJLy0pMxAoMQckozADUp+M2XfOZ93LsojCChBavHh7SmrFGRu3eXUeogZDWR+YooFGEMNMvhPy0Pi8=,120,80,60.00,66.0,528,66
8-6-6-21-1795695117,100089,127,43,33.86,Fci7FUIhDADQACGQ8AkQLBzF4wQOY+MSdo7lNg5g57O75+LjdPs+r5fz6wPgfECPMZALREDpH5mlxOqx9eNaaAAK0HwFX5u6HKi5VMqBjAPL7IuJRG3nNSdnHpbYZLHsmAy7BrUiRSXtZAPu7x8=,197,3,98.50,114.0,1026,114
9-5-1-13-368559355,200015,126,85,67.46,Dcq5DYAwEATA3b3HPhpBQiIlcIBERjkUQ2kUhLMJxo9lvd/vOfcNFEz0UGRz9DCbtgTK0J3FLsBLzBaaQwoarvED,200,0,100.00,54.0,270,54
7-9-7-17-2021268411,100063,126,31,24.6,DcS5EQIxDABAvbYsS7KvLCJCUmaoBjL6oB4iiuE2WHkcv+/leru/X4CEDEKsrTPagO6TOJIiaiyB2tWSDfQk01llmxnt8qaBkSgxsu81zOXcx1pbylehaE4lSIHP8w8=,77,123,38.50,99.0,896,99
7-4-2-12-890590960,200015,126,60,47.62,Hcc5DYBQEAXA9/b4eyCEhISWkhoTeEAMNnCDIBKmG9um+bjfa18XkISIguaDFgJNsajo/qvsIDw5qjTSVU0MOJ8P,199,1,99.50,54.0,233,54
5-1-2-16-1664513102,100085,126,108,85.71,DcyxEQIxDETRlbSyZVv2JQzZRdcSKW0QUAfFUQohnp+94PNx3L+/2/U63xA1qimcLmIstaIGWye2umCkz2itu3EnUkbmHAs+s8NUWYLIWEsi9yxUDM/PHw==,185,15,92.50,84.0,855,84
7-5-3-21-213695352,100076,126,29,23.02,BcE3AUJRDADA9OT1xooFBLEyYYYJZQj4WriT5+26n+v3eL8AEAhYFIBMHEFDE1hA5FKboPTBqEhIaXbXXAbN6dHMhBdbs7XPrq6bxEsO7/XESocHw/fzBw==,68,132,34.00,90.0,416,90
4-9-6-14-228279353,400012,126,44,34.92,DczJDQJBDARAX23P+OC9AWwYEBASEokg0iMd9l8qe90e9+Pze55fYlFREzgZXDkYJi7utnR7ZGGXruqYaHYwOgK5UYPOqZrJ3Lsv4nspYrVramlMhS9AlYnIr92E3ucf,149,51,74.50,108.0,1441,108
7-7-8-19-730839492,100086,126,28,22.22,DcTJDQIxDEDRLF6zOLGhAq5wpjNqQaIRGqAV+pj5T/rwuvyv9+ft8/imXE61AmJOCJm4cpJCgqBYc8XWlUSlNabWx5w257LNy3sfY5qeG412Z4vtHuqViy6zVmzTWiAmtqH0WAERvj2dvX8H,116,84,58.00,117.0,1269,117
8-5-9-13-822468620,100081,126,50,39.68,Dcq5DYAwEAXRv97De5iciJguSEloCtEi7SAsTfCCkXNZv/e+jocAosbMoImZMNS6eSRploPZWjWSIajKDC9zt6gU0SE6z645FNi3Hw==,130,70,65.00,72.0,828,72
9-1-6-22-423181991,100083,125,55,44,HcPJDcJADAXQ72XG41lNCbQQKV1w5EQ1SCkjJaWhHJF40tPP49yv4/26vyCwaMpsRiiuuTannk2GzGVR20jaClOEm/0PMg8HSk0KIhXE6ugzhMPZ13QIKxGe2w8=,192,8,96.00,90.0,753,90
7-2-4-22-1752581290,400017,125,20,16,DcmpAQIxEADAffNfkt2EDlB4OkLh0TRBN3SApx8YO/I4ve/Py+11/gACEgOyCCmRCAYCRVblKP8hVeCUpVTg0A6Vow9ILYQRWGZGi4alHtR66MOgmhfqnXUsWduXz9w9ue0954xoU4fDgO/1Bw==,126,74,63.00,117.0,1050,117
9-5-9-21-732773474,100097,125,28,22.4,DcrJEYMwDABAy8iXLMkXZdADTfBmJiXkR4mUkQIy1IDfu3isz/XfvvfnZ8AuiA48ggkxQTTBUmZRLVpZqQhVIbRxAUCYlalMTbWJ89J7Hz6PwUkb50bowmxmP18=,144,56,72.00,84.0,254,84
8-8-3-21-2034792866,100064,125,18,14.4,Fcy5AQIxDABByZYsyc/5pQlC6qAlaIGcNqC8CzD57NLz8nm09/17PQEdOI/EwYmC9xaDY0ILkR2iUHIQmSWDlM0kq+oRq2JL3TooVoZmUUoInHPenfH4n8rmlmPrlf0USaWOtUa1ojoPqkYH0Fzwuv0A,182,18,91.00,126.0,1848,126
9-3-9-15-1133620942,100037,125,44,35.2,Dcu5DYAwEATA9fnOu37IKYYIiVIoCImAEuiMNnA60vi+vOv1ndtzI1l2BKLQQrSKGqDUOkgqM6Y29T4avCiZeU4FHEMRpjrrsf4=,92,108,46.00,66.0,318,66
7-2-4-19-1109419294,100083,125,48,38.4,Dce5EYQwDABAfZaFJX/0QheERFTDzOXXACXR0IVHtivnem/P59h/FyCxgCRCVdAMYgtgWfCNOaC/yuFVigenaIB9kBZzBIvMyEokY1pvM2oNb93m0MTCBN/jDw==,178,22,89.00,90.0,643,90
9-5-1-14-1975175173,100051,125,66,52.8,DYy7FQIwEMNs3z8BlqFmIEaBhhUYkRFIqyfJn5fP7f29P/wFihBIk2BwFz3CM6uYaaaO6UlFrTZG4GiU70kw9goiZ5ZORoO5dboOqjpa7xCr6WcMXH9/,197,3,98.50,105.0,2034,105
9-8-7-18-1948295917,100079,125,70,56,Dcy5EYAwDABByXr8yW9GTdRAG1RBTkhJVEIPOL3ZOd7n/W3vdZIBAjpiFvUhJoRsRaxqadJlcFQXJEJnLaFx1SHeksMEuGTunpDbqkAIa3Q8Pw==,154,46,77.00,75.0,386,75
5-7-3-9-365021779,200007,125,83,66.4,Dcc5EYBAEATA2Z3ZBykYoAobCMHBRWgjQQgBKrioq7Uv43iud91umFPhRoTAKSGlxGA1Ys7ojrBsIbOQ1Wkhx/n9,200,0,100.00,57.0,276,57
5-4-4-13-1997330987,100090,124,33,26.61,DcpJDYBAEADBmZ374MkLEVjAAvJIsIEUnCCA/XUqzefy7O92r8cFgAMJWERtuBqZRTK7GBELCU0DRnWZIwPA0BlagT3cqzMyIrOrK7K7Cr7lBw==,186,14,93.00,81.0,1051,81
3-2-2-20-1071731048,500001,124,12,9.68,Dcq5DcMwDAVQSpQ+dVJXGrsMMk8GyMQBAnggu3Fe/dz78ft8r+15nGQsOw+GCCTElEstsKosuYpL0aFKTIGhrQMcrBgdnnprPXsyRaBjzvH/a65Fr/0G,200,0,100.00,78.0,392,78
8-7-8-14-880170171,100020,124,56,45.16,FcrBEYAwCARAQg4SIPhPO469WJ8f+zAVqd+dxb4d51r3JQ8VroCIciOhgs7mIaGiDQ6tXrrFb87xDdUR5FnNDNkHjyTK+QI=,174,26,87.00,66.0,181,66
9-5-1-17-465729592,100088,124,29,23.39,Dcs5AYAwEATAvW/zIwIRaEAQerBBiwLMUNCS6cf3Jb73Xq9jg0BNXMMgZEq5pNoYWnMpfYzRCDPUzN4ZrpOHsoXNJxADKSIBPOcP,80,120,40.00,72.0,1604,72
7-8-8-14-1731635165,100067,124,52,41.94,DcZJEcIAEACwve9FIBJAA0paHQjBAn800E8mcr+9z88jjt8LAAmYL0hUSMRYxK+aWzCGArglWURxSFYWtrpDZ8LEJE7V4ChPrdL27rotdDc8v38=,188,12,94.00,90.0,1198,90
8-6-2-24-125352876,100096,124,13,10.48,Dca7FcIwDABAfSxbkv82LxvQpc4gTEDJvGzAJuSqC+/HcR3n9/n6ABICBxQS5AgE4Y5A0mCAbpTFGKiosqJYVPeaG2d0TqWPOFfvew6FoatCQfdGaS4lsl23WoNf/QM=,54,146,27.00,96.0,1385,96
7-5-3-17-1829690741,100086,124,43,34.68,DYzJDQIwDMCSJs3VNikSE/CFN5uxDIswA4OwB5X8sGTJ/Lr8rvfn7f34ADYiJESGowDA1FrHxsSHE6ULNLWOHsN0DlmZ4lXWwNVTatZgyr0rxp5Kwp1DLAzHyq3YY6cEaq0B29zl3CG/fw==,66,134,33.00,117.0,2239,117
7-1-5-24-2044812687,100070,124,24,19.35,DcxJAQIxDADAnE2abnqtARAAD/TwQQTCkIQTGAEj7/Pxvdyvz9sHkJhRWECBRIoRCBiJEzEoUq1c0DzaEdagcFGw7BU1crSjq89prNkHTh9rpa89j4DInsg0PUT+WfTdw0tBjukb4Xz9AA==,176,24,88.00,117.0,2552,117
7-7-5-19-1800603109,100069,124,17,13.71,DcS7AUIhDADAACE/IIG8yn1cwxUsXMElnMuJ9IrD13V/nI8+b18otQG2/xWwEzCKVFJjRNKCdcwKvdES8thc+snNY05JM87Zdc9FXODEiNZpldY5heKMpeGh03yYLycdnLY4XYDfPw==,193,7,96.50,114.0,1477,114
7-9-3-22-1828948286,100061,124,50,40.32,Dce5EQIxDABAyZKtx79NB/RGRhmENAEJM7TD9cNttny7PH/34/t6fAARw4koBOSYRBHOAZozOmZKpTqrNFB2MomxZypjzrGa72GBZYExioKoshWufe7aVlfdIprdJDFc338=,188,12,94.00,102.0,983,102
3-2-5-16-1168779549,100036,124,70,56.45,BcE5AcMwDABAfbYky7LCopwKIwgyZQmSIMhcOMXQpXfy3u79+n6O5wRAIkaRJthFzXlwmEyURAZwInWzUF+eZapECWBYqra6VQbPphnlgz0q3fqIast1wuv3Bw==,147,53,73.50,90.0,739,90
8-8-4-18-1901312975,100063,123,18,14.63,Fcq7DUIxDABA/+LEjuMkjIPEAFSUtEhsQ8dyVAzDoz2dPE/fz/V2f7xfgEDAAiQoQgyFiJC1VhHAZn540641RrrMLM2JDwdS4xGRfaxc/r/FfE/vudsKQFTlbWEzA86XHw==,182,18,91.00,99.0,636,99
7-3-3-12-1460868201,200024,123,54,43.9,DcWxEYQwDATAO51kyfZXRUT88Q8F0AEdUAGF0Q8z/Cbr6+fc7ue77BcIE5yQ/TeQZlCYi9ayilndxvQR7NGUNamAOxMzo1WUvGskfscL,165,35,82.50,72.0,223,72
9-6-3-14-742420554,100023,123,62,50.41,FcJJDYBAEATA7jl2Zg/s8MMGMnCFBv5YICG4gZAqm6f13a/z3h7wJ6rmJcBMImpVMmrrQEint2GAl9JpMVrkEBzLBw==,164,36,82.00,54.0,135,54
8-6-6-21-1192627533,100089,123,39,31.71,DcuxFQIhDADQQHKEBI5AwMJRfC6gq1i6hJ2b3gB2Xv8/vS/P3+d+u34PCBCRtpiYkICRswBEhaI1bbQ3Nm7MiDUErXgaViRKO6r0kVp3aWf2yN68AMw1fHUvcXSrUFfbjVI2m1mndKldDF6PPw==,116,84,58.00,114.0,1066,114
9-6-6-13-850929096,100084,123,51,41.46,Hcy5FUEBFAXA+/ZVB35PqiBXhS7kjjIUxpFMOHo9vV/nz/32eIJYlAhiHsmSalFtls6w7PTxjHZX2erJ6qSqtXBEb1fNT5+toSiQ/C8BM4TBrpqYFWIcly8=,194,6,97.00,102.0,5465,102
5-4-2-21-1679386149,400012,123,47,38.21,BcFZDUIxEADAPXvstq8nCQKQAYJIkEKwx88TgQRm5HV53K/v7/P2ASRmUQhRIWU1NDJnYuNopUo9BKO3KtgtMTDkLqapxtFqOUac7m3tA2sfEotRykSwdIa0dwpTlxq4AysoMpy/Pw==,150,50,75.00,108.0,1025,108
9-8-2-14-1170421176,100080,123,33,26.83,DYvLDYAwDMXyeWmbhFFYA6nr9MiVKRiGSViDBYjlkyXj2K77/Z41JzGxqCiDzKwBfQy4t6ISBSAJMQ91ZyZl7Rgpkd5Vaqi/3M8f,123,77,61.50,69.0,560,69
3-9-8-16-820103229,100050,122,60,49.18,DcWxAQIhEATAhV3gDg6+hm/C1A4++8AKbMp+rMlMkhldx/04v6/2/CBlqlSymUt9NDBxFMLcTNgEVGIkVTTlbuY+Oz0sgllExfI1IffY/d5/,175,25,87.50,78.0,1176,78
8-4-2-14-1005673411,100088,122,42,34.43,Dce7EYNAEATR2Znd2/uRBEEQAwEpN7kEhIeBI0NndNVrP7d4n2v/fg4YtQIhp2hBFJMhHay0NJevV6NCraDn8DlGtFkzyvTofSGB+/cH,141,59,70.50,72.0,996,72
2-7-5-15-839304209,200053,122,53,43.44,FcU7AYQwEATQ2WSyO/nQoAoDyEIIPuhpkQAq7qB5j8v0zNd+Hr8NljILCQI0N5iHPp1WaFHpjWhdbiVljAqNOtQiclJEdKm/C/f6Bw==,200,0,100.00,72.0,480,72
8-3-7-17-2010310274,100050,122,49,40.16,Dcq5AYMwEATAvdNKq19uwU2QEpOQEdCb+3EhbsRMPDxf1/b+3to/MHc3WDBnTCkBQi5VmRJr804Vehv5Oc8MYXZGao5FwKzApDVXrF2DDcfvDw==,161,39,80.50,78.0,864,78
4-8-7-21-761526990,100078,122,34,27.87,Dci5FYMwEAXAv7qvvwLJlEEnJDznroKUGtyee3FiTzjufFzf+/Xc3wfEWOdDjBbiYFMuVUpDgIgHE1NmdSIIkaJqui7rmIVKPzmb6VjlX4uO3CsH0fDZfg==,117,83,58.50,81.0,821,81
9-2-1-21-646048621,100060,121,50,41.32,Dcu5DYRAEETR6qN6bmzywAMLhwiQCAB7M9sgGX3vS8/v5b/uv2N7Toia0wxqpEbKRdwRAtTm2uuoYw4dAWOYzFx6L2GTQTAdlR4l5dYyhZaouN4P,180,20,90.00,84.0,835,84
8-5-9-16-1914440053,100013,121,71,58.68,DcPLDYQwDAXAl8TOs/PlQBccaYIrJSFRENVsG9sCjDRyLP/9t+XnvBEikEQF+Usz98LaGGpG6co0ZMowdTHrxXMNjVMZUx9Uh02PBNFwrS8=,197,3,98.50,72.0,229,72
1-7-8-16-946343604,100075,121,31,25.62,FYu7DYAwEMXeJffNhcUQJWIJGjo2YAMmQ+xD6GxL5nXan3m7j+UEoaDUUglExKKqlYRhxuph4dGambk3zwz/wUaLIb2JqUgkk4wZ0VnRkYzr/QA=,165,35,82.50,84.0,4195,84
1-6-2-25-1721442480,100061,121,38,31.41,BcG5EQIxEATA0TNarZ7TS4pgEQYmSWBRRSqYRz50++vled5/n9fjDWONcc47kAjBSqRV71MuYBKwkjkgZinpSDWz9a5D5ioTISKLEjUB0lAOjpKoe/W5GVbLMZQRdesR8b39AQ==,192,8,96.00,102.0,910,102
2-9-7-14-1293152317,100010,121,33,27.27,DcixDYAwDARAv52PEzvzIDFIenahQmIDNqBmQNKdrmzj2O/ze+clgJrCioFUstK1VfbFWCk9GpoDmanOjqgmKPKMHw==,200,0,100.00,54.0,186,54
8-3-2-16-933395303,100041,121,34,28.1,Dci5EYAwDARA3Umy/NMEjUBEkfRHAQw5ntlo7dpuxfm9+yEgIbqYuaYQcTUaYLkgSamtj5UQFuNI0Bi9tzojqpKcaHkye8jjPw==,96,104,48.00,72.0,184,72
8-5-8-23-172871778,400014,121,29,23.97,DcbJFUIhDADAEMKWwIew2ZAlWIXPEjxbgWVZihV4Uec0dDtd35/n93U/g0FLBskCwD/OoqdgAGMiFpNLQTqqgYZBWYUl5W7LOLxIaxxlShLNnNNcNu3sp/Ne9ooh9LoT69Dag4Y18uEdXB4/,62,138,31.00,108.0,1771,108
6-8-9-14-1463785407,200013,121,68,56.2,DcixFYAwCAVA+EAgIbFJ7Sa+5xSu4hQ2lg7mPnrl6b7cfsztvF5iiFphj2otA0KJbsNQe6T+7Y2lAgIl5kSRLKObjGwRMHrWDw==,137,63,68.50,63.0,190,63
8-7-3-20-252761007,100051,120,19,15.83,BcHJAQIhDADAJEAurgBbhH/flmERlqIfW7BUZ/Lr+o7P7/7Ib0AgpES5EDIBF0kqqlDIFEHEPUku1blBHzZHhISunXEqMDMWWb5phrpY39ZOFQVAbLHoUC2G3nXYCbg9/w==,46,154,23.00,105.0,870,105
8-1-6-17-1477506021,200024,120,61,50.83,DcpJDYBAFATRv9E9K3giHDgjAAEoQQHC8EPCXCp5ScU+3+f7Hev1iJp5yOSBESaDWs5kcHJASlVriiz0ThiQ6hgYjeHWW5JatA8X2ZYf,149,51,74.50,72.0,213,72
5-4-9-18-1324428633,400011,120,16,13.33,BcHLFQIhDABASEKAfCCxAcuwAwvwaFP25WVvW86+naHv40nH9f+dn1IBqSGXzjgmAhZgEWpqPtZ2CXax5Mi9nCUDwmNAbKw5c81eewSou4lpipuaqIc2kvJ+3Q==,22,178,11.00,90.0,514,90
4-7-2-13-838269404,100079,120,61,50.83,BcFRFUIxDAPQpkvSdRsCeJbwgwr+UcVBCR64l4/b+3f/vp7jBBIxSNmmErRYs1W93IMmK7HPPtbu00gpIoaQnEtArZ4OuCrj+vwB,173,27,86.50,75.0,768,75
6-1-3-21-897229211,100051,120,23,19.17,FcY5FQIwEAXA/XvnTrBCjSCkQIMFLFDijsdUo/fLaz7f15s+CCwKwMTJ/yclYRcyNWJhRVCWahTp2rzAe4VySXSNMQPNsjDJWiwVPWbZyHH2cS97pKwzo6k50+f7Aw==,162,38,81.00,105.0,1541,105
6-7-6-15-873237745,100058,120,60,50,BcE5EQJBEADA+Xb+2UvQgYRLzgKFORSQoQcnZHTL43jdfu/78/MFJEYgIBSmpSxgHlnSPNETkZ1UQmWWKmra5aEOS6ocYfZOx9HgZkvvbbMG4bz+,166,34,83.00,84.0,604,84
6-4-1-21-1255563448,100087,120,41,34.17,DcNJEQIxEADAuY9kZhMeqEANJnghAiHoWANIwgB0Vcvjcr2/zuf3fAMCIgGwoDKYGSEwgiALoP9LIHuOmTlGqWkbQRBT1rGm91wHJBlWV3QQbhc9trbTXhSeClUd8Ln9AA==,195,5,97.50,102.0,1435,102
6-6-6-14-1023056531,100071,120,55,45.83,BcFbFYQwDAXA3LyapM2q4aABDWjBAFKQgxz+dkaP3/PuZ3/3RmBhNR+RVWKg6au4jOEmRCXsnEZaI5Z0BBAJJDJ7jqZpC+HqQlf8AQ==,126,74,63.00,72.0,352,72
7-7-2-23-583667157,100069,120,27,22.5,Dcq3AcIwEADADwofJCu6YB/WYAUXTMMIzMNEuLviwvt8vsZHr8cPEIkDIGGElAU0JEZTl5hUMd2MgaN55FLFgQ8vQUzJpVlXLOPwbJjmGgeRZkghFmruU7ZX2+Xeutoyq2OL9D4Zvtcf,113,87,56.50,114.0,1155,114
7-5-1-13-1382499388,100072,120,69,57.5,DchBDYAwEATAve122ysJCYoQwhsJSEEAElDBB1Ewz9E67df9HOe8IIIBkGCJUCXM1s2e/9ujCL0Z6ZCijKyW3CyIowp4tw8=,183,17,91.50,63.0,458,63
8-5-6-18-1049047617,400017,120,15,12.5,DcmxFUIhDAXQlxASIJ8EnMHKuazsrV3CbdzA0oE8etsr99Pr9rhcn+c3iEBcGMKVGMzQWoqIKci4tD7YD0Gf3tSiYVjXyLC1106fLhU019Sj9iIWg+ho/M8ZuRlemXJ77bzRWtEZPRcS388P,80,120,40.00,117.0,560,117
2-1-2-18-1960590265,100096,119,30,25.21,DcyxEYRACEBRQGRdFoE1sAMzYzuwgavgQouwyqvoNvwzfx5/t/3az9/xeQARCCeeSYosDFWbNVvWWs20eSmhqqNBJZOVyMYbnmm2SioA4zSIcJm1dycK72HiMeBEBnjvPw==,116,84,58.00,96.0,1414,96
5-4-2-15-1947184706,100047,119,23,19.33,DcZbEYNAEATAndm523siIQIiAA1UIQNH2KAwgKLICP3V2pb1dx7fe/8YQJAOpWzhpSaYvNUIqQ8XMaK3OpSCxugzt5nfOoxFUkwWOMKu5w8=,87,113,43.50,72.0,1062,72
1-4-1-23-1144387329,100036,119,72,60.5,Dcc5AUIxFATAJLs/78jLhShEIAMFVDQoQQE1WqhwAdMNL6fn9fF93173lFMBj0pkgaSi/5gLvGYvzRuUTcOCEUeIAehGVFgbc6219yboEiRVxbWxj9n6HJbOnx8=,200,0,100.00,90.0,740,90
7-6-4-19-883165528,100069,119,18,15.13,DcvBAQIgCABAEFBQVKRXizRBa7RCj0bp1VxNVPc/fl3uj/Ox5/ULgFCgIBCUQoxcpJambFi5CUBvOAR9VuE1hnjfzVq32t3UA5jPMR2kEfofE7ESST/KmeE0l0XunHOP8OxztRzwvv0A,171,29,85.50,114.0,1371,114
1-6-8-13-133442016,100075,119,47,39.5,Dcq5DYRAEATAnt75L6JLAWEiksDBIxJMoiIh1i2Vbr/jXfb7XC8IOTgUKgJzwUAoLVFiYHlEJyvD29uyqlKmuVEawSyb0JKzVbZjLjqe/wc=,195,5,97.50,84.0,6176,84
3-1-4-23-861982335,400011,119,25,21.01,Dci7FcMgDABAEALERz9In51ceilPlAXSpMs4efGVh+fjiZ/f+/oeIUJCyAUrNeiD5giBG0hHhcpTIibMqUaZaqCGCM2H5m7uTIT3kMFyXlt4l7LVl7EIOIXX8Qc=,115,85,57.50,90.0,605,90
6-9-1-23-1121406528,400012,119,21,17.65,BcFbEQIxDADAJM27zbW9rxOADBDEDFIYXKEBO+zy63zcr/fvefsAUiMWUQVzN4nsoxIVXAwzohVrS0KrdCdmQo7u5Qd2mcfaIMeeK4AnK0pgUEkMFlilvq2suFxHaijC9/oD,175,25,87.50,108.0,1209,108
9-9-3-15-1021816532,100088,119,55,46.22,DckxFYAwDATQu+aSkraYQAQakIAQvLHiAxkMrDD+97XN/j7Xch4rCBaTg+aKOmVrEWnu6m3U3vUrbRp/hYQyqLSUE25kESIAkNjvDw==,186,14,93.00,72.0,1492,72
8-7-2-20-623254000,100050,119,39,32.77,DcG5AYQwDATAlWTLsuWPmIgmSOmAjOB6u36ohS5gJpzLtW/3Lx1/EFgYFIggkVWTIWQxtSJwq1ySq0SQB2Tmpt1Hs9mmf6KAstdqZYyuM3Wszws=,100,100,50.00,78.0,567,78
3-5-2-13-1254451008,100074,118,49,41.53,DcmxEYAwDAQw2/9J7DisQ0vLeIxBxR0LUDANM1CBWnGe7nN/1+faRM0AlmrWHEHQlF2apzdJ4r/sjDpGL0XDiFFBWY4P,106,94,53.00,54.0,131,54
6-9-8-16-392271464,100016,118,87,73.73,BcFLAYQwDATQTJO2mX5xgAKu3LggAROowOHaWAUY4D07l+29nvX+H4IANWhM2Vlqc+8qFLKUmDNCRPVBNmiy0DmnN6pbn4OjAkkh++8D,199,1,99.50,66.0,233,66
7-3-1-18-1218840139,100007,118,83,70.34,FcVJEYBADATAmRybzR5o4YcC/rjBFgjBAloo+tO2L+nPsZ3XC5CE8I9UqpnDxQRaAqwRSWuldLUxXbyPOau6A9nSVKS20XGvHw==,200,0,100.00,69.0,260,69
3-6-3-13-318839424,100034,118,64,54.24,DcKhFYAwDAXA3+QnTdMyEr6GsZgDi0KxDI5R4N5xLu/1HHO/NxRRgvb3qmJeQA0HjGhMNZYuUZFmPoI1RXp3U8TgaBnZUsNcsJ4f,196,4,98.00,72.0,339,72
3-6-3-13-247210651,100034,118,58,49.15,BcGxAYAwCARAAv8EQtzLxpmsLJ3BDaxcxs5RvMO6fPd7rcezSVMDCKHTuoa3DksfhKMyjL2VBjFiIgYkVFmT5lmSs7JSTJwq5/4D,129,71,64.50,72.0,219,72
9-7-2-14-1221182432,100066,118,16,13.56,Dcy5EYNAEATA2Wf2uTuyIgPZCkKeoiIBqggJSwEIt43297Z/r9f9+xwQFVWYmtM8JJLOgLCkI2R0EYOJLjO2Z2iHZ9UUAFmLMpeqq0Q0n8XUzXPNgQfR5x8=,48,152,24.00,93.0,2823,93
9-9-4-8-1006351591,100005,118,98,83.05,FcoxFYBQDEPRtEla5KAB5OCMmQEHyEACOxP85Q33PC3Tdq7vc8w7IjPxFyAoydVNBvm7klR02S1zXEPCVlepitlIXPcH,200,0,100.00,66.0,345,66
9-9-5-16-48720430,100005,118,21,17.8,Dcq5EYAwDARAnc+P/MimFGqAcuiMmICGiMkZAth4/TJt5/rcx7wLHEkfootgguZSW7aeTaM3hWGEkkbq0D8GTwrYa9NRtDYjTOS9Pg==,41,159,20.50,66.0,149,66
7-7-9-23-1609987689,100052,118,55,46.61,BcHJAQIhDABASMIZCBCOrcxe/FiKbxuwGCvYOpyh50VyvV/fz20soCF05B0EGyCmzDGUmp3LJXmKHGuW1kemqkkwJ+bKZsyiEFXaVI7S11bwu60+gWbvU7Bu2V2l0mzpnO2snp1WQydtqCia3+MP,166,34,83.00,120.0,726,120
8-8-1-19-729303334,100065,118,47,39.83,Fci5EUIxDAVA3ZKfLVMNXdEJQx30QkYbDBkJIZ9kg7XL6fl+Pc6365dYVM3cSVxY2IKSyWpAhRUT+o+DKhGdnksDvXeHGRl5DVF2zwSqsfz4bo80qo0U5pU1ZhSygu6fHw==,158,42,79.00,108.0,1805,108
9-4-6-19-1814215748,100070,118,35,29.66,DcxJAQIxDADAnE3bTY8EAyAAHujBBsKwgQHeOIERMPI83b/n2+VxfQESM4KAFlMTI6ytEx/e29HL0LmGlbrXMSLHaCV2lUyHkTHdJ81ZFMvaJskZa8Xa2xktNhoDOiEwGfFU/d8AJAIMn/cP,164,36,82.00,117.0,3196,117
6-3-8-13-1385244254,100026,118,16,13.56,DcgxFYAwDATQtLlceykTEwKYGRGAIQTgExs8HMAfP/ZpOddnu9/LSnUAwdZNIUFdAWYWsg2wC8PlFRITxf6spB3zBw==,185,15,92.50,54.0,161,54
8-7-6-12-1524927965,100066,118,34,28.81,Dcu7FcJADATA1fdWEiEl0YFjauA5c1WUQElEFMBlk4w/b4/rc3x/5xsiCoW5mKsFEh5LHICbYjGZtjSq26hTosrlpERyQqV7R2vPGM6eNVlR1hshxOv+Bw==,180,20,90.00,93.0,2355,93
6-1-8-17-289327490,200053,117,43,36.75,Fcq5EYAwDARAPWdZsmwCqqI5CqEPchICWqAKnnBnFst0z9d27M9KzKKCYtVQyV2KhDZLeNco1JW5CrGQJ8K/oIh07tDfAzFGomWj014=,195,5,97.50,72.0,283,72
1-8-4-19-1390414,100081,117,50,42.74,DcHLEYAgDAXAF/KFAF7txqsXa7AXxxZtx9Fd2Zf1fa5juwlUWKAkBOOfQdUFolbAUVtyF4GVcIQN5jl8aGTDtNkzW9UamT1w5gc=,195,5,97.50,72.0,599,72
2-4-2-16-1974510745,100007,117,68,58.12,BcFLAYQwDAXAvLT5Nf3gBgXcOeAFWxjBAjb2ujP12ELec7+fjwAuQGUBCGrm4dqcuEoz44z0UrSPyWaQyt6hc6XmypE+Vm8xlX7XHw==,196,4,98.00,69.0,314,69
6-7-5-17-1855803371,200053,117,65,55.56,BcFbAYAgDAXQMTa4440BzGM5gtjDf3+tYAo9R475bs95X98ix+RZ1JNIUI1eEcQssWZJMRdHiSlUQNSicQa3Vpvrhcw6UPpAHcCgff0=,186,14,93.00,72.0,268,72
9-3-7-9-1632104210,200004,117,74,63.25,DcmhFYBQDAPAJr9NigDDDHg2Yhg0A2J4jAJnL/fp2eb1Ou8lQAKDCVZSrgKsaqr+iQGZbalHBsqO4/0A,199,1,99.50,48.0,164,48
6-9-1-23-915603189,400012,117,34,29.06,DcHbEQIxCABAuBBeAZLclwVYhaMFOWMpju3Zju7S63zcL+/v8/oBPBp1YEFl6wTiw01DwdSNkpyrcch0xI4DOgfigWHLSPbOmrrnqmFzQZhLoMpRnDlrEiSUZf9r0EUE4PYD,129,71,64.50,108.0,1183,108
8-6-5-13-1654375878,100076,116,33,28.45,DYy5EYRQDMV8PR/YRMS0QEGbbkS7FEAru1+aUSj77O95vM91f4l4KWoscA4gBVYR4qBCgVIdYZpOW7PTapsbKcd01sgaJGNbjEyXpQ5XaA/V7w8=,179,21,89.50,90.0,664,90
7-2-4-22-1681665576,400017,116,42,36.21,Dco5AcJAEADA/XP/jwMqdKWip8YEbnCApFRcPSOv2/f5fpyf+w+QWBCQkUSFVYiYhA10A4gQsMLh0Ic9LKq4eKTgKaeMWorUlrD1uI/PwZnVUbU2tTJtrt5Xb3WN2gHGGI1LKX20Cdf5Bw==,192,8,96.00,117.0,1061,117
2-9-2-13-1691152984,200012,116,25,21.55,DchLFYAwDATATTdpPlwRgAp09eGjChCDCZxggF7mMHpu+3tf8/geSKPSCIN2D2ZGsyyIWFVv6KuCDGU4Em4LGub4AQ==,199,1,99.50,54.0,178,54
3-9-3-8-1122635898,200015,116,21,18.1,DcqxDYBADENRO+c4bIKEREtJzTjXsgdTUTMQKb70iq9jWa/nm+e+gQEOKtMq25VmGs0CmeySQ4WQBkrRI4n3/gE=,195,5,97.50,54.0,417,54
6-8-2-11-42740676,100008,116,46,39.66,Y9Hikl5it/it5dZKBkYmJmYWFmZmVjZ2JiYWDjZOZg4WoAALGxMnCycHAyM7KyM7A1AJK0N7EwA=,197,3,98.50,42.0,116,42
1-9-6-15-1977044561,100090,116,27,23.28,Fcs7DYBAEEXR3Zk3f1oqggYsYAF5JNhACglyWJpbnYtjurdnueb9bJ2ocYeQGsFYPSRMkd2zlYsCzGADKQ1ioyD6wX9EerlzlFhl1lirre8H,97,103,48.50,81.0,1077,81
8-7-9-21-1129957257,100089,116,21,18.1,DcixFQIhDABQICGBQC4EsHAUnxO4ibVL2LmpA9h5v/z4ujx+7/vt+vmGmAJgJi41AQhS4zMydsqtkDQFEkDUI9gI4Fp9JhjmK4dxmESNVY9VPE2NNsdYfFZaNvNynL4369idSdbsYKxZwlP+,155,45,77.50,114.0,1225,114
8-7-4-12-349591922,100067,116,68,58.62,FYtLEYRADAVf/pnMCkETEvCAEtCBEAzgAA1kq6sPfWhdf9d5b3m8O0AMEgDcUIewEJjUXOAGjxzqHX85qEqUMszDXcVDk4eVJJfNpAobNfudieX5AA==,194,6,97.00,90.0,1899,90
2-3-8-11-3409404,100010,116,37,31.9,YzHjTrDsad6yKrSTgZGJmYWVjZ2DEwi4uBg5GRlZuBhZWFgYgWwGDi5OLnY2ZkYmVqAIKxMLMxs7JycjBwODVgEA,188,12,94.00,54.0,233,54
7-1-2-21-1755592048,100055,116,84,72.41,DcHJEYNADATAkTTaQ3s5K5fLX2IhEYfiyPjBD7q5vfbj/z7x/UCegMJIiLjJI2WhCEgvNVp0juEljLkoPMTZRncN9Drngqa1plaLlizDlLh+Nw==,198,2,99.00,84.0,583,84
8-6-5-16-1481988321,100069,115,4,3.48,DcpBAQIwCAXQzwYMxmB6tIcRrGEFD6axhlVM5M7v8fvyeF4//rr9QKDWwQ1demMdpGo2AHL4wJxdjSwax2ConLumhWrXjCwiarQhy0JU9qT0WWP5tkrnIyfzKtmFXZl2KPC9/wE=,189,11,94.50,114.0,1808,114
9-5-7-18-1749085059,100083,115,15,13.04,DcvBFQIhDAXAH0JICBDAXraLPXrSZnzPMixJC/Koc598u7yO9/N6fh8gSowshUGsVt1aHyGqeVqk1j1QuzqWCHH2OWIzmxtTqQD/N3jbKkmWzi0jwhs0USJ87j8=,4,196,2.00,90.0,612,90
4-1-2-25-1564630428,100069,115,21,18.26,BcFXEUIxEADA66kvyaUwgx9sYIEP1KADKShiV963x9M/6XX/ARIjiQKrMSsCBkCxmDTkLIqlmlC4GllpCVj6yMFcCKh5nxzKmslIY+uXgjsgYqW9u6/B8ZwWVPs8u191LGdoxPC1Pw==,175,25,87.50,114.0,2170,114
6-5-4-15-995886139,100087,115,39,33.91,DclJDQJBEADAvqenLxIShGFiXysCGyToWGMYgPqWHLfH83Wd3+sDiESAACyshIJCYIAL0Qk3IcuOLEhDiIwWGtKq/2ilL7flPg2bp1T3cLcNh4Wmh1Vqt8xWhff9Bw==,58,142,29.00,102.0,1567,102
5-4-2-21-1819458206,400012,115,47,40.87,DczJDQIxDABA27FzOXFOJAqgDCgIiVIQ9VDG/miH/Y+GX5fH/fr+PW8fQHLA4gOTRO8gURbMTgiiFtRSzTi1nnRQhJP6jifkOFS5tmmWbO2W4qiiRQT7eSyZZHsHmm5BgITZ55zZw/H9Aw==,177,23,88.50,108.0,905,108
9-2-8-21-844205472,400013,115,91,79.13,DYq7FQIxDMD8Sy6xfbbDJrRswgJUrMAGDEMPw5FCeiokz8vt87h+5/sOSCwswgCIgIIiIExAG2zYD2LgsU2DBY7eJqJMtU7DTw3Nk6pitt2x3EPLVqmZq2V4ZmWE2/5KF7x+fw==,200,0,100.00,108.0,5187,108
8-3-7-16-732988163,100057,115,33,28.7,Dce5AYAgEAXRvWCBz1GIhhZhZmIHtqOZ9VibRPPG9rE9x/Ld60vMLKw6q0RiEqKrJkk5FFR4g5YOns5kHQjm3jKEY+JYxTvNdwed1w8=,139,61,69.50,72.0,584,72
9-4-3-17-511044600,100087,114,67,58.77,HY25DcMwEMDul+70pshgXsKVh/AOhrvM4cWyQIS0BEjK/npv53N8nw8AIrEoI6gQIQhbysmj1BRNcQGz0rxn82FqLaOIgGrwmL1En2NpE5gAAZUYObwSqVcP/lfXAu7rBw==,189,11,94.50,102.0,2058,102
3-1-4-23-1999576414,400011,114,62,54.39,BcGxFUIhDAVQCC9AgIQA9u5k6VLuZWNn5yr/eC+etzs+1/v1fYRICZy5VGlUu9QRggqbTWNVTxlN0ZDTMJC7dZbRUYq5qwjUlIyWz70VJ8YDO0v34knhd/0B,200,0,100.00,90.0,769,90
3-3-9-12-758246082,100038,114,43,37.72,Fca5EYAwDATAky2d9VAIFRC4EpqkAGLqIKESINiZ1W25Vt7n7gekdahxeJBIMCuLqN93oFG7SwwbsEjxrmyJ+bw=,101,99,50.50,54.0,119,54
5-4-9-14-1876583880,100031,114,76,66.67,BcELEYAgEATQAxb2lo8FmDGJ1nOoYg4zmMQCvodj++b13vtaFmJCLsjGVIK7VJvY2F0x0QJIRfSmTh+1DnF4ISTPsOf8AQ==,191,9,95.50,60.0,192,60
1-7-2-19-1987507160,100078,114,67,58.77,Dcm7FcJADARASXfale7nSuiExM+5q3BKAURUS0SC05m6b9fvdR6Pz1PUtEip7qC5IqRoTd7qTri7RtZoSWMfQUvoXFiY1kcP3G3D0BaRk2ls8n3/AQ==,198,2,99.00,81.0,1278,81
9-4-5-11-365203660,200012,114,48,42.11,YzHjFrkyu6hX4fN+BgYGRiZmRhYWVkYGNnY2RmYWJgYgh42BgZ2DnZOBlYsLKMvEyMzEzMnFzszEzs7AwcnBwuD1GwA=,200,0,100.00,54.0,173,54
8-4-3-15-1575195171,100051,113,43,38.05,DcxJEQJADATAmSSbaw/E8EYNL6TAh8IBUqEFtD0u7/P6Xm/2BEASAiXUKEY1qA4PJjkkABVFtblIJWvGMLQB6QI3TyPXlhEjdtXSntkO69TTPKv2fwk5E5/7Dw==,169,31,84.50,105.0,1121,105
3-6-8-22-765482967,100097,113,10,8.85,BcFJFcMwDAVAS97tL3kLjMAJgUDIrZfyK4KeC6AvGDLjju1+/ffrc/4MsXWeA8eUC1UQBYEqxACVW2dVER6h2LkSEKUJK4xbNXtqGUWsVxLHXbiPEddM03zfDw==,17,183,8.50,84.0,249,84
9-9-7-15-1190920220,100005,113,31,27.43,Dci5EYAwDARA+XSW/GFaoQYohoDOiAncFTkRns2W+3qN43uf7ZYAnRghQY2eci61VToR6WArTGaLqZMIUVBde16sp9LnNoeM8wc=,106,94,53.00,66.0,150,66
9-9-4-15-1916211449,200007,113,16,14.16,BcFJEYAwEATAmezk2E2wwD8GqMIGfnihCgF8EIIOurUv5/Fe39wegMkoIqtALNUS0dzI6L0zjypRhlFjZLjDWgskK7jXHw==,146,54,73.00,57.0,167,57
8-8-4-13-2023554480,100026,113,17,15.04,BcGxEYAwDASwd96xYyf0DJCakrWoObZgONbg2ABJ92U95rs93wUppLKaN0EkCticrr0OC7MBGT0Kk0gnm3rtZo77/AE=,200,0,100.00,54.0,127,54
3-2-2-20-491760430,500001,113,10,8.85,BcHHDQJBEATAtd2zbtbxue+lgUiBAIgYCYmAuA9V4Xn7vN7XcX5/xjofIkBCmLKU2hJEe2VrzFEzkniNhOkGrF7g7ChhjjFDUetA7Wsvpey1p7k//g==,195,5,97.50,78.0,311,78
3-9-4-10-2122154853,100010,113,30,26.55,Dcq5DYBQEAPR9bfZg4KQKISciEaIkKiEmJ5ogw3nabTM+3qf77NdhkGJmEAPwt1TXhFSopVd6mVUwTJTRrXad/w=,200,0,100.00,54.0,223,54
3-6-3-17-1401953594,100092,113,73,64.6,BcFJEcNAEAPAkbTn7OkyAT/CJnxCJ0iCI0j8d3d4H/F/fX7X92WgQiRSLlUwuqv1MdeIe3fDbhWcakmUM2cmWRyG5Z1BkygOLdQS3Oy8Hw==,188,12,94.00,75.0,191,75
7-8-8-10-582190274,100041,113,36,31.86,Dce5EYRQEAPR0WgukQAJkMiuhU18ZEnh89t4VR3ndhP/9zl+BsDgcIJBRJpXW2avz1F7uaG7WhzNKLxWotWUxIyYpcL26wM=,193,7,96.50,72.0,485,72
7-6-5-21-698658930,100064,113,29,25.66,Dcq7AQIhDADQhJAQPoHA4RLO4jbWOohraONuV+irX3xe3g9/3T7XExAhBCSKTIGiJNQsCMgQSm2I1oeW7LNoK8UagM2RLaY2UmyrHpRLP0TG2NUS7+oGs/uumpfP/k+y29YQIjvoZmQ5+lwpz9odCO7fHw==,132,68,66.00,126.0,2114,126
9-6-7-9-119935355,100002,113,75,66.37,Y1HntDrKMfF9W+RuBkYmZhZWFhYWNgYWdkYORiZGVkZGDgYGdjY2VmZGDnYGBmZGJhZGhv2NAA==,200,0,100.00,39.0,74,39
9-1-6-17-531843772,100048,113,29,25.66,DcrBDYQwDATAtb12YidIlEIJiJagIVqgCJ7UdDfv4bG861Pfdp8QNToUzmjRszFTTC1qZK8unMMBkTFbxAyB2n873bI0CQP26wc=,172,28,86.00,66.0,479,66
7-1-4-19-1604575101,100066,112,13,11.61,BcE7AQIxEAXAt/9ks3s5UTigRgQdDnCDBCRRUVIwo7fz8nhfP9/7C0QEJgZEhSEGEleCOruYxZipc80xsiIqq7WJekVLmWe5cR2tJLz2wcwSkrDY+4Bn4/f8Aw==,128,72,64.00,93.0,2216,93
9-7-2-20-1779495184,100095,112,55,49.11,FcrJCcMwEAXQ2TT6Gq2uyOAKfHaD7skQyC1tJLk+nl3b+7PfZ38KsTCpKTFT8gxxLbDIocJ/NBRBbR1jADFj5umlu/26kphqLHha4RWtthEp+gpTIaLj9QU=,194,6,97.00,90.0,601,90
4-3-9-16-559773450,100097,112,25,22.32,Dcy7EcMwDARRfgCRxB1AFeJy3IBKkCOXqCIUuACPazBng5etPPff+/s4r+OTcslVVLamXfKoySBUoMF8FRFOpcCS6ohehE6YWczYPDjpvpwwgh6tdKzH6/4D,162,38,81.00,84.0,631,84
8-4-2-23-753777014,100064,112,6,5.36,FYu5EQIxEMC8r3+fX4qgFoZuCKEQ2uDKI8AESqQRvy6fZ33fzuvXAAIBCygYZGtADSqKMIHdQjbkyHh24R/JSgRMOXtxudCBtXjQFHZUdU32mnIfkwMcBzCFlt2KmWpNc61RWup2KMUgk7tL5v74AQ==,174,26,87.00,126.0,1671,126
9-8-6-17-618087417,400011,112,51,45.54,BcHLEQIgDAXAfB4hhASwAnvy6Iw12ZcXb1ZhDY67uF+ueP9ez8+NmIREBQ1kJuguGDElOci1aiHm2li5uDD9iPgxaLlyRnlw74bBVqNt1Vy516EMaUaP7x8=,188,12,94.00,90.0,500,90
6-6-7-11-2128110616,100059,112,35,31.25,Dcq5DQJQDARRr71eH/RAgERCQimIAqiPtiiFH430NHxfXr/HV/fb1eAwNyAY9FSxcYKSR7MjemoFkQk7wFp6J2Ww1Ux26oy1M8XdkT0/fw==,118,82,59.00,81.0,908,81
3-5-5-20-518742702,100089,112,21,18.75,Dcu7EQIxDABR+yRLsmXJPxJKYaiAdmiCjHYoiqGAy/CGb2bxeXmcr/vt+v6FeAAmYhFBzoUg6i5V89Z9qFarWedaZHXMuepY7qY2lFJbGfYW+9YRkwjM3ChRKDEfbIDI5DP16cSIIHzkWAKFz/cP,43,157,21.50,114.0,766,114
2-1-7-16-1635768450,100020,112,71,63.39,DcrBEYAgDARA4C6QS2zENhx78WdvfuxDKpLvzvLYzmvO97Gv1FZQaOg2XOxiZNLZDRi1gUoRYkLugVZHykPpiFUXebn3Hw==,199,1,99.50,66.0,266,66
7-6-7-19-12129455,100095,112,18,16.07,BcGxAQMhCABAQBQFFPQHygqp02S87JTqu6yRO35d9+/xec7vACTAwlyJm3QZIIWUzXwqwwqp6kkmQajVl5puw3SPWQ7MFE0+rcPWoytb98A9BpJlBNzvPw==,55,145,27.50,90.0,386,90
9-7-2-14-1654141788,100066,112,54,48.21,Fca5EcJAEATA2Wf2uTtlJJMMsLGIQJ6iUggKCYsAKNpqf22P835+vscFUaiaqzjdQEZaUKIYzUAxAx20bsFIm8lyq5oQQGR0mY9wVY3OZfKf2Fwr1V2xv38=,179,21,89.50,93.0,3040,93
1-5-4-18-1307732781,100058,112,49,43.75,Dco7FYAwDEDRtPkntCzoQA0HE0hCARvYwQkbXd5yH23zuXzXut8vFKi1IlBhQTXXSMoUVpYMTI9iMg0JD5vSfcTGooIsgqjU1FrvSdSbqjOjIBzPDw==,199,1,99.50,84.0,1130,84
6-9-3-25-1270140458,100052,112,11,9.82,DcrJAQIhDADABEIgkHDtgaX6sRTfWoDNbAPWofMeut+orufj8/oCOk+BY6IokpMvLotaLMk0egKmJKjBhapIkiMDRS/GPv0rlKJqzK31PiZs+9FORK1bUQC0OjdGW+exjwW8Rt/Pw9B0GgPC9f4B,181,19,90.50,120.0,794,120
8-7-4-16-214247238,100021,111,10,9.01,Fci5DYBADATA9XNnfC8BEoUQkBLSAxJtUSSiByAbje7jOp/PPV0HiEVDZLGBSZ1SVitBUo1o/ldLjRQ1e4cTs3QLUeCftAzci5lnVMO2vA==,186,14,93.00,72.0,249,72
7-9-7-21-1719689373,100094,111,19,17.12,FcK7FUIxCADQfCGQ8IAk9ha2TuUS7uAAVs5l9XbxeM8tj8vne33fnncJMf3nEkoFrCG2hpRqzNwHhJRFKJF0PFTNbZgPjpELkimIznXYFHZFaZyEnEX3Ajc/YE8EWbtTOF8/,163,37,81.50,99.0,634,99
7-2-4-13-1009442563,100010,111,49,44.14,BcG5DYAwEATAvb3PPlMPEnVY5PRChEQNFEBMgczYuhzbfX7vfkEEApJqHuktXOjRQ8LJSlYzprn2aGMMSHUFiGf+,200,0,100.00,54.0,129,54
7-5-3-14-1998605494,100028,111,81,72.97,DcPJDYAwDARA29k4PhKekWgEqqMi3nRCAXQCjDTYlnN9r/vYH2LhfxFU1saEIlLMLbK3ESTWQawY3jLUB3pWVCKdHw==,182,18,91.00,54.0,140,54
6-9-8-11-2109505874,100080,111,41,36.94,DchJEYQADATASTI5kUVRhZ01sA9UIAYl2MAA9LO5Lcd5P9dv3yEKMRWSIh6a1Ro9PoMArfuLqfQxatCizDOVXg3KJBhehv/6Ag==,78,122,39.00,69.0,477,69
7-5-4-14-13264927,100087,110,33,30,Dcw5AcJAEADA/W7/pYsH7GAgZSpEIAQdMYYBrpxm5Hocr8/9/t1fQEQAJCBgWagbZh5ZVbG6SRBmPCJSKxRyRBlN3KErR8nTSHsZUTFJ74JtcjH6tOBiEYJ9ns8/,183,17,91.50,102.0,1634,102
9-2-8-13-734914706,200013,110,62,56.36,DcNBEYRADATATDKT7IbneTgVVKECK6jggziMoAC6qrktV+2/9ThvgwfFTImFMTmSjpJ5RNc3BTg1yZ6QOrK9zaEEBu35vw==,200,0,100.00,63.0,279,63
6-2-3-19-1888290117,100086,110,11,10,DcdLAUIhEADA/QO78FjQBF71bBGz2MEMFjGRPXRuI8/T93y9X963DyCxILCoEpmZGCOYAf6PBsCEAqpclNVq88bRh5RDpsg8Bkp4JMKICJrjUIJqA6uv2rrn2IUze9Le3XvW5ZUWd3g9fg==,140,60,70.00,117.0,1801,117
4-3-2-12-636471146,200012,110,29,26.36,YzHjEbkyu6hX4fN+BkZGRiYGRmYWIIOVjZ2JiZ2BiYWDk52RkYWLm52ZhZuLAYiYmYCSnBys7BycLOxsLEwMZ7cAAA==,161,39,80.50,54.0,155,54
9-4-2-11-1019872389,100009,110,66,60,Y9Hi2n4++ryoVGg2AyMQMjEys7AyMQIRIxsbKwMLIwM7BwMDBycDMwsbIzMDOycnBzsjw6WdAA==,200,0,100.00,42.0,114,42
5-1-4-14-644616058,100075,109,35,32.11,DYy5EQJBEMTm6d7deUiMOpMihHPOwSMAYiAyEmIdqUqG8Lhdv/vz+zreomZirg44lINjzsUVybFmFKO6mbmVVdRCdHekCaDq4rQNhSH3ZAeaQT7nHw==,186,14,93.00,84.0,5471,84
9-9-4-14-1988271272,100057,109,58,53.21,BcE5AYBADATAPJvNvRiBEhF06MALdOhBGzM4lv051+/eXlFziAaY6WFECdTWK1ggWTPYh2MORBsMZKeQpt7Mp+oUK6K0dLnuHw==,181,19,90.50,72.0,597,72
1-8-3-21-1501304002,100066,109,24,22.02,FcrBEUIhDAXAB3kJCYEP9mQBzni2CG9WZQmW5MkC1OvO8nY6P17X9+f+RKlSqJUVxkZxqqIgiAZqBBxNTHpojxziv2UzTOXQPACnD+fKPfNve6Wu3YeQMhOwyxc=,173,27,86.50,93.0,1277,93
1-3-2-15-844944189,100059,109,35,32.11,Fcq5EYAwDARAP9LpNSUQeIaEZhiqpBp6oBQg22DpXI5nv7DNtdTSOjGkSkHralIJHs2VwEHC3D2NnD/+LTRFwBYESXULJEFZR46wYell3i8=,150,50,75.00,81.0,653,81
8-1-8-22-1863487862,100055,109,17,15.6,DcLJDcMwDATAJXWRklaSqwoCf11LGkslqSTwz08bM/HYPuf3dWF/Qx4qQRChKWuRLCbFa+vdmXSMzIAhkTZBbWZ0YzJbTg+G4sJuk1F9VqzlrTp+/xs=,65,135,32.50,84.0,593,84
6-7-4-16-1100289212,200024,109,22,20.18,BcFbEYQwDAXQJM1N2qYPNPHFNwIQgBFQgIs1s36Y4Rzdlvv4v/t6PsTCJCkpzJEBs4LqIUUbizoRcyHhaHD0Ds+DJKLOSD4xbI5cezQzun4f,155,45,77.50,72.0,169,72
1-6-3-25-898358453,100096,109,4,3.67,DcQ5FcJAFADAJP8+9ubFAR01QlBAiRYcYQNFMMXg83Lez9v3+nht+wG4/d8PYgE1AwL34HQ0hAQVYCnqBUtCSuUoSYZMtbTUPiSmzagSQ/tqYK0EDdLuyyfy2j7vHw==,27,173,13.50,96.0,2078,96
7-6-4-16-4754838,100063,109,33,30.28,BcGpEQIwEADAe3N/QlsoJJYZusFRFg2gKIZdeV5+3+vt/ni/AImQGBhEmHQZLWeLpIyozPRIi8Z2HBNXSI1QX/sA4QCLTezE6Bqn02WrqpP3jGivs5Sk4DN/,159,41,79.50,99.0,1269,99
8-6-8-16-476380385,100067,108,44,40.74,FcRLAQIxDAXANklf82uKKzwgYT2gZFcHQhCCBuAwI4/b63ofen6erRPLL+qtdf4j6YNFMNXYSSI91X0FG0yCIgfUrAqA1ixf5dCwFQkdtXPX3JWFdty/,174,26,87.00,90.0,1625,90
6-3-6-16-1545995079,100004,108,49,45.37,DcGxFYAgDAXAT0ggCRAW0h1snMcJbXzWFk6id7zM+92u44kdCZSJhUpVc2/abQxVd5eitUq00nkkZG4p6BcggKxnV5zrBw==,95,105,47.50,60.0,139,60
5-3-6-15-1832925239,100046,108,76,70.37,Y7Hk8/H2b5ewn3CRgZGBiYmZhZWZjZWdg5OBi4OZlZ2NhZGbkZGJiZuJh5eXh4WNg5WZnZWZi5OXhwkkzMTNycXMyjCvHgA=,197,3,98.50,57.0,178,57
1-5-2-11-315723819,100009,108,16,14.81,Y9Hi2n4++ryoVGg2AwMjExMzAwsrEzMjGzsLBwcnEyM7GxM7KwsTJwcTCzMTELJysrAxszCc0AcA,191,9,95.50,42.0,101,42
1-9-6-18-363180164,100090,108,28,25.93,BcG5EcMwDARAEjgcHpLKlEhFKFTqFlyeZ9yGS3E/2sV7+13/87u/Pq31JgoxdpCibhGWifCIXlmGFDqRFCEgqgIm3IeraAVjjlg2ZkVNq7XacT8=,147,53,73.50,81.0,3025,81
3-7-2-21-158604903,400013,108,43,39.81,Dca5EQIxDABAyXr96PzRCCmd0AARpRBTBylDc8dGy8/L7fO4/vLrDgiJWJAVjTy7/mcqpTYRTw25EOWQQLVMVERb8spi4XGoIBj6AQb16MCAA1AGA5v1GTF0rcnYl82Neyt83yc=,185,15,92.50,108.0,4365,108
9-6-4-24-1819577787,100064,108,1,0.93,BcFHAQJBEACwadt7RwNaeGIHhGDjkMeDRN6361U/j+/9B0gMKCwkqFAbC+w8KY1CJlhRMXnNkrXCFFO0TqwxJrKPSQhLbdl6mz1AT2N4mmsLkF6TSYXag2FIp+zWh+u9l3MYudW1I6CeigCe4w8=,165,35,82.50,126.0,2094,126
8-1-6-19-1314987143,100084,108,15,13.89,Dcm7FcIwDAXQp48lS5YNAzAf6TNFtkjPoWUDBktue/X9+H5e/307ThALEykxN4VAiMyNVU07IpOzWfpoGsLsCYm600myxCsgoyIn+UB1x1ozy8MQ1aNW1ExSN8HveQE=,114,86,57.00,102.0,2644,102
7-5-8-9-1451751369,100009,108,19,17.59,BcFBEYBADAPApEmvRQAzDBIQgYt7IQGByDhL7PravvWs/ZwvSAII2VAylBgqK4e7zWKlI3Oocdw/,146,54,73.00,42.0,74,42
2-2-5-10-378641637,100072,107,42,39.25,DclRDYAwDATQdr3dtZCQ4AQHU4MEpCAACajAFvt7ycNYzuf9rnvbzbyFo8PYQwQNIM0yA+W9klFZotS8SVNBOcupnGfr8QM=,176,24,88.00,63.0,576,63
5-2-2-13-1278574722,100004,107,78,72.9,BcG7FYAwDANAKZbj/GCiDEHDPEyXBXjUFEzCneb2fMd9vfsJJpjcswCKpHkOlmqtlq5qRBoOBkey1pv7UPRiVCax1g8=,197,3,98.50,60.0,206,60
6-5-5-10-992788769,100002,107,43,40.19,Y1HnsjrKMfF9W+RuBkYmZhZWNhY2NnZ2Dk4mBgYGJk42DjZ2DlYmFmYmoCQDKycDIxtDFT8A,200,0,100.00,39.0,59,39
9-9-1-22-1915588706,400014,107,41,38.32,Dc1bEQIxDADApEnzaNLHWWJQc3MSkIEgBCAFBfxABewsX8f5+T5/78cdAAshUxVFczFoSsUj2LIPz6pD5vTQzpIr10qrEaNPKiaxqbrndkrAKl4IhLVVBMIKJubFcBfYdBdwe/0B,185,15,92.50,108.0,3834,108
6-9-1-23-2039840211,400012,107,39,36.45,BcHLEQIxCABQIPyShZDsyZMny9CCnLEFO3Bsz3Z8j1/n4375/J63LyA1YhJFMVcThT74cBoIiC2UhoE55WQRJKpSVlp4rACZu/KIjFXmcyujIGuxTnGQnL1tm105k8O1QuH6/gM=,170,30,85.00,108.0,1179,108
8-9-1-22-1938677277,100095,107,33,30.84,DczLEYAgDEXRJJDAI/ysyBZY26A9uXJnGzJz5yxvvI73O+/VHhDLTjaBYhA10pSzsIDNyBBK9EqtaOtuYyIVcScCYKaAqleO1gb3OUfPNQm7KniP1v0D,85,115,42.50,90.0,595,90
8-1-8-16-20133756,100060,107,70,65.42,Dci7EcJADAXAp8/pnnQipw9ndkQPzFAFnbkE10QNONtZfz/O5/49ts8LAjWH+BgSHsBtmWqMSGZFWFGEulb4yC4WNMPY1q1zkZ7CBvteWAlnEdfvDw==,181,19,90.50,84.0,744,84
9-7-6-13-1964452088,100023,107,27,25.23,BcEBDYAwDATAX/fd2rXYQcpk4AoDSMDCEoIbuOO+ze9c93O8KIBUCLU17VbV4KQDI3SApWgNTe/uo/WQZDqMuNYP,108,92,54.00,54.0,161,54
1-4-2-24-664338149,100067,107,37,34.58,BcFHAcJAEADAK9v3+vFHF0jAQ5QkOiIEIWhgBt6P+/p+5PwdIcQUc4iAmRCQJWXVZKxqIOalOjVxMjBybJ3G9MG9ghdDRGABrYPXlrnmxr6g7KbIJBCerz8=,199,1,99.50,90.0,2086,90
3-8-6-14-1617512561,400015,107,62,57.94,HYq7DYAwDAX9iR0ndmgoWIyKWZiEDZiFnpJJKLB4xUnvdGWbjvc572XdAXMEDAWEkioVUUi5WN7G1JuiqbcOYX9H3GWE1JosQ42ZzNU10EeGKV1pBMI1fw==,200,0,100.00,90.0,829,90
7-8-4-20-1543291823,100085,106,42,39.62,DcG5EQIxDAVQyZe+LN/e2WwjWqIWAiqlCFJmCOG9cD/O1/e4Pa4n8Z9znkNkYqIk8JoBz0nNJdKiqBnN0GMII4qJVkEmzM42RlVbInPv2dBXWbtZoc/7Bw==,190,10,95.00,84.0,344,84
7-8-4-18-676735784,100069,106,3,2.83,BcFJAQIxDADApLmbXtkfT7xgAws8UIEEdKGIGX5fj2d943X7AQI24gbIhKImZIbiIowaiBAdGlkOoKGzka5Il+zNc/o+pufUdMDaoszStQEXeLrLCh1Deq+oUd5jS+qQZfC5/wE=,196,4,98.00,114.0,1615,114
5-4-3-12-2121235148,100014,106,71,66.98,Dcq7DYAwDAVAP9vxl4qWIhIDULIdOzAKIxJde3pvZ17v3OdHAAO0CEF5CIjMYSGhGZUcEcJeIu2Ds1bpNnqOHw==,200,0,100.00,54.0,190,54
9-7-5-21-1711861787,100089,106,34,32.08,Dc3LEUIhDEDR5CV8A4QAOmMpjhVYhT3YhDs7fQW4k+1dnMvvy/P3edxv3xMAD2JC50NAJuCYXIxHzlFyqdk1Fe0iZjpmqim20mYvMhxl56JRCNZ3Uw2ExxyWNwiwkJCZva0mfmkhLkAMFfcDXtc/,128,72,64.00,114.0,1327,114
9-8-4-9-1104079899,200053,106,77,72.64,FYmxDYBADMQul1w+tEzFSMyAxCDsQU/LCkwBQXJjO5bpme/jOt8dZkZ6SBDBDPnwUrj/Z6QqOjVp6FJAlpxIkxVZytFqxLZ+,199,1,99.50,72.0,473,72
4-3-2-11-751769568,100008,106,70,66.04,Y9Hill5it/it5dZKBkYGRkYmBgZmFmYGVjYmdg5GTi5GBiZGZmYWLjZOLlZWdk4OdhYOZmY2hg5rAA==,200,0,100.00,42.0,65,42
5-6-5-14-234627817,100020,106,38,35.85,FcqxFYAgDAXAJCQBPsSheO5i52427iGTOIJ49enY9mPO+7KHWJKamwtnslIdaD0Cqpw4C8NNTBUrqFdaK6GV+EtpUTtA7/kB,48,152,24.00,66.0,139,66
7-5-3-20-1612518653,100036,106,43,40.57,BcE5AQIwEATAvSfJXf4HdchAARUNSlBARYEcXDCj18vr9vx97+8HCAAzE4mqEgVQTDB2NdJcqlcOMTZnJBRO7K2PISGbuYw5VxOefR/qkHX21kOySvZqhs/8Aw==,190,10,95.00,90.0,482,90
1-2-2-23-845764761,100070,106,36,33.96,BcHJAQIhDABAbgKBbBIOv1qAPqzHNixsS7AU6/DjTHhfnt/r4/a6n8Y6H1y0LuUM3odSXDLOVMwtuFJjb5b6wRVE5Eg1dQJgxSaCgxljEyQinX0ejdfAvRarzLqVtEaZ0mMCZBzKCKn1OTlu8/v8AQ==,135,65,67.50,117.0,1944,117
8-4-8-20-363503324,100061,106,11,10.38,DcnLEUIxCABAEiBAIC8/i7Ayb5bh0SY8OWM72oY16F6XLqf7+/p5PW5PgJQzInEhTqKGuXp4OzpxyFCzDpgiNKb5LAX04NQWZE3WtqJ00jBjn3JUghgx5H/o2WJtXqRbrDqcvz8=,178,22,89.00,102.0,748,102
8-8-1-14-845654122,100090,106,52,49.06,FYpJEYBADARzZ3aXLy88gAUs4AsDVGEDKfghvHqqp+2Ynu1d7nm/iIlZ1EyKHpqsxOGOFBOj1j2kJnUgW8Ia+kC4lvsJTWjdxKM6TjI61w8=,198,2,99.00,81.0,710,81
7-4-5-23-669602714,100052,105,44,41.9,BcFHAQIxEADAbenJpudc8uaDFN4YwAwGTgcz8rxEr/fr+7kBiVhEgIEJybB1nsG7IGhjApNNZirZF8AQfRByvljB5GPibLW2jmzrmBXMWnsqSW9Lp0Ceba1uRM8e+xiuOo5WornqzBbg8fsD,196,4,98.00,120.0,811,120
6-6-6-15-30156013,100046,105,27,25.71,Dcg7FYAwDADANP8mbVmxwoQAeA9ZrEwYQQmO4MbjZdq345zX64WCxKJiblwDslXtYEzNoLeoAx18lD7sTxFmKZokmAHP/QE=,64,136,32.00,57.0,109,57
7-5-9-19-856814317,100036,105,31,29.52,Dco7AUIxDAXQ3KRN25cm/SACTSADBUwsKEEBM3JwAWc+6Xp63Z7fz/39IICIAYYIUtZSuR2mvR9cScWjwcPFBqJPFmoRrqI1/1OSGauYjb3dCL7GXsYmMxWTTOfLDw==,69,131,34.50,90.0,465,90
3-2-8-11-1106404852,200004,105,28,26.67,DcSpEYBAEATA2e9mhyowxIC/HNFIgsMQC7TonMt7rPt1PhvMIwuDjUb9w71FFUmNtiCyCSGlMA70/QE=,200,0,100.00,48.0,159,48
9-6-4-20-1171373260,100064,105,21,20,Dcc5AQJBEATAnmefmf33UIEWLIEQbECCKgwQHJWVPi6v+3ze3tcfiCEMJhVWpRBDiln+gWaLKbgXAgVLXLO34qXUPoQ0qKjO1mMd2aolX2XH0fYBAkhYsHafFnLf7dg9VY+tr4aU57GLgYUqGN/PCQ==,140,60,70.00,126.0,1718,126
1-5-7-16-2137393692,100079,105,49,46.67,DchJEYAwEATAvTI7WYIANCGHKlTwRxFvlOCB/Lo69vX+tvc6fYiaWzRkGFNdQQEBJDPZnZVdULUkmMsoVqeqhZm2gZiq2aozmjzHDw==,196,4,98.00,75.0,777,75
5-2-3-14-1123243980,100010,105,28,26.67,BcGxDYAwDATA98eJYyehzSZIDELPLlRITELNGuzEna7Lsd3n++wXRJhAZU7FpBYPtIheh3cqSLUsowlbN6IOKZ4Tgfn9,198,2,99.00,54.0,126,54
3-2-4-13-1711575159,100010,104,21,20.19,YzHjTbDsad6yKrSTgZGJmYWViY2BnZ2DhYODk4sDyODm4OFh4WRnZ2dgY+Rm4GFiZmXi5uRiYmVmYmfgYgSqZZDwAgA=,198,2,99.00,54.0,167,54
7-3-4-23-901264258,100094,104,56,53.85,Dce3DQJBFADR79bcen/JBQSktEEjNEEnRNRFO6w0etLI6/z+bp/7+xEBkQAZBJWSPVqJALHWBBqJGLTaGWsP5zbeBRRgiin7UlvuzfdyZBuTDAzRVh5zNl5q9TWHqcWkANfzDw==,199,1,99.50,99.0,463,99
5-4-3-15-1264618642,200010,104,20,19.23,DcI7FYAwDADAJM2vTVr0MDDiDhfMCGFCAzKYgHvH87Q+y37d7wlI/8Ki5rVFWppydBvDdbglABZCkhrQem/FqhACIcN2fA==,140,60,70.00,57.0,164,57
1-8-3-11-875273562,100088,104,75,72.12,HcixEYQwEEPRlSWt15RBEVfDlUAhVEQTpPREQIqH5M+br//i577Wc/9FoAUlg82YBUSxwUrzs/r85RKdE3JSI53CoAez96qK7XgB,194,6,97.00,72.0,1527,72
7-8-2-22-1329327511,100070,104,10,9.62,DchJEQJBDEDRJJ2k00t6RQAIgAMy0IANvGADSeOEOfyqV58/l+dxfdze9x8AIlFg4rNwmoMEAlSIigBBjBOr5lxKrozJG6OYSZN2PgX3lkjEOo9Zy5JahtYK3X0RLZlmoF1H01xq3Lh9th3h+/oD,168,32,84.00,117.0,1351,117
5-3-1-22-276933409,100061,104,26,25,DcxJEQIxEADAuTM5Jwk+kMUPGTwxwYsqhGAA/Oy2gJbb5fm7/z+vxxuQmEGQENSSp5SJi4kWran14Tl8+HSKiUg6g2SGlZXqMsy9T7EYe6qBMpwRAtfddkJaIo0AwpnP+3s9AA==,49,151,24.50,102.0,920,102
7-2-7-17-1428918347,400014,104,23,22.12,FYu5EcIwEADvk3Sv5KJohcTjEiiBkLIohQpIwN5sZ3bl2PbP9/V7P26AF0DIIq3DIJIBagORfbixhQJHnG6qzmkFWeVTJCxqJdNZ2DUQuQaSTCpY0XpCeTh4b7Q8NafC8/4H,144,56,72.00,108.0,3954,108
5-1-7-20-1453907975,100076,104,59,56.73,DcixEcMwCAXQj5AQCIRylzor5DyP21TZ0xN4AM9iv/LV/XV93tf5/f8AIipgrq016V3NVG0Qu0mPUkRcrc4Brq4TnqKamOlMEFqBCAujpy1DBrmsXDAlxrHd,161,39,80.50,90.0,703,90
9-8-6-17-1202515243,400011,103,65,63.11,DcO5DQIwDABA2/HvxAkTsBMFBUuxFw0d4yA46fhxufL7+3p+boA0WNTGPwCZC1GkWHFBzFxLo8s1Cp0hdxrtbdR85vFmnXpCjMOwGitH50K0dgEHuP8A,199,1,99.50,90.0,466,90
8-5-5-15-1141457350,100083,103,28,27.18,Dcy7EYMwDABQ/S3JspmGLeigyiwpcpcxMlIWosT9uyev7bf/v9dxfwCBWJQMBKl5JPSgciYSLzT2GuXWFQZPqGUQKboMbSKoGjqt5SoAXDAzhbGmWazofD8=,83,117,41.50,90.0,583,90
2-6-4-15-2086879272,100004,103,20,19.42,Y7HhvfIo4FL9Pb5QBiBgZGJmYWBhZWFmZmPnYOVgZ2AD84ECrMwMnCzMLOxcDJxMjNzcrDzcXFw8nIw8TEAVzBwM1bsB,199,1,99.50,60.0,285,60
3-4-1-13-1400134016,100090,103,44,42.72,Dce5EYAwDARASXd6bJMSUQQtEJFTHjO0QSlkFAPZLo/pXp/lmrdTVEVMAXpkOqMiCMAYFtAQ0XRPTyj4j/yBoEpVS/OS3hTWR5WxtzHk3T8=,149,51,74.50,81.0,871,81
3-7-9-19-1714341104,200024,103,60,58.25,DctJFYAwDAXAps1PuqQLSvDAiTMCEIASFCAGGfjhPZj78Dqd+/Nuy3E58oEYoho1KeUC+gV2FslbFE8JjkPJVdCSWOs2ai1oGV1t9PFXiMHd8wc=,197,3,98.50,72.0,184,72
6-9-9-11-1806317101,100008,103,46,44.66,Y9Hill5it/it5dZKBkYmJmYWVhY2dmZ2RiZ2DgZWZg5mThZ2Zk5ONg4uVgYmLi4mNkZ2dmYmhjnGAA==,199,1,99.50,42.0,76,42
5-4-9-18-1635467754,400011,102,36,35.29,Dcu7FcMgDAVQEB+BHkjCC3gXj+AyS2WvNOkyQ6bICeUtbn4cZ37/Xs/PHSKlTKWmwKH1xBssggqgjQloNlUpIu6jKrxFUSKf06wM5x20k0tc4svUxFxXd7AiXN8/,179,21,89.50,90.0,711,90
8-3-3-13-905645491,100034,102,22,21.57,Dcs5EYBAEATAmf3u2cMXCT4wgo5zQIQZMqRwaVe17dt3v3O/ngMUNYULNQT0AqnRqI4uWJR9JERds2dwGFhyNNPKGrlyU4YUd8zzBw==,158,42,79.00,72.0,219,72
7-7-6-17-2064574283,100096,102,21,20.59,DcTLEQIxCABQAiF8EiB7WSvw5tlCrMCjFVqIFbkzb15/H+fzfPzurw80pA4Mo3VButZhzkQ0ZakGwUQLVvTkLC6X5QgR6yJNavg2bs1qbagZZRkrE3ekDjH1AbfvHw==,149,51,74.50,96.0,1107,96
8-4-6-7-1242819280,100040,102,50,49.02,DccxAYAwEAPA5JMPdlgY2NlRgAyUIaQOMIAJett5Xd5jO7/7uUAUAMpF2p3QQnUJ6DmEaiWRu1LGPn4=,200,0,100.00,48.0,517,48
5-7-2-14-379699173,100034,102,35,34.31,Dcu5AcJADATAlVa61T30dYmLcDHElOAOHNEMGaXA5BP78b0/136+D5g5IxtIuSXSGi0giGKFsVmWeo2pMefCUhro3rVUxY6C+/jH1/kD,197,3,98.50,72.0,323,72
5-3-1-18-145225191,200053,102,17,16.67,BcFJFYAwDAXA5Gdp0yW8hyrMIQQf3LliARVlRo/t29/ruddJDIial6oCj9atj9aij0mcyuY0Iya5MROxwiXNQhwqA4haREtNgHL9,90,110,45.00,72.0,236,72
9-9-5-17-1928450641,100076,102,19,18.63,BcG7FcIwDABA/SVLVuw8alZgIFoqNqFhOQbILNzJ87zut+v3eL8AiUWAkdTUXGNkeKZT1OwSHXa042ImNFOoXjyLxRMIETTV+xghtXesPVWq+1BKC4Dv5w8=,87,113,43.50,90.0,451,90
9-6-5-13-1484378581,100026,101,48,47.52,YzHjlchXea937WM1AyMTEzMzEzMjA5BmYWVj5+BkZeNi42Zh52FmY2JlYmBm4uLhYWPmZONi4eBm4ubgZGcGKv5nDAA=,189,11,94.50,54.0,143,54
4-4-3-10-831101768,100043,101,82,81.19,DYu5EYBADAP9SLaPiMpogJ5IrgE6oQ6qIGGGFGuTDVbYlrkf5/p8t4iqqbuJAaAqXcLBSDICrUgqqzJHUwlDUcw7g1rW6FX2Dw6X9/oB,199,1,99.50,78.0,1033,78
4-1-1-22-743292157,100051,101,40,39.6,BcFHAUJBDAXAlJdk29+KE84IQgpcsIA2lDCD5+3T39/7Ay9iUZiRI8SUxQ3KKq4hADGxpsglEVJtxNHczMLl6kx59LmE8trVA+ZyXMs8oHLN6xiPsRe47qbS1Wn8/g==,179,21,89.50,105.0,1710,105
4-5-5-12-549492605,100041,101,44,43.56,DcO7EYBACAVA4IDHxzJsxIuszgos0cwx92Z29dzuwfN794NYeCxKZI5wFYWJZiFWJ632kUC7eHYgWALGTFGVRtadimqj5/oB,187,13,93.50,72.0,298,72
3-2-2-20-943566513,500001,101,20,19.8,BcG5DQJBEATAfXt6v9kP59wLiABIkDywkJAIiHOoCvfb5/G+jvP7M9b5ECEgwSS51GYgqpGt0XpnYZi9A/pQIGaRVGcofYxeQtUk1LnWVHLtvc3z9Qc=,199,1,99.50,78.0,321,78
3-8-9-11-1559915206,200004,101,14,13.86,Dci5EYAwDATA03sSM0BADc7pjRKIKZCEWvCG6+fyjfV47neDqJp5JFlFmgGY4+wkpAPkDOuCOiMF1/4D,108,92,54.00,48.0,183,48
7-8-6-22-231043738,100069,101,10,9.9,BcHLEUIhDADABMInQALh44w3O/FiG7bgwWqs61XkLn1vr7f9+HO/ANGhJwLw6EN0yWePgbkQ1QjepeigiQQsWjRjSKnL6EYyK1eFUtKa4nJIcbexdBG2iYeN2bqVuJaazThlhXF0n7kdPB9/,42,158,21.00,114.0,820,114
5-2-8-16-1626511038,100097,100,68,68,DcRREQIxEATRZDPJXmZnc0Yo1GAACfzhDQPIQACFBtJV/XA7f8/v5fG+f0q1ZugY8GM6t4YoiiYqMnNPslvFdKsTfUXbDWmbKYVykSOpchBYbl5e1z8=,194,6,97.00,84.0,524,84
6-4-2-23-2035158450,100086,100,32,32,HcnLEUIhDADABJJAgPD4WoBXPVuJrTj2YiNWZB+O3nZm6XH6rMvt/Lq+AdB5Yo8sCPQTEQqQ+weLJyeMITI7cRI1aU7FYjUCqEetvvUxfShjLEx1B88K2ebWGPPRm0Vauy/M1o6iqDNb5QzP+xc=,187,13,93.50,117.0,2228,117
8-4-4-16-1427998275,100057,100,62,62,FcS7FYQwDATAXVmW5f/1cYQUQUZOPYR3GfVQG48JRrfP+t+/92+5QEAo70GhQRhNkjI43LOVmJlpYEoV1voYPkdpLjX2StVuOr00mziPBw==,199,1,99.50,72.0,294,72
9-5-4-21-2135396272,100094,100,22,22,Dcw3AQJADADAtE/yvbIzsLJgCRM4YUIXduAEnDwvn+/1fXvdKyAhAbCgBFYwJxJz9phSDgUZSaAql9By7t1a4TY8CI6pamuftTr5TNUkOFBFsrhhz3M0RATU8c/18QM=,62,138,31.00,99.0,750,99
7-5-3-14-658198155,100028,100,64,64,Dco7AYAwDAXAvCbNpx/2IgTUoYgZHwwIwAn05pNtOcd3Pcf+EiYCJYZkpWTuQJSoLedeleDcRK10jaa92Cxche71Bw==,177,23,88.50,54.0,150,54
9-4-2-10-1897181722,100088,99,40,40.4,FYuxDYBADAOdxMknjMEQzMA86HejZScKOkSQLJ2LO+6LP/e1nnMDBKIqMFGaBxm0QL9wjnQvqCI9cpjwN9sdZV112ig1oHe8Hw==,193,7,96.50,72.0,2065,72
8-5-5-17-852903226,100061,99,4,4.04,Dcy7DUIxDABAf2PHdp7DkjSIMSjpqamQWAf2gRvg5Hy6f67f9/P2AkBiQWECZdaBhoKuNgEgFBNnYZj4OsK8CLohgyirc6TITtUojl57zoPWdONdwCz/s4d7cx3T4PL4AQ==,85,115,42.50,102.0,667,102
5-5-6-12-1383284339,100058,99,58,58.59,DYs3EYQAEAAvxy/RgRoGX9QooEMHEnBC99dukO13Lt+17vcLSAjMJKjmJmKqkeXtHZUtoqEsDGOyrFN7QIY52WxI5krTlxFKIXgPRHiOPw==,164,36,82.00,84.0,954,84
5-5-7-9-1214682763,200004,99,49,49.49,BcGhAYBADAPANp8mRYBhBjzrvUYzCgNhmIU7nst3rPt9vVskBrMIpUBZyirLsIKMSvVAt2rYLGQ88wc=,200,0,100.00,48.0,177,48
6-9-1-23-1139168450,400012,99,27,27.27,BcHJEQIwCABAIBCOQA5fFmAHfrUgZyzFsT3bcZffl+fj+vm9bl9AaizUUQ1EjTxGJHsKhkJNkgg0Hl6sIEhJnkorbZ9uZ2XhLD97jrlYpbkkCCtV4Z7WvCdMFEcKdU24wx8=,177,23,88.50,108.0,1103,108
3-2-3-12-1982490717,100096,99,38,38.38,Dck5AQIBDATAzb9JqM8B3dUIQQElpjCFEiRw1RTjr9vxOM7v/fmGKERMPZBRCrNML/MsYZDu1WFShtYZXexFb0ewl610yEhhqJvbDZCTq72YK7D4ff4=,168,32,84.00,96.0,2585,96
8-1-8-19-1530197748,100067,99,22,22.22,HYhLFYAwDATzaWjTNMEfEvDAAQ0cQQdCEIIG8pjDvJ0ty3xfz9rOdwMkQKCEoSCXPzktU23aEU2H5Bbp1lo3Lu4S7KpeLVETUgMaOPIDjhD11BSwHx8=,59,141,29.50,90.0,1827,90
9-5-7-14-1002751626,200015,99,23,23.23,BcGxDYAwDATAd/yOncRhDSQkWkpqehZhGEZjIO54LOv1fs+5bxCgiJLG6ozWR/S0wTAfmU3QmxaZBLxC5hQUrcDNHw==,198,2,99.00,54.0,157,54
8-2-4-17-56354442,100083,99,62,62.63,DcixEQIxDATA00mW9Lbe/mZogJiQiBooghnKoCQaIuQ3XHscn8v3fb/9XoBQrZGgipkHIx0UpUZiSw3vIsOLtU/I7CpQU8yy6DVa5b7lEgHW+WAt97NGNDyvfw==,165,35,82.50,90.0,452,90
7-3-4-19-1113532201,100052,99,26,26.26,DcepAQIwDADA/G3SJ20RTMYuGEZBo3DMxBxw7uR+kXl9Pj6vLyAxCTAqGZoplupGwsDGoAgqYuLRKhH3joylNwIa0Eil1DGrske2ZFs9dqr5jjh2zordfGr2lb0glLZyLdA6q4//b+8f,183,17,91.50,120.0,1026,120
8-4-8-20-111366415,100061,98,21,21.43,DcnLEQIhDADQ/CAECATWGr3ZhDMebcKTM7aj/bjX9+R6eX5vv8/r8QYkZCBJWVhYC2EqVlvP6qLIZNkKteRjzgzTIbrHWIxK1jBgd4s4PJl4rqpbYynrtrzATnU5zhwV2v0P,178,22,89.00,102.0,692,102
9-1-9-16-1237585127,100050,98,58,59.18,Fco7AYBADATR3Vxy+RwmMEGLAugo8IAk/GALqOYVo/t0LPNz+nqDkEaBqFpDNyd/UcKyZJiqy5cOSv8GhpUWWkVZKtiEWZkxoJEeuLYX,194,6,97.00,78.0,1068,78
3-7-2-21-756216219,400013,98,20,20.41,Dcs7AUIxDAXQ3LRN0r70jxFWHCABA0xIQQw7orDA285y4uty+zyv3/x+EDjEJFAj5FIOMxFhuCtVD4QUy1FYiI1PxAQNnoUM3rTXc5uPWVfutHWOoRAYGL1uW3WLTdFWuTEtVbr//g==,87,113,43.50,108.0,3639,108
4-9-9-15-1518492878,100041,98,53,54.08,Dcu5EYAwDARAyTp9lk0DpDQCEUVSG00w5LD54lwu4eN9tp24iQig5oh0depphKpUi0j2DG1aY4ahRtds3i3BsBGBv8zymJW03h8=,185,15,92.50,72.0,390,72
8-4-4-18-1423049986,400017,98,20,20.41,Dcg5AQJBEATA6Z1vn9nvNBChAEFE5MSYwA0O8IAXrsKS5/F5vK739+VLSAQWiIopjFg8qXHKXuBcastFzlAKK+e3TECnHjGmY8yi6NPYkufKLJk6VuJeHJJjWGAq9TV0DNkUbe26p0z63f4=,129,71,64.50,117.0,652,117
1-1-1-19-1315843037,100070,98,13,13.27,Fcq5EQIxDABAW5b1WZYfGoACIKAe2qAwuiFlhkI4sg0Wn6f753y7PK6vlKFgSakCEJSDhzNmYAQhrcmaVGJWN3NVJ/GK3IM4RszVSLZLjTVDVozNc++5o6n0sRXtX8RarDH7aMut99GrpPf3Bw==,154,46,77.00,117.0,1583,117
9-6-9-12-516812878,100060,98,42,42.86,DcxLFYNQDATQTH6T5FUAAnDQXbuqB85BBc4QWQTc68fr3j7X933+BAoTwCONLPZ0qy+R6raqmanO4DBFOAC1Wak0BbrxcA/YivRc4fY8IoL9Dw==,191,9,95.50,84.0,907,84
6-4-3-14-760448229,100087,97,41,42.27,DchJDcIAEADAve/lV1skmOCFBoIQdNQYBuhvMvK8HY/P+fqdXwBEQiYGYtELKGSEzhAAeS2mgFU5dnUO0gLPQqBmh0tUtA0GJ2iuCdqsd7GCePmYUu+Owv39Bw==,165,35,82.50,102.0,1594,102
6-9-5-12-1369380500,100026,97,21,21.65,DcixFYAwCAXAT+ADCQ7gANYpXcsBHNHeNXxuoFee7ct6bM+83xOQpqakk1RCIr33Mcoc+sdweIXAsiMboxoUjqs+,192,8,96.00,54.0,161,54
8-9-4-19-793672204,100063,97,16,16.49,Dcq3EcJAEADA8/fu3lGVIoWkzFCEeiCjOSKKgY1Xnrfv5zjvj/cLEIAYRQ3NFRIjIuQsUghqY0vQKHJLbqFaulP884AhTtOLGXnU6bT2YmPZs+Ou0HUhmY5wo3C4rh8=,197,3,98.50,99.0,1011,99
8-7-6-16-1608109849,100033,97,8,8.25,Dcc5AYAwEATAveSeJJdPEAJQQ4sdOhwghRIfdDDd8DKPfbve+1kBCpFFzUwNmlLmIhnuFmv738MwzqID3nVQKd6coodae8OJDw==,11,189,5.50,60.0,105,60
7-6-4-19-695205449,100069,97,24,24.74,BcHBAUIhCABQQBQRFfCfWqE5WqMVOjRNc3VqnN7j9/V45kdfty8AApUCXJmwMDK1iiLcG4gANlUgasMA5hyl1rV9aV919C4jSEZmRMGdR7DIQq7Nmh7vvmINO5Kp7qZpYX17TITf/Q8=,192,8,96.00,114.0,1178,114
7-3-3-14-1309345913,100093,97,48,49.48,FYixEQIxDARP0tmSLZlOvhdKgBroiJiUgJCUqvDvzM3OLW+X7/F5vH7POyCqe2KnuC/UTGiAqZB6Ityh9eaB0fvceEZ5pJe3teZIjFkrK43hZUFGCUxS8L7+AQ==,154,46,77.00,96.0,15589,96
5-5-3-19-542486325,100064,97,10,10.31,BcG5AQIwCABAQoAAeSCxcwRncSUdxNoNdDwL7+h5+Tzydf/eflAAsRJLK1WgiiKrUZNazFwRtY+CzaTAmCvcu+eyUUC0EXdXm3NGMmfkFNHuDFhVyWTss1onWRG5YfSMtY5BO3sOQRKrgPC+/gE=,97,103,48.50,126.0,2403,126
9-3-1-10-1615350482,200012,97,61,62.89,DclLEYBADAXB90k2CEAAmEAYPlCwYrDAAScYILfpmjiW9Z3ntX03SMqwOiIHFCbKatUAMKK3KTpSZoWVEPbnBw==,200,0,100.00,54.0,317,54
7-7-6-11-1573919088,100047,96,40,41.67,Dcw7EYBADAXA/PMSPCAAAWi4GWSghhYf+KJCA1duszaW/b3P7TlWYhEhURJzDaaM1DQFT7MlNIAiBhrdoGgvsa4srUA4e7WnzeK7fg==,145,55,72.50,72.0,1154,72
3-3-1-18-1097715457,100051,96,25,26.04,Dcc3AQIwEADA7y3JJ+y4YEYQUmDBAibwB7edPC7vfn1ud3kCEgKxKIqBkWt4iBF7JClyhTCMnGkjlzaWUDMqFVtA7Bnuzf9IJZDjqB0Lss9uUD/tOOPwQieA6/cH,159,41,79.50,105.0,1176,105
9-5-9-15-2018105416,500002,96,57,59.38,Dci7DYAwDAVAf2I7L4lhEsQS1JRMwzpMxwCIDrrTlX0+3rbe57IRixbzqEBrZhGOhu6l1n+HKkcKYENioiRS4uC0yVKGu8lPqDAlK3oHPdcH,200,0,100.00,78.0,341,78
1-1-1-20-858762662,100069,96,44,45.83,Dcq7AQIxCABQEvKBI0BCrnEf13AFC6dxFytXcCKves0rr/P+WG9+3n6QMhYoFyVBbalnAmiV23H0RiQyEg2umqWrUjrMZ+02iJdPtczdXQWzzdlwWCBirbxs6XZW3Xal8JjRJHaMbjLg8/0D,194,6,97.00,114.0,1470,114
8-7-6-17-1103997309,100070,96,17,17.71,DcnLAQIhDAXAF/IBAiHYgVvAerAej7ZgBVZkSXaicx15Xe7f6+14nB8QCqMIKwlMK6MVVDJikJp2F+tjlBm+UtHCu5oXH1Vmodyx4NrmQra9qk9BbsbuyR6xdE5pfQQn/7O2Ybp594H38wc=,57,143,28.50,117.0,1583,117
4-1-2-16-70015304,100048,96,51,53.13,DcdLFYAwDATA3ST9JG15lcJDAhaQgiIsIIIjmmBuY/vyzDve9TpBURiEKknUckF1NXq03osP1N5IJBkRLZecrOI/qOYuw5yKY/sA,117,83,58.50,66.0,464,66
7-3-4-14-937280477,100093,96,46,47.92,DYy5EcMwDARxIAjioztxT3YJHnfkWA0oVKqqjL1gZy5YeT2u5/k97t+bwEygFgYJAyzEvdHMPkWESDB0rjkVbEvbah6eEWm2Kkw3lfnOqsxd6cUUDnh0Wz5/,158,42,79.00,96.0,12022,96
4-4-8-8-1938171021,100040,96,43,44.79,YzHguOdi6v+6dHMsAyMDEwMzCwsjKxszELCys7GxMbKxsrEysLCys4MY7OxMQFEWBqAAMwsTwx4TAA==,200,0,100.00,48.0,483,48
5-2-8-6-1291959801,100040,96,52,54.17,YzFgu+di6v+6dHMsAyMDAxMzIwsTCxMrEDOxsICYIAYzkGRkYmJiZmBgYGRlYGFkYGVkYGFwKgIA,200,0,100.00,48.0,493,48
4-2-4-25-1068228470,100052,96,15,15.63,Dca5AcIwDABA2Xoc57ESyU/oGZKGUahZICvBHHDV0eNGZbye1/sLISIxIpBESZziFLJQnpdp3YrueByZaD+WFVnNPMbFtTBO6x4YilWfBVSbuf5fewfZzNQiu7dxbilpH2ftSbyeozuludemBnD//AA=,124,76,62.00,120.0,558,120
7-4-1-23-393887925,100086,96,11,11.46,DclJAQIxDADAnG2S3gUFfOGNCiRgAzMYQRE+dr8z8rn8r/fn7fv4ASIQMLAoK4Ek0oySTuR8hhJLMtdwQ8y51EjurbhFCQ5thL1nyTB09lSTEFQUKTa9Ull7VWVeewjUPQtaGxbKAK/3AQ==,51,149,25.50,117.0,1885,117
8-6-3-21-158730144,100064,95,10,10.53,DclJEQIxEADAOTOTa3NiAqwgAxsgBBsgjwdb1b+W1+Xz7O/79/oDJEYgIQ0a8MRgRiLCAQOTCbN6iCmnooZcPYpbjpk4mQJgcU2l5FohkadDKLeOCjQM4kTr6xhnljb3WsN23A6RSz1EpvYGt8cf,153,47,76.50,126.0,1410,126
9-1-9-16-1759935993,100050,95,57,60,BcHBEcIwDATAk3Tns+U0QQ8MXxpg+PGgt/STtrLL7/F7Pa6/3ycCkVFVpAZMZ5YZMeekV7ipBOhCVKJAtgQttTUqskLe22t0bzU+zxs=,200,0,100.00,78.0,1296,78
4-7-2-20-413390683,400012,95,24,25.26,BcG5EQIxDABAyZZlPdb5IyAhowwoiBlKYWiGYq4ddul9eT6un/N1/wImzEhUuIIwJMSClJIqmYuVFszuEuAsnIyTHz1sHKrTdC4PsW1rC4u0aHws8xmdR2vq0oZ13kCU2XOFCr/bHw==,107,93,53.50,108.0,1184,108
8-1-6-18-993354918,100096,95,19,20,BcG5AcJADATAXf13kgndgSOIKYQKCKmXgHqYsfftfJ6P7/X6gEKFGJROFUcYHSpZmraoxBalRMKsmR65VqsIpWrvmInI6sF0JWiaHeVHDPuII31w//0B,106,94,53.00,96.0,2043,96
9-9-4-13-1133014161,100026,95,45,47.37,YzHjkchXea937WM1AyMjExMzEwszKysDkGRj5+Dk5OLiZGPh5mRmYWZi4ADKsXNxM7GxsXGycTJxcLOzMDGyMmj8BQA=,173,27,86.50,54.0,153,54
5-9-4-24-460994869,100052,95,3,3.16,BcHJAQIhDADAQFggJEC4LdWPpfi2AWuyhn06454PV8779f38wFh09vLBRE+JBVgIOBdGQKkkKqJOC5LRlvsgLLllSAbUem9ZMVkdc2UmavusAUSKmaOJUideXqCffXoIvNesKpf1yM4AwP0H,46,154,23.00,120.0,637,120
7-2-1-17-946420142,100081,95,49,51.58,Dcu5DYBADATAXXt9P8R0QwoBTSFapB3EpSONjmX73vvaHwKgOeR0QMEkUwRpxshFgckVtcFzN3W12t3KCGcuqQ0Xh5BmXs8f,176,24,88.00,72.0,991,72
4-3-4-12-358369427,100083,94,43,45.74,Dcq5DQJBEETR6qP6GtIhC8y1iAZpw9hQNgQSwmS8r6fv78f1/J7H6/cBRGHOUINmNTPCivA2lmSloMMVMzTxJtpFaw+a0VBhKtYaDjfW2rkGQTfFff8B,190,10,95.00,90.0,988,90
3-2-1-21-1640705174,100086,94,16,17.02,Dce3AcJADABAvfIH+ZMnoIWazViGLaiYiD3wdcev83fen7f34wsJkJiElBVVhBMqATApiiJQSizm6KbimUup2ZpZjcIC6Rod/QjiaKMz1pJAXEPmCjRfe+cMx9odam7DC8aYVHVC/fwB,173,27,86.50,117.0,2337,117
6-3-8-11-1313210039,100005,94,69,73.4,BcE5AYRAEATAebq3ZwcXp+A0gBxcIIeYAFfkRFRhXfZ7e5/rf5p7pCWCHHTSQiF5TbSRbpkQQz0yR5RsNr1Q1S2pUZj2Oz4=,195,5,97.50,66.0,300,66
4-2-3-12-735021879,100059,94,59,62.77,HYq5DYBAEMT2f6mBAImEZhANklIMTVAKp0tGtjVyLed3PLZvKyASMNJYYGBRnIEMJjrDUCQyjZCslAwmjWrprugWiy73iiwdl0y43x8=,181,19,90.50,81.0,561,81
1-2-4-9-1689782373,100040,94,37,39.36,YzHguOdi6v+6dHMsAyMTMwMDCysrGzMjKxs7GDEBeWxAzM7KzMTGzsYOlGFnYWRkYWZlZGY4vBsA,196,4,98.00,48.0,450,48
8-1-5-21-1628943733,100051,94,1,1.06,FYvLDcMwDMX0ebIky7GzS9FjBsoo7aUrdNS6J4IEiPv8zPf3ceFFLMogmDQ21bYdxGbqusOGOIdkt1LoYE6vIqQc3GXSam3E+g8VLvAjkiewaFYz2RY9lUa5Oz3lBw==,149,51,74.50,105.0,1086,105
4-1-5-12-1584784878,100040,94,39,41.49,DcNLDYBQEAPAbvfXhxouBAPcUYAM5KACPxjABEwyMU/PtuzveR8AjO6BzKIbO9RISWCP+I8mVGygRBqu9QM=,194,6,97.00,48.0,386,48
7-6-7-14-2131660098,100005,94,78,82.98,BcG5AYQwEANAeS151x+1UAOUQ2fEBFRDCyQXXcQMt+W49/97rSeAZCmbkTkJVuhiVKCZLFqnk6OzhFSVmzi8zAh3KbzPMSue3wc=,200,0,100.00,66.0,236,66
5-1-2-16-239892141,100085,94,76,80.85,DcqhFcMwDAXA/yXLsiXbJX1lRVkpswSElnbAjlKYHL6yP16//3M73icoVBHVYgRotRRvvXajCwRukd7a6JUQgsqYI9dMzRH3oaglNXItnxEQFQU+3ws=,184,16,92.00,84.0,680,84
4-4-7-9-1938245576,200015,93,35,37.63,DcqxDYBADANAO3H8YRIkJFpKasZhGEZgJGahhqtP2zQf13Pu6wIiIqEqWwoawwp3WSO7AYs52qT+0+0oKvDeHw==,198,2,99.00,54.0,281,54
6-5-5-11-837337796,100047,93,47,50.54,FcMJDYMAEATAe/b2HjxUQAWgoUll4AgBCCDBFzIIkwx+y3rv2/f6f0TNRd0QysgCraqT/eaIRrtQzKQTyPaZHu30KoRzyDENVMh5PA==,160,40,80.00,72.0,1184,72
8-8-5-11-1631394748,100047,93,60,64.52,FchLDYQADAXAvravPzysgBWAhk1WBo64oIIEWcggzHH8t6z3vn3P/0eggKiJKwwkBJHQSCf5fhnM2Ro16RntRUZZVvpETw97pkuu4wE=,200,0,100.00,72.0,1144,72
7-8-6-18-1178060813,100069,93,17,18.28,BcFbAUIhDADQwcbYE9j9s481rOCHaUxkAAvpOfS67o966/P2BYDWEQFotMGzS0NoasokHmOQTe4dU6mvGUgpwSwyRy7b09tJW8UgIn4auHcYmGfZUa0dyqcqUowPV6xZazvB5/cH,110,90,55.00,114.0,1170,114
7-9-4-16-803690579,100065,92,55,59.78,BcFJEQIwEACwve+2mEEODnDCYIwfNhgE8CSR++X9/byuz8cPAIkYRQnQQBGAyUMwrVrZlZJTata2njobObCB0ttiTY117VlObpBCkgjtFsl9RsSkTptkRGOSKtz4Dw==,170,30,85.00,108.0,1653,108
8-6-9-15-297462780,100046,92,62,67.39,Dco5EYBADADAvJfkntBihQoBMEOHAMzQYg1HsPXKMu3bcc/r8wISixZTN4yKDQECpVu0kdE5FWup3iJlRDf9pyn7IILr/AA=,184,16,92.00,57.0,119,57
4-4-1-18-1690431411,100084,92,20,21.74,Dcy3EQJBEADBlbfqxBs4VH18j08UZIFPEQaBcd60M3Id38/5ez5eb0BiQUDWZsJEoO5mkc5gqaU7oqIJZfRhoytqTYWmET1prmK2sVZROQgJEiIwuO2hb4HNNHe43f8=,113,87,56.50,102.0,5144,102
7-9-8-17-1940928026,100007,92,40,43.48,DcQ7AYAwDAXA1zZJk/TLghUUsOMGW+xowAJa4IajfTF+ju28XgQA8S+mSCxZzbyIVyRqBak3MdTRLIcqs6i6Olsfmq0Lu8zhUwn3+gE=,178,22,89.00,69.0,248,69
1-2-1-13-933626821,100088,92,47,51.09,Dco7AYAwDEXRpC/fpphABBoQhLeuyMAHAyu90xmunJt+773P6yBuDcy0EmY1sFsLhGb3LA+jzLQq9REhJZWw6q6qa0J3jLFgoPn8,197,3,98.50,72.0,1732,72
5-2-3-25-864425357,100061,92,8,8.7,Dcy5EUIhEADQBZYb/nIsYBO2ZWYJhoY28SNnbEf7kfQFD2+X1/f++5zPNwgppVCojRLaOm89YIgxBcxHoFL94ZrLBY9sAKkzJ6I4Go25BK/FWhc7eQegdyON0n3W1oUcAHULU9o/XB9/,103,97,51.50,102.0,622,102
8-9-8-15-912364291,100071,91,25,27.47,DchLEYAwDAXAkJc2nzbFC8OgAQ04Qgo2cIAcbrDHlX2+nu3I91xpYkipah5hDR2ixJwEBnutzd1bgDRcZdJeOEfGsLCOP8ik2ABB6F4+,193,7,96.50,72.0,387,72
4-2-3-14-960379637,100055,91,48,52.75,Fcm7EYNADEVR6emzWq2WthiG1DW4BLfggqiMjBBIbnCufpbfeawX7RsxgYWg5nAmbWHdemuPOwGpOlxyjHxTExAmBpeaZZcZo0I8KmI60krr2fT/3g==,198,2,99.00,84.0,803,84
9-6-1-17-659705449,100096,91,23,25.27,Fcu7EcJADAVA6emvuyN0AZ4hI6YQIocOXa8rAmbj1fOxvbfX/fxcxICAGaKkSmYeWRFiFpka5d0dLVQjRqobCSvN5pqdzCbyj4w1Aa9coauGA+GiTPg59i8=,174,26,87.00,96.0,2580,96
1-3-2-17-1707118431,200012,91,8,8.79,YzHjF7kyu6hX4fN+BgZGJgZGZhZGJlY2NnY2VjYOZk4ubiYeXlZWNl5WZmYWTlYePm5udg5OHj4uFmZ2PmZeDjYuhq2dAA==,0,200,0.00,0.0,93,54
2-7-2-14-1323209807,100028,91,65,71.43,BcFBAYBACATABRb2DhNYRCOYykS+bWIAm+gMt+Vav/s59xcwDzJRAgEhWSimBlIVMh9UzCx2z9E1k3SDjh8=,199,1,99.50,54.0,259,54
1-7-5-19-1822490142,100058,91,30,32.97,DcuxFcMgDAVA+JK+BALceA5P4+flMkG6zJMlUqezrz89t9f+fx/X51sqRLQCqlKMLvRoXbRIzaGcrgmEgRxTuZbDeoLNnhUw9wyfnSvaSAmnpWv57Tc=,107,93,53.50,84.0,1263,84
4-5-2-7-1824010743,200015,91,55,60.44,DYuxDYBADANtxwmjICHRIUpqdvglGOZH+4GI5Kvu7Hvb37m+5zxAElQYzhIkwUakokRXa1UvmkRnQagf4/oB,200,0,100.00,54.0,393,54
7-3-3-17-1817357206,100061,91,55,60.44,Dca3DQJBEADA9eb2HC0SfPZlENIEERLdIOgHJho5LvfP+X09bk9AYmFWEFQWIGUC+V8AmYwcKSwRGJUUyJwlE5pHRONy65hj4iolgb7mqFK3baHdM2dVjLWbbLi+fw==,200,0,100.00,102.0,1128,102
1-1-1-19-791533018,100070,90,21,23.33,DcZNAYIxCABQGPDtBwYbFtAAejCPNSzizRhGsom+0+Pn6f493y6P6wcACxEQswgLYzmgAkvrQ7EIQe2kxbjqqMMQ1drR6uzUPdb2hZZNtMXsZXvMmdFX+FLP3YpXn1u3avg/uWwMy1zHgPfrBw==,129,71,64.50,117.0,1548,117
6-3-2-21-562213241,100086,90,33,36.67,Dcg3AQJBEADAzRf3L2KAFmoUYAkpNBhBET74ZoqR1+W3b4/r5/4FJBZSQ1FmMFM1BiBjPcMEgRBPA0cgTTmlUDhqTIBGVF3j0XoBar0PSd4CYRJnn8E8HmOsjbvWLWuVw/MMM1uUAO/nHw==,178,22,89.00,117.0,2013,117
6-9-1-23-1882701512,400012,90,23,25.56,BcHJEcIwDABAS9Zt+eLFhx9lQEHMUEom7aWd7NL/8f08j+v3PgtgRUIWZRN1C2+WXaIDStMwJmEGT8fCgAEGShmEg9DmyCm2Yo8oaydtyoROLXOi0zIX0yoBIFVVQ8tr3w==,184,16,92.00,108.0,1258,108
9-8-6-17-375464610,400011,90,58,64.44,Dcm7FcIwDABAfS3JsmxnArZhgJSp2Ii9aOgYhwfXnlzHTd7f1/NzAhKLNjEFhyAmAehE3BHFI0e1WXNUrWWDMvK/CBrm23ZM9a2s0Euyspu5r9ZDEJkTHvcf,198,2,99.00,90.0,445,90
6-9-2-11-2139928831,100026,90,36,40,YzHjkshXea937WM1AwMjEzMTEwsrGyMbAwsbGxM7IxsTKyMHJytQhgEkyMTJxMjOxMHACCTZmDlZOJgZ2BgMtgIA,200,0,100.00,54.0,252,54
9-1-8-14-67570187,100080,90,51,56.67,DYtbDYBADAS3j+u2hy6Ss4MFVCAGJXzhAQP0azOTWd+383q++1gLIhA1hY9wMmIEzXuYUJNithgzswEQg1ZwSs0gusm+q+GtHw==,198,2,99.00,69.0,682,69
7-3-7-13-690613721,200012,90,46,51.11,BcE5AYAwEATAvS/3USIACakQhg8UIIYGCTjBADO6L+t7Hef23QCBmCFCrCZgouEWzKlhihHmFcMqvLstq7KiCM/8AQ==,198,2,99.00,54.0,136,54
7-8-2-17-1850917516,100096,90,29,32.22,DcK5FQIxDAXAL8nW6YNoOyDbeAuhAkJyOiWhHXgz7Xk7ruP83B8vEMDSqP+hsyhbNxYI1I2D4KQZLdTKhkeakTa3cs0OGZQ++yJOVeQOq6kjquaOWksiNt7fHw==,180,20,90.00,96.0,1258,96
9-6-2-15-2037519633,100004,89,12,13.48,BcG5EYAwDATA0+mxJTNURBFOqIBC6JEhJqAMInZtW+53Xuez7hChmolHQEiAVKc2eG+JGhJDQURk9l6q5jGaO1kCfMcP,200,0,100.00,60.0,233,60
1-2-3-17-2024967092,100021,89,18,20.22,BcHJDYAwDATAXHay6zjhgUQptEAPSLTFn/YQPTBTjmXfru9d7zPElHMR1VpaE5WIXAlD6Q4QrNZIlRSHmQbS+4RjTHPODmdQtyFJwvX8,196,4,98.00,72.0,289,72
7-2-1-17-1213979908,100081,89,35,39.33,Dce5EYBADANASbbvJ6ebS0lIKImhAJqjHQY2W9+W9X3OfV4ESRkBwf9EokmeWSosN+QIqAdhg96GRlI3awwRHipeK0pHctzHBw==,140,60,70.00,72.0,813,72
8-5-8-23-1060394627,400014,89,11,12.36,BcFLFQIxDADAJP2kTdrtv1yQgwB08JCADGStFBRwgRn7vDw+3/fvfN0AEckAGgCy6NB4phBFyCiioPdAKYhIPowWtVUSG4XaehwjE4dciq0zz+R0rRr3ZhnZHaW5XkqdS7prfDjNmytc738=,28,172,14.00,108.0,1513,108
9-1-4-10-1293520288,100088,89,53,59.55,FYyxFYVADMNsJ/GFNRiCGRjoL/EnomUVZqCg5aikQk+5L/Xc53r8NgAkJYQYWR7tHg4gu4bdns4oR5XE2cIZ1Z8E1KImOC/X/wU=,193,7,96.50,72.0,1883,72
9-4-9-22-1705716968,100089,88,37,42.05,BcHLEQIhDADQEMIvCQsEcMZSHCuwHZvwZj2WYwNbgDffo+fl8Xvdb9f3Cc6hJw8hYqJccoksrIGlHo21jyoWWc2myaq1GrOIcV1KcqgNn7Crmqhicm2YHCWDKy2jLwRurj3D3t0DEvmSOTuA7+cP,169,31,84.50,114.0,1116,114
1-3-5-11-1550185323,100010,88,33,37.5,DcOxDYBADANAJ07eCQMhMQg9u1Ah/STUrMQecNLFuhzbPJ97vwBzRg6Qoqq7ylrMHBIJRQ+5E1UFGoSOP+b7AQ==,200,0,100.00,54.0,252,54
2-3-3-13-887403131,100008,88,43,48.86,Y9HilV5it/it5dZKBkYmZhZWFjY2djZGDnYOTg5GLi5uTh4uHk5mFm5uFiYGFlZ2FgYmHlZmhumtAA==,152,48,76.00,42.0,61,42
1-9-9-19-1713350578,100066,88,9,10.23,Dcu7FcIwDAVQW59nS5aUpVKnoWYIOvbIHhmBkagYgLT3nCvPbX9/Ht/f62q9UWcRJUYTHdOcV6cVtuAJczMN1DB38rBM5FREge4UlVA3MLGaV5CI3E5Z5YMnt+P8Aw==,137,63,68.50,93.0,2344,93
8-4-4-18-1300618877,400017,88,46,52.27,Dcm5EQIxDABA/ZZ1kh9qIKIuInJiMiqgGzqgKm5ms5Xn5ft43e6f6w8AiUFIlOxELNhYrSGAtx6HNxJUC+XuqlkNgjuNcJiZY8xp1krFI5gMj0W8D5CqnHsOMZpbOes8WVA4xBeNhHf+AQ==,182,18,91.00,117.0,718,117
8-3-7-10-2069224539,100030,88,57,64.77,DcqhAYAwEAPAfD/pp3gcgg1YAMVIDMBgTIak+o7X8t7bs37njggALVtS6mWVgGpVdI4qyBFTnbY42GkoHJrHJfYc4PED,197,3,98.50,66.0,356,66
2-8-8-8-316475655,100008,88,54,61.36,DchBEYBADAPAtE2a84ADHPDB1w1ywAKy8MDtc7mP7Tnv73gnIouhJkKwW6RMR6C4LkHLnVThmj8=,200,0,100.00,42.0,104,42
9-7-6-15-295665360,100036,88,37,42.05,BcE5AcJAEADA/d/biz880ERBKhqUoIAaFWjABTNyO17n8/e53g9AAGJBRjVyDROJVPcoBKSuFTDtFky2a2my5QJA5B6I0tmCkzXTJFLe2ahpBL4Zvvc/,191,9,95.50,90.0,622,90
4-3-1-20-220839910,100064,88,33,37.5,Fcq7FcIwDEBR/SXLdmKbkg2YhYUoYBDWgPEoSJpX3PPkdfk8x/v+vf0AiUXUmJVFEZTMzjKAe5hICTYvHoRZaxVrxbtSHASx7QOz9yZE1moGtpbBHNkc+j5nqUhyTMNIQbcFqFjLWrOb9wxhuD7+,188,12,94.00,126.0,2909,126
3-3-3-17-1110666547,100010,87,1,1.15,YzETTLDsad6yKrSTgZGJmYWVjZ2Dk5OLkZuVm4eXj5eHl5OVh5GTn0uAgZ+DhV2AmY2PCSjNxMfGLMDOwsHPwM3gnQQA,0,200,0.00,0.0,54,54
5-1-4-23-14603379,100070,87,17,19.54,DclJAQIxDADAXN2madITASAAHujBBm4wgSScsJ/5jLwvz9/1cXvdv4BIxEKcDgDJWblYRU1ek0VrYSHlxHqPGEo2o+GYs85uo89ehhsT+yLMOn3bGtsPRPGVAYBF+TgL+h6QkYKVBBg+8Ac=,190,10,95.00,117.0,2456,117
8-6-1-12-1082632573,200012,87,28,32.18,DcoxAYAwEAPAJP38lx0BOGBDGD6qADGYQAUrBuh8F8eyPtc5tu8GRUEtTFtwFkKd5Q5zYsKtmqLPwECaEgLv/gM=,200,0,100.00,54.0,196,54
4-8-9-12-149112087,100016,87,50,57.47,DctLFYAwDATApPk0u8UDCpDABQmYQAX6UIICDND35jp+LNt33uv17qJNzSMzey+AVERNlZEUY3dBqbaiDgIjiBoZ1TiLOYry2A8=,200,0,100.00,66.0,381,66
9-3-8-10-1304359990,100002,87,40,45.98,Y1HntDrKMfF9W+RuBkYmBmYWVhYWVlYWNnYGDgYGJnYGRmZWVjYOFg4GdlYWRmY2JgYGho+nAA==,200,0,100.00,39.0,66,39
8-8-2-22-587894990,100089,87,15,17.24,Fcy3EQIxEADAM9LrjE6OiFIYKqAdmiCjGeqiADL0+c6m5+Xxe91v1/cXkIAT5YMZqSRAUQA2oeTCfEgl9CIQAUDEcSrUtJ0FqtmG0bL3XL261joizBTnNBtrzZ30drTuy4drEak7+ugf,183,17,91.50,114.0,1425,114
7-4-2-17-734626566,100065,87,31,35.63,Fcu7DUIxDABAf2PHTpwwDBOwCiWbIBajYw3EAJTw6tPJ7fT6vJ/nx/0LiMRCwMhKgEpNpJkj9UjiVHFGjDG7sNcyFnP9lxRve8zQyKrVWABBG4iCrUok2+XIvXaAxhxGefDl+gM=,181,19,90.50,108.0,2762,108
7-3-1-18-1782825445,100007,86,47,54.65,FcpLFYAwDATATbJpm36wUwXccYAMRGAGI1hAC/DmOlyX8Hubx/UAIhD9qcKUTlcXE0XK6oUWYG3WjTLcvs5WIuVeffQYFaWljHN/AQ==,193,7,96.50,69.0,309,69
3-4-2-16-911008147,100051,86,32,37.21,BcHBAQIhDATAhWxICCRcGf59W5Cl6McWbMAeneHz+tT7e3/wBbQuoLApOkcbaj6tT1PvVI8mMXxtRVpB+5RGZ7R1OmPn2ZN6FocbAYNWBWXuyikj987BylAUgNvvDw==,160,40,80.00,105.0,2342,105
1-1-2-25-887873705,100094,86,31,36.05,Fcq5EcIwFABR3ZJt6R86TYZnnFIVTdAJketyO4hwd555P677+T0/rySk0koLY50PSi/rFr0w0lrjUli2NEeIXgIgETAxE+SMpSDUxo766L0mwh3imgtOxDzazLpDG/zniOKIPw==,188,12,94.00,99.0,1005,99
9-8-6-17-1087970045,400011,86,41,47.67,Dce5EQIxDABAyfpl+bkKqIf0wmuKvgggoxwGNlu+jhu/v8/H5wQEbMSiZthcFEggUCn7v947W+UIqzl5aPoiiALavH1Issk2JF3YKjhWZU5Eb1HaBF73Hw==,196,4,98.00,90.0,442,90
8-5-1-20-1386162484,100063,86,15,17.44,Dcq5EQIxDEBRHdZhybK3B6oh2nBTZuiGjOaIyGkDJz9489vz+H7u5/V4vwARiBgIsInALjKrbVRqaI6dI6OPSgkhxNI2eXkfHqoGZWlSKvt1hwGr0ZwRBOy1EiEtC363Pw==,158,42,79.00,99.0,830,99
8-3-1-24-1407092183,100065,86,17,19.77,FYu5EQIxEAT3l7T6dTFcCGRFJhQOYeGRBkUAmAivu3pGrsfr835e7rcvIBILCWxAUOOwhSH+FVWNOGncOXpGICumzOK1trpnEvtQCISpGZvPktuKrDrmvviaQQ378GxlJfMOj/MH,123,77,61.50,108.0,899,108
3-6-2-14-1438418617,100010,86,11,12.79,YzHjTbDsad6yKrSTgZGJmYWRlY2dg5GRk4ONkYONjYWRhY2Di5GDk5ubgYeNkZ2LmZWHiYWFhYmHlZkLqI6bgZNh1iEA,126,74,63.00,54.0,116,54
1-1-2-13-1282619271,100009,85,15,17.65,Y9Hi3X4++ryoVGg2AyMDIxMzIwMLKxs7MzMTBycXKwc3Czs3FwcbCwsrDw87CwsTJw8nFzcbw+bTAA==,14,186,7.00,42.0,61,42
5-5-9-15-517406857,100013,85,49,57.65,FcpLEYAwDAXA19cm/aVBCEdMcMUTJnCBGmwwgwJgZo+b1ulerlnPbUcgGZMokYuiNukgEZJKJ6wGDA43M6/D0SV/NSI391Hs502pUfAcLw==,200,0,100.00,72.0,243,72
2-9-7-14-1999419633,200024,85,54,63.53,DcZLDYAwEAXAfe3bX1skoAAXnDgjAAEoQQHC8EMCh0mG23Qdz7uv5y0oFaSoFWWtsEIXMjzDkJG//1Rr6a3DMjwGVdkxAi0Hsoerybx8,196,4,98.00,72.0,282,72
9-3-9-19-32621500,100034,85,21,24.71,BcFJAYAwDATA3TQ9k7bI4oMMpCAABTjghRl+SGFG1+W732s9ng2kBI0pl9pUqJUoSc3cHM2VAEUR+7DZ3RBnEeYgdHgbc/RgkJRZce4/,81,119,40.50,72.0,220,72
8-7-8-14-1929620878,100020,85,54,63.53,BcHBEYAgDATAJFzgEsCiHHuxPj/+LELasAl3sW/HudZ9+SuqVuBAbWJQgHSGp3kzp0awpASD2YfYrG2Gq0qh9cFRu0x5vh8=,196,4,98.00,66.0,171,66
5-7-4-21-603520387,100052,85,1,1.18,DczLFQIxCABAAoSQhJCvz1a9WIpnG/BsOdbhTgHDjxv7/fX8vH8QkCBwlKQpl8ggFIlQVYiqmhhWpNq8s4pVQlNxk8JuIQVuQ0vUufreSEOaT0PbdQ4OUMdpKSdd/VxL9nbGWJhi9AYB4Fv+,90,110,45.00,120.0,935,120
6-4-4-10-382850796,200003,85,23,27.06,Y9HiMjo2L70p+KILAyMTMwsrGyMjMzs7B5DgYGLkZGRmZGRhZmZhZOJg42Rn52RgY2VnZWBQ3Q4A,189,11,94.50,42.0,98,42
9-4-8-13-1619317295,100026,84,15,17.86,Dck5FYBADAXAZPNzIwAB1JSUeEEBAvCJDR4OYNrBNs3n8qz3exEPASDKQhhqbpFl7eGpARlRSLOQNqBa/A8Q07F/,195,5,97.50,54.0,165,54
8-3-7-10-1992522827,100030,84,48,57.14,FcehAYRAEAPA3G5yucXjXnwhKEqiAPrBoakMCYwbrtO1/fb5Xv5on8hIqnVZeseQIQ2wZMtlhxLJ0TqsKlWgnNk5iPN4AA==,197,3,98.50,66.0,321,66
6-1-8-17-1825514533,200053,84,51,60.71,Fce7AYAgDATQO0ggJGDhVC7nIO5hb2tt5xR+Xvdkme753I79WUGCSAlZtFRDUjZRoVv2pswFDAc6w+J702KjGyzqf2uhfaiNistf,200,0,100.00,72.0,329,72
7-9-6-16-240482762,200053,84,34,40.48,DcY5FYAwEAXAvZK/uXmowhIi6LGAD3paLKACmGpsmZ75Pq7z3YiIhdXUKPyJ8JByKBUkiUpDRe99MGIScdNoCiisVBV2byPD82jmtO4f,184,16,92.00,72.0,302,72
9-9-6-9-1712176527,100002,84,63,75,Y1HntDrKMfF9W+RuBkYmBmZmFkZWNnZmDg4GJkYmDiYGRjZWdjZ2FqA4KzMjA5DPxHCrFAA=,200,0,100.00,39.0,60,39
1-6-4-23-436555680,100051,83,5,6.02,DcXJEQIgDADAADkgCQlgKf6csSArsAb92IKl6n4WH5dPvL/XO76glNoqAhUW6KNKA/1PIoNBpCkYiHvnGdiJEjBmF7EcOGwtZ6U0RZiTIdX7DtO5zkkcvveEsJPBQQ7P2w8=,178,22,89.00,105.0,1188,105
9-4-9-13-1557693586,100034,83,40,48.19,Dcg7AYAwDAXA5tc0ecFXFwQhAB04YEIGBtiQAjeezuU9n2Pu19qIRYWsqyubd6c+2KIlEiOMm7MIqDAqEaCEc6YYKrIi/iyxdGr39gE=,177,23,88.50,72.0,328,72
8-6-4-13-635196595,100031,83,64,77.11,DctRDYAwDEXRrmtfu7UoIJkSvOCGzAp+QAkG2OdNzpVj+/brvcecVLgwVRZSGFa5ormyc+1KbNAFSoRodnTzaC1THOtxOp8f,200,0,100.00,60.0,152,60
8-3-7-13-770797147,100038,83,61,73.49,FcoxAYAwDATAhH6ST4oIRhSgBUW4QUBndOAFOtx2ONZn93ecvEV0aYApPJiZZHX0xM9JJYMmpTPN51SrSNmuDw==,189,11,94.50,54.0,136,54
4-3-1-21-897221811,100086,83,25,30.12,DcjJDQIxDABAX4ntODcUgPjCG4nCaIZGqIg+djW/kc/lf3287t/nD5BYToCMiCSUGAUg5ZwgJRFWU3UvlsOqlXCt0dT7GaxjmqwxG+LYu5HZ0kRECLVYkR29Tshau2f2Esq0aoAAwft2AA==,163,37,81.50,117.0,2380,117
3-7-2-21-1690316257,400013,83,8,9.64,DYs5AQIwDEWT9qdJ7wsjrDjBABNSWHDCjgBs0fUdeF5un8f1G193YnIeEpTYYspeyQBzpYLgnR5ZYjImQFMs3uGQelpkkNoZJZsyV0HjPtrsS0Jjm3Oo7UCqe4cui8LiQe/fHw==,53,147,26.50,108.0,2959,108
5-8-2-17-441419464,100013,83,56,67.47,DcpLEYUwEATAmUySzeaHEKq4YIIrBlCDINQ8G88C9Lnjsfz335qf8wbIAMWUrZh7lVp30JRiw2CFGaeH0L0SvUVKk8zCmMWs5OFK3xGu7QU=,195,5,97.50,72.0,350,72
9-8-1-15-1496184998,100066,83,37,44.58,Fcw5FYBAEAPQOTLH7iIAQTigRgQdqpCAG1oqBDCkSd4vgm1ajmt93v0kFiJhUYVB3d0CYZxuaB5UbdQz1JsWcu8tBVEBU6EbyxgQUFo0lf9OfZRDa97zBw==,192,8,96.00,93.0,4541,93
8-1-8-16-56729846,100060,83,19,22.89,DcaxEQIxDATAO8k+yZbIKYKMDKLv4Weogs4oilJgox3n5XN9vJ/31wEaHHSMaQozRDrX9sS0AUrppcXlisCIBrM9maVi/Rc5rTtD4WJU9d7C7fsD,99,101,49.50,84.0,894,84
7-5-4-19-706894999,100070,83,17,20.48,DcvLFQIxCABACIRAfoS1AS1AD9ZjG5ZhG94tyU4213lv+H15/q+P2+v+A4REwEAZQAiIUs4bsCQWJBI1Rqit1zJsICedkH3FbEdvK1wOD6QSPsHqpra8Wx08I0qSMU27ZN3ZR6l9X1VrDN/PCQ==,85,115,42.50,117.0,1637,117
8-1-8-22-1749019701,100055,83,38,45.78,Dcq5FQIxDAXAL8m2Ll9bFY+36XZADzRGKzRCRggTT7mO5+d1++K8A0TExEKFUZuaeaHIPvq0jMpmLeo/RVGS7Km+1sypFtlcGZt8KwcgewwXiPjC+/ED,196,4,98.00,84.0,533,84
8-1-8-22-1470601364,100055,83,27,32.53,Dci7EYQwDAXAJ/lhW0L+UBEhw5BeLdcYlZER3m24/Gzf5z5eXCdEFZBEXbKWmgy+rESszUiWgi7VIOO/mhsiPNQ4jF3mTKCo16H0PsMie9OIwP78AA==,116,84,58.00,84.0,431,84
7-4-4-14-640191423,100066,83,20,24.1,FYq7FUIxDMVsX//iOCxEywbUDPG6NxUjMA4lFQMQpKNO+rjcztf98z2exPRHAFYIQUHCW2UBmYdZIkZkTZ/ZMVt9IbqWeXPnTF27YBr7EBE2JquqJvig6/sH,164,36,82.00,93.0,2110,93
1-8-9-12-694809970,200004,82,43,52.44,DcqxDYBADAPAJI7jIAENM9D/jtQMiJCYhe+uuBzLd27HfT27mQcckWSZFA6RAalyQmI3PcoxG5Vt7/oD,200,0,100.00,48.0,215,48
8-6-4-16-313784303,100066,82,0,0,Dck7FQJBDADAbP7JbrI4osEB9Ym4hocqJCCJCgEw7fBxuT3f98/3fMHAQUjALIpkg90k0hMt/gWAwToUI5J0joXl1FOkcjZ1YXGJkFK17229LC2WAtP2TofH9Qc=,21,179,10.50,93.0,1288,93
1-8-4-17-1778770428,100067,82,33,40.24,DclLEQJBEATR3arq6d8MPrCEBDzggTvoQAhC0MBEnl6kbpfP+3uP1+9xnDuAPEGJEA3DHEaE6G45fFMkzI2F0THdOrMytH9oISZ7Za9iZE9I1VXH8/oH,196,4,98.00,90.0,1850,90
9-8-2-18-1519330784,400014,82,17,20.73,DcxZFUFRFADQM493EEoay2vwWhBLFAn8YAfYcr/c3p/n93VeAYmARUjNwy1YFUFNOTLKQsIaK9NUqipHzGbTtZ1Qh04BHzXTlhNLRCMB5l7/VJjYmVuABHBbNyAcjx8=,157,43,78.50,108.0,3370,108
7-1-2-21-1449527362,100055,82,54,65.85,Dcq7EYNADAXA9ySddP9zLW6CYUiphcaoxKU4c2iyDdbO1/W9tx+OHSQooqQ9FNOk6m6CIJyRS20iffRJFEs54Hg+55DaKlYsn0l7yHCUtpDNQvF5/wE=,199,1,99.50,84.0,716,84
3-8-5-15-1163357816,200013,82,54,65.85,Dcq5EYAwDAXRb1mHLdkktMMMVdAKVZDQEU1QDBlK9y3vy23Hup3Xi0JUWVTFWhfX4lRBah5DA6IyLbF295YneI6R0RHcZaLhe34=,181,19,90.50,63.0,207,63
6-2-4-14-549473117,200010,82,17,20.73,BcExAYAwDATA/zRt0qQIYuiIUmSggAkNCEAAE9zpumzv3K/7O0EIQQGKstRmjh5ska1LpjOM8Aop1DG0OoeJu6DjeH4=,137,63,68.50,57.0,261,57
7-9-7-21-2047226872,100094,82,29,35.37,Dce7AQIhDADQHITLB0jCx97C1qksXcBNrJzLdfR1Dx+Xz/f6vr3uHQ5IGTOUkzgJYj6UspxYoZWT9V/MCbq5RpizdxEFLcJ9TFlzD5vSIjajElVrQrY5PJYuIxnuVeGpPw==,183,17,91.50,99.0,629,99
8-8-3-18-536999543,100069,82,32,39.02,DctJFUIxDEDRJM2c/g7s8IMNLLBADU7wgSK6fec+ft8ez/2J1/0HiNSAhUAbCKt5i2wBRkHm6IKVEkckdVD1qOvEyjEjkJlCL0SsalboNNbBmQtsiCVNhK2c55jdffdNSwT69w8=,145,55,72.50,114.0,1506,114
7-8-1-22-1737496910,100095,82,60,73.17,BcFLAUIxDATATdqm2Sb9PEVY4IwAZGAHT5y4YYOZ+ri+v9v7Pj+EiEKgQBGtrcJESu/OETVpJRmZkWNYaE6BLyqCFHfu3cyELVW3rZU5qeo+cU6cjufrDw==,200,0,100.00,90.0,640,90
8-9-2-14-86144630,100033,81,56,69.14,Dck5AYBADATATS7ZvQdJCAAztNhBBVIoaVBBB9NOzNOxb+d73QvM3FEiSVAypEcJ1KZm1dV6FfsgM0v/f5inaBiiJ9bnAw==,200,0,100.00,60.0,347,60
3-9-8-19-1116858733,100036,81,26,32.1,DcuxAcMgDATAByQQSEh4Ku/gEVJmglRpMkkmcO1xskV8/dGxfZ+f3/U630i5EFNl1MbS2yA1M+FekSnNroXl5spqLoEyIhJl5kGEOWWpRqzlzog7moNMQN6Ax/4H,100,100,50.00,90.0,784,90
2-8-4-15-2074336301,100062,81,8,9.88,FcehFYAwDAXA9if5SdMyBcugsGi2YxgkBskA7MDj3Okyvef8rNe2lwpRo4OEgEL3cPGWZuyD6JI+ekRGggH4f62lNKtghoi6mLVy3B8=,173,27,86.50,72.0,492,72
4-4-1-24-1688656164,100061,81,17,20.99,DcLLEQIhDADQ/EggwALBGr1tGR5twpMznuxF+9E3T66X++f8vh63JyDRPwskQVUzZVDOBc1SMddMtdbiBiKC4s7YOulxjLmw1xaUq3kYISPb1gjYY40JsaPPqsuPpongff4A,161,39,80.50,102.0,1077,102
5-3-6-9-2097543456,100048,81,57,70.37,Dcs7EYBAEATRmf3NQYQUcjIsnSIsIIIQKWhgw1fVHefybPf67tcEYUY4wzOzpKEKqSWp7YpMuKWqad59ESAtxog+ieP7AQ==,199,1,99.50,66.0,914,66
4-9-9-17-1694114719,100034,81,23,28.4,Dcm7FYAgEATAA5YF7vjYg82QWJZ12IGRzZhZirw32WBu3/1e83wOEecDIhPhIxEdcyleTW1RlwogsFRbb7XVQcuEBjCvHn10U0VQUnb/Aw==,199,1,99.50,72.0,292,72
2-8-9-13-1399915738,100028,81,31,38.27,DcixEYAwDANAK5bsONzRs0iYjomo2YQB2AT48jmXc3uv+9gfQ3OACqMl1BmKkCFZKKaaawz8IVoNRPQubzbXDw==,197,3,98.50,54.0,337,54
7-2-4-22-827634609,400017,81,37,45.68,Dcm5EQIxDABAyXr8P7JNB0RUQSVEROTENEE31wFVceHO8vtyvD635/f6A3TEzCSkgoyKQsgi4p06J2fQ6RApZSUtHjXEopBBamrcqk+9aR0dfYmQA/TazVcD8XOtPaYba/dqtscaY+lyOLsZPO5/,198,2,99.00,117.0,1133,117
8-6-6-21-536698734,100089,81,18,22.22,Dcq7FUIhDADQQEhCeBDCx8JRPE7gOi5hZ+MkDuYAdnrrm+6n2/dxvZyfHwgxIkJMxEBMASUHRI0Qy0GoFbg24mD1Hw8FwarARAVbM1UTqx1ycpMhgzIHnC65rzXy2D53S+Tl2J6n92Wtjjbg/foB,198,2,99.00,114.0,1086,114
6-8-5-11-1436193372,100060,81,46,56.79,FcrLCYQADAXAl+9LYgP24U1BsIeFrWI72yLV48D4Z/mv++/YvhcAUTPx8NRQEomqVPeQ8mqa9GR1RL+lH4HBMfJpOXRHEiUxk4ZSC0WeNw==,196,4,98.00,84.0,907,84
7-5-3-21-127802266,100076,81,28,34.57,Dcq5AcIwEATA25XuZP0fKTEZBZESUQ+dUYBrwfGMf93O+z5/z89bAKE4CuEVJCyoOD0YU8oFYPUhBtI7a9XQB3SMy/O1muRDZ1+9qDnZe6VppbZpuqJs+T7+,98,102,49.00,90.0,478,90
8-8-7-20-860823072,100052,80,5,6.25,Dcq7FQIwCABAEgiBfCAJvueSDmBj4x7WLuBMzqFXH90vZNfX4/P+QsqYqSSuLFgqkObSWqXUZfA0x1V3/6d5Wh7JTFjDfeMO2J0AsWlbeUi3wbr8mPspdY1DPZU21wytJH1NiclqcWKXAfvA8/YD,88,112,44.00,120.0,512,120
8-2-6-19-1449477573,100067,80,28,35,DcdLEcMwDAVAPUn+yZat0iuEcMgxKBIcARIgxdDM7GX1+7mvZ6vnbycwiPglzKQEQPBGOZHmwqjNzFIf6rNBXFeNlsLMe3SdHiNKySwma0WFRbhbtpiDruMP,167,33,83.50,90.0,883,90
7-7-6-17-338771915,200024,80,14,17.5,BcFJEYRAEATAPmrO7jlwggZevBGAAJSsgnWAIfwQQSb25Xc+77Fdf2IWUWVSYVYgSBRGUs2lGtw9SStUrY/RHWGWNDFat2bIyBPRo1UPRuv9AQ==,98,102,49.00,72.0,152,72
9-7-7-11-1547171588,200007,80,51,63.75,FcY7EYBQDAXRJDd/lGCAGWSABmxQoY0GIeiA1+xZXadzf653Xm5iFoaqGERYyZ0gEWOzHEZNUJRFZeqfYXUH07F9,200,0,100.00,57.0,183,57
7-5-6-12-341954393,200012,80,17,21.25,DchLAYBACAVA4PFb8GgAUxjMFF5MYBhL2MQC7hxH92V97+Pavod4IhIwqbkHJxhjbpV5ZZq3OUUorE2kB3xA6cQP,195,5,97.50,54.0,128,54
6-9-4-16-1132324714,100069,80,8,10,DcFLAQJBCABQ/gywMOvRBgaxhhU82MAW5jKRviev8/64fOJ5/QIgETMBipAaOq6QBNdlloIh4aCojlhHBWBXA09ErJQ9vKa7fZke28zc5U/Bwq3GJfvIxTE1SiS1U5UBbu8f,79,121,39.50,114.0,2424,114
8-4-1-12-179810737,100090,80,19,23.75,DYq5DQJBEAT7mWcXH4sgSIEULjwk0rhQzrlomFapVEbH8Tjf1+v3/HxBDiOINqxIzCiHKgOFbqvY2ZEZrmjPY+1VcpmWyBYxuTY3cJ9/,175,25,87.50,81.0,1179,81
7-4-2-17-444346255,100065,80,33,41.25,DcpJEQIxEADAOZM5kklWDFowgRMKGZjhhw0KATzZd7fcjvf387o87j9AJBZkJWIERW5C3RykRaKoMoaQj9lSW604XQG7Q8PcY4apV60OAASE5+ZYZUm2y0W8tqnYHCmcQfC8/gE=,198,2,99.00,108.0,1842,108
1-6-8-14-1393071092,200007,80,23,28.75,BcGxEYAwDANA2bFkJ0zCAtyxRvahYiNqWhoGYQ7+Y1+O+Z7fuj0wb2FGkZ4A2ARCrE4Vh9yrl4MOZXaUYgwpquG6fw==,197,3,98.50,57.0,236,57
1-7-2-23-443290047,100083,80,36,45,BcFJEQIwEATAZDazV07wgguevFBDFTKQhCGedLfn5XP7vh/336tUlFohpbFBjS7mTUkNwpGZkOhIju5EKIxQnbJIbnXRMOXOIWfNY30cn2vDMhDlOv4=,181,19,90.50,90.0,972,90
7-5-5-13-2120569166,100084,80,15,18.75,DcxbFUEBFAXAfd5PDeTjXwot7v9dYigggSpMgNHb5XVe34/78wABYIIwKRExzCOpWhSw9Jm0yJXSjpmIWORkoNoti3eDu2M3q1qL/pmoiLspWZEzWY6V4fP9AQ==,144,56,72.00,102.0,4342,102
8-8-5-17-694964292,100096,79,3,3.8,BcG7AQIxCABQIEAIxyfX3AZ21g7iAlq6kIs5ke/x+7we1/13e34ACQYLKYLyHMiiqjCHrcGkfmgkTak2S8wE3Fax4Ujnku7h26xq+RANB0oNIMBobjlqtQd8X38=,57,143,28.50,96.0,1398,96
1-6-8-12-165705023,200010,79,73,92.41,DcmhFYBADAPQpk2vZRo0AsmkTHISxQyMgYKYJO+H23K8+3k/32VwhyFUDORIA9ODWkwWunS0F5WSHpUyua3zBw==,200,0,100.00,57.0,424,57
9-7-5-21-664458104,100089,79,39,49.37,Dc25EQIxDABAPbb8yPJ/AaUwhES0QxNkdEoBl3GzBax7H6/z87jfvj9AAGJynsWhUECOKeao6rVoSdlqklhzrT7mZr6P2Vezuc3Z3lYhiI++jTyUMWlLyIAITYgcMpVZV+4rkLuAQGpXdzz/,154,46,77.00,114.0,1259,114
1-1-1-19-2012627272,100070,79,14,17.72,FYvNDYIhEER3gQ/2jwXWoxctQA/WYxsWZklWophMJm9eMuV1enwu9+vz9gbAlAsciJgxbazQjozUKtfyH3LkxE0rqxFZMWXoLol19Dk6y4qSu4dojzXXztzaZFdtLUIpCXksd+9kbGN/GL7nHw==,171,29,85.50,117.0,1726,117
7-2-4-22-279842304,400017,79,22,27.85,BcGnAQIwEADAr+mffAoboJgLhUezBNtg0EzFnTwvn8frdn9ff4DESMLEACpAGoBZMLCGyIRCgMopU1FBqilIS6axKndDKZk62LBRvJrZaM3nmsFdYLjgPnFiNu1+zl5zmo4Ac+0B/P0D,167,33,83.50,117.0,1117,117
6-6-7-16-1435570040,100086,79,25,31.65,Dco5AQIxEADAfZP9srkCDNBCjRG0YAYjKMIH10w18j5+l/vz9nl8AYlFEYhp6JzCyKCkU0X11NDdAAWEYAyJdCuPAUuccGQbx86kuVbuaVGD2GRJVm/v6loJdQ7qtXtnd0Q0BLyufw==,166,34,83.00,117.0,2363,117
3-2-2-20-775187014,500001,79,9,11.39,BcE5EsIwDAVQ2Zb15U3eaGg5EAVlTpyZzORA0PAevx/Xcf6er/tLzgeOwoAokuZSW4aaMWpFi6HBawyO0YcJs1P4NAuN3kcxSllk2lo2Rffam+jzBw==,200,0,100.00,78.0,269,78
3-3-3-11-621178115,200007,79,23,29.11,Dco7EYBQDATAfC55l1AhAwPMYIMWLVRoo0EIOmDrxTad+3O9y3qLmiMsPBODpCcrUF6l4lqd1k0baS6IPyBYtETIMX8=,186,14,93.00,57.0,216,57
9-3-1-10-818425995,200012,79,41,51.9,YzHjELkyu6hX4fN+BkYmEGRmYGZgYmFlZWZiZWRkYGMACbGxAUlWdgZ2BqAQEyMLOwuQy8rEwMzIzGDFBwA=,200,0,100.00,54.0,333,54
7-2-5-20-614520459,100052,79,30,37.97,Dcm5EQIxDABAvWf5k/zcDK2SMKQ0QUwD1EQdXLor91P89n58Pz9AQmYSESAkUDpSMjtQTIWRwUwJcqkNpasjkIVm1jQO4Tmrj8awao0BuHyVTdJqlE7aS4zYIJddobp917KR8wgfk+H1/AM=,200,0,100.00,120.0,1083,120
8-9-8-13-1108902559,100072,79,66,83.54,BcFJEYAwEATA2SuTbAJVUYQaJCAFAUhABVYwwJ9u35b9up/jXCdE1dQtSqgIrZYKWmtiRCozpWV0JaujcOQIdImB6GSa43t/,194,6,97.00,63.0,352,63
7-2-1-17-284192929,100081,78,42,53.85,DcO5DYBADATAXXt9PzndXEpCAbSDaBHKQTDSaFvW9z73eREAYX/SpbDEIEMyJ8JzpkpF1KbePAujF6tlsAcbEjRkcCZzHM8H,182,18,91.00,72.0,813,72
4-5-8-14-285261021,100023,78,50,64.1,BcFbDYAwDAXQdmu328f4mBikkGACVxjBAgnBDZwj67J95309x0tcqmgprQOtaa0q5gA4PIMHEbpZYiQQ0Ue4mYTRPn8=,200,0,100.00,54.0,203,54
3-9-4-10-1138325986,100010,78,17,21.79,DcixDYAwDARAf95vOwyERM0M9NmFColJqBmNAUh55+sytvt8n+MyNJAuUZFZvSrB6JGRIk1TUoPPckAwEk327T8=,200,0,100.00,54.0,270,54
9-4-1-13-745768116,200015,78,33,42.31,DcexDYBADANAx07yCYsgIUH5JTXjMAyjMRBcdz6X9Xre+9w3GCiaR+TIgpz0EFpKk/9jOFDDrBsYBQsGkccH,198,2,99.00,54.0,317,54
6-1-3-23-1299187324,100064,78,17,21.79,Dcs5AQIxEADA/bP5LpsEFbigxxIIwQYoQgcFV04x8ry8H/G6f64/AERCFlRCEBbSk2BJjD0X4URONSFQM+7KkqwY6GGqNjDncjAUwnag5KSjhMMMWS4VevTgVtcE2BTn4j3Vs0XPHUfypbvD9/YH,185,15,92.50,126.0,2320,126
9-6-1-22-1760498117,100096,78,11,14.1,HcupEUJBEEXR13vPPpifAQ5NEjgiQJIBeRIRv1C3jrj6uhz34/a9Pt8gJmFWgzuJQSOzlFK1xpmSf6arN+lDhrGpo82MFhW8ztmYGCsxdu+bfM8ZoFxgUjHC4/MD,86,114,43.00,96.0,1841,96
9-2-7-17-2033127319,100034,78,29,37.18,Fcq5FYAgEAXAPWDhL1dbJPZkYmoLdmBkM2aW4uNNOmGO736veTwbsSwaopmpJGXKbHAA7m4RpMqIpQINvUhfN5nk5tVrK6lnlsBC5/4D,152,48,76.00,72.0,231,72
8-9-1-15-1370521911,100020,78,37,47.44,HcrBDYAwDATBc3xnOyCaQvRCfXxogTepiIjfarTc1+Mc4770AmbN6YI8kBGWzYsivIIRQKdZZS7UT1kz0a2xuhbNY3s+,182,18,91.00,66.0,290,66
9-4-2-10-2094694518,100048,78,52,66.67,Dcs7FYAwEAXR99nNJlRIQQMu0IEiJIAISjSRYqp7JvblXZ/l264TlEHLYmRGK/Rhs8XI3iLEPsosBLOyMAmGpRkq5yUc9w8=,197,3,98.50,66.0,1060,66
2-3-1-15-1350960402,100078,78,57,73.08,DYexDYAwDATtOH7bSWAOGjahQfQMQE3LDAxMg/+kO33d5/t7zmN9N+IiVYRUYZ5wtIAzewd69DEN+MThQ5GmijyNGyq5M1TUipBYLlNMhZbrBw==,189,11,94.50,81.0,1761,81
9-3-7-8-1064664828,200003,78,42,53.85,Y9HiMDo2L70p+KILAyMTMxAxM7Iws7KxMTGws7GwsjGxs7ExMzIzMbIxsrGwszIysjEwMTLMvgcA,194,6,97.00,42.0,197,42
2-2-1-15-1289821841,200004,78,54,69.23,BcG7AYAgDAXAFxLIFxtmsHdHa0uHs3EHN/BOjvnuc13ns4EaC3UG01A29yDKYc4o4p4QQ1MdFS1SUB339wM=,159,41,79.50,48.0,88,48
8-6-4-16-864246675,100066,78,7,8.97,BcG5AcIwDABA/bJkyc5QbECdJhUtHVMxAiNRMQB3ch631+f+/T3fgIDEwkKghCxoPiAygRBDjTzENXUAJsP0gmiZgxtXriIi3LTBZK7g0l3qaW1d1dHmcD3+,123,77,61.50,93.0,1318,93
3-3-4-19-1899153574,100052,78,17,21.79,BcGxAQMhCABAFARURCRFVk2T+qf4OgtkpsyRO3o9yJ/3+/v5QalIFRtxaaLSR204tTPBsDUmNyzdqaBsjzgtdgsXDxSq7gIDSuQ0W3oOrNywQqePkquO3FPDup+TnJv3stMtSLnP6qDXHw==,170,30,85.00,120.0,791,120
9-2-2-10-2066349587,100002,78,64,82.05,Y1HnsDrKMfF9W+RuBkZGJiZmFlY2BnYWRnYmdnYGdqAQGyszIxMLEyMDKxs7EyMzAyNDbRMA,200,0,100.00,39.0,83,39
7-2-1-23-999220907,100095,77,42,54.55,BcG5AQIxDATAXT2W/JuKaOGiC2iQnojIaIMZez2+v+f7mp8KgKICUTNHCSokU6tFg4hrH65pRZzJIOBzSZQx4KHoux2eeSiW1TgzoHst3a12Iu8/,159,41,79.50,90.0,1096,90
1-6-4-23-1201190852,100051,77,10,12.99,Dce7AUIhDABACAnkRwK8Uaxt3MZRtHEFR9XrDp/XJ97f2x1fpVZoDanXwcSNAUoZQP8I9K4G5AOnDuphxpTBMQnVk3uXXK4YnpKoxpYksX3y3PtMgHWWwPQjMQy1+OMH,177,23,88.50,105.0,1460,105
9-6-2-15-1342747756,100004,77,0,0,Dci7FUBQFATA3b37/o6KFCFRj1BvQkcsUAkTjpfpftdrf+YNoMIBOkGWEMHMUtVaJXqTB7s0XMvfOaXg6ASsAM7jAw==,198,2,99.00,60.0,231,60
5-8-2-15-1892273216,200007,77,6,7.79,DcixDYAwDATA98eO7SQMwgJIiC3Yh4rZaBiEJWjgytN1Ovb7fOblAgSUorRKl+KIdG+ECDvb6B5RDNUUI3OA+JdaXbC9Hw==,168,32,84.00,57.0,142,57
5-3-5-14-814007500,100026,77,17,22.08,YzHjk8hXea937WM1AyMTMwsLMysbOwczCxMbBycHFwMnFzcHDy8HA1CGkZ2RBchmZebi4OTl5mZm5eHgYGFjZ1ieDwA=,195,5,97.50,54.0,211,54
6-9-3-15-1126867197,100013,77,25,32.47,BcFJAYRADATA7p4kk7nWCE9M8MUHMhCEGmxgYavs+H37u8Vz3iChYg6KJnpEFRKZBdbU6WMut9VXhGYanEEJJce03ipGemVT4Kp/,192,8,96.00,72.0,338,72
6-2-2-17-1298247508,100071,77,23,29.87,BcFbEYQwEATASWZ2805Owomg0IAGHCEFNVcnhz+6dXzu/36O59oQImWCp1zoqrDG3EUNQk5wovXu7jmYxVpSW3OulUqNZIDMxgAk/L4v,109,91,54.50,72.0,530,72
7-1-4-23-388496491,100066,77,27,35.06,FYY5AcMwDAAlWZ/t+A2HICmDzgXRragKIZAyFUCdG+6OX/vjcz6v3/sLuCAKyCCMCGtUbVUNyILHmCRHSSn5Vm5JZaytuPhW+5hNvWUyVO2DjEIQYB5zdsOSYR5/,159,41,79.50,93.0,1571,93
4-2-1-16-1983059983,100043,77,28,36.36,Dcg5AcNADARAabXS6V4bmQmYhnGkCYHQCoqUae0ph8f2Pl+f/ff/igIwKo1OFdIcoSxZRaIlNXqYeslRs0XtGfBe3KBoLhxjzrXmUrF8Si7c,194,6,97.00,78.0,776,78
7-2-3-19-1937665787,100079,77,26,33.77,Dcc3AYBAEATAvfTxPlCiiRYtqKBHBVpQggeYbnRbrnd9zkMcILCAlZSYjOR/iFEl5aJEJtW89RL6sBxDtzZYWYY3mTVlqKdS5yQYGPv9AQ==,173,27,86.50,75.0,407,75
7-7-4-21-717668643,100064,76,12,15.79,DcjJAQIhDADAJAQSriUBbMJarMUOtBDb0LeV7UPnOfy8vB/2un2uJyARBmBGghBTFAwqiRIDZykJqzSg3I/BVLO1hHZUVWq9FfWSp/iy0i1m2Zph+G4Rxy6NDp2+BkRTU00gAaIwBRzVR3Fctc7/3b8/,72,128,36.00,126.0,2948,126
9-6-2-15-1642423418,100004,76,3,3.95,BcHBEYAwCATAA46QgGNFFpGP9ViH/ViB49uHlbjLbXm+eR/vukMURhOKmwMKVTYGnT1oMRRZCnFYb20w01i9HC5DcF4/,200,0,100.00,60.0,212,60
1-4-1-13-612039617,100046,76,69,90.79,DcfLEUBQEATAmbf/lYBUnARAlbBcRSMPMUiEvrUu074d57xeD0hwDAEVBgLmCMuMQXFzrX+0QBDe0l1ZrgwH7vcD,199,1,99.50,57.0,239,57
2-1-4-11-1027936962,100037,76,48,63.16,FcgxEYBADATA3Cf5zx0GEEOFFwQxQ4EEnNEgAthyY52ueb+35TwMQPOwQMueOZqFdbgXvqJGFCEBZKnEQmmIoSI7/jN78gU=,171,29,85.50,66.0,530,66
7-3-2-10-1514043743,100088,76,17,22.37,DcW5EYMwFAXAd/xDogwX4RooiN5IqcC1eIaAFG2ysW/53NfnPL5YKFgrIDIq0rLEKHbbVRQze4xJ2GzMkUXIgCNmZTck/P4v,107,93,53.50,72.0,1790,72
6-4-2-9-709916655,100009,76,29,38.16,Y9Hi2H4++ryoVGg2AwMjEwMzExMjCzMLiM3MysDCzMzAyszAxMbOyMLIyMDCws7GzsbKxPD7PgA=,199,1,99.50,42.0,105,42
9-7-5-21-529552217,100089,76,47,61.84,BcG3EQIwDABAWclBthwpGIVjApahYAk6NmUAOv75dXn83vfb9fOFgEAYgIVURSOllEsRq82rJ6vGBSr34S3PvLzP2W3tXGvoaQ9AJN7JvLuYrFxSBIDIR1SJNJdTQhinESqQIvegBPr8Aw==,180,20,90.00,114.0,1281,114
9-9-7-22-1480229751,100036,76,3,3.95,Fcu7FcIwDABAyZYVyU4sfzMcYzABFQ2TUFFSZwTGYAtIfe/osj+vj+9xe98B0HmHRIGXIMLqY+Jl3VgIUCSzUytWatTWSzbAExGItOK2DksKzebMTaMO67OHkap6/ffX5wc=,1,199,0.50,90.0,318,90
7-7-6-19-1244119665,100065,76,16,21.05,BcHBEQIxCABASAKEwCWQq8WxKTtxbMzfteFYgE932+O8vp/37fX8AZZaWyFuWBlQoAt37aOYH1AZmYDKXLpGOTyiN+lpRFTYVuiCdPWlZtwl65bkuefM6lMnpe9YiBZx0BBiuO5/,173,27,86.50,108.0,1361,108
6-7-4-21-1460376216,100069,76,1,1.32,BcG5EQIxDABAyY8+v7JNQC+EtEELBFTDDF1R0e2mz+358q++73/AEDEgQEw5IEWOIJwzk4oRZ2YhDUIFoLYiUWsfMZgFLNxqVRlzWsuWnGQt3kRNXFZbvrqvedyTdjq8s+1TaxuK8Phd,36,164,18.00,114.0,1309,114
8-7-1-16-2140459908,100075,76,26,34.21,FcmxEQIxDARAnyTfSZaphi5+CJlv4hMyKqEyGmLYdON5u77H+Xk93gMGmJtHhE/QBilXDkt5ZP0DBSyLjtl702BrudpdKrCjNXdmUmRVUzXu6wc=,168,32,84.00,84.0,5251,84
4-5-7-20-1654089854,100092,76,46,60.53,BcFHAYAwEATAy6W3vRQE5IEbrPBGCz+UoAM7zJhjs9+63vXspJi1Mtb5EFOmUoFIrkKX6EDwAdJIQmpdQJbBxStdWTrEjj6nybONkU0SpvP+AQ==,187,13,93.50,75.0,194,75
6-4-2-9-1314560216,100009,76,51,67.11,Y9Hi2H4++ryoVGg2AwMjExMDiGRmZGBiZmZhYGZmZGZmZWFmYGNjYWNmAsqwsrOyszMyXHEGAA==,200,0,100.00,42.0,123,42
9-8-1-18-1908818816,100085,76,16,21.05,DcqxFQIxDARRabWWLdkm4pERUQG9UMsFV+mVciEKJvrD3+N13c/P8T5FFDA2oVvvqnTHYGQWsBlmeEyP1bIXG+pzzjGwdqpY1X2DsX0Fy1Mh8sUf,140,60,70.00,84.0,638,84
7-4-2-19-990143100,100052,76,53,69.74,Dcu5FQIxEATRac2ha3SusckRCA6hYJMAMREHMsr6r+R5Sb/fr+/nRwjEAAkCQ8lEgpqeggixUUxgySUXBaUQJVDJB1OsLJpLyk5cWh8J8Ll2ZK5jN4fVtocLNM7VrSp7XzbjOb3mWkD34w8=,197,3,98.50,120.0,1102,120
7-3-6-13-368661731,200024,76,26,34.21,DcKxDYAwDATAt+MkbzssRUVFwQAMwCRMwGBsQ4EEp7NlOvf73ebjgkAUxQSqKlVU/s06SHgw64BStBdPsI0aydBikUH3ZEMOp/fAs34=,149,51,74.50,72.0,261,72
1-3-7-17-745517695,100097,76,46,60.53,DcpJFYAwDAXA36Zp02bBCHIwgARu+MAUDrgigIcGmPOUZXr3Z97O9UbKVLg2lo4haoIBL6WRAUFqCuvqNEhAybPAwrQZqzpXj79V/g8TtFOE5EiO6/gA,200,0,100.00,84.0,564,84
6-6-2-22-1142842823,100086,76,11,14.47,BcG7AUIxCABAQggEyD9xAVut3cxlLF3Cidzj3dH79j+P1/3z/EHAECkBIwknzASkTImROSViRhVJUTSEbK5W3Ks1cxFH8z4Ubc4FXOeuYGUIhhpNpewj3tepG9voO2xdTavt49lBgb8X,72,128,36.00,117.0,1863,117
7-8-4-25-1632082144,100064,76,5,6.58,FctHEQJBEEDR7kk9OScsoAIBWAIhq4IqkMeB5fQPr754Xt6PfNw/1y8AAjKOXDCpgBOh0Bq5MmetQ+Y1GR90TIYHykVKX3VzvPfcVLXWQSFKg1kbJzlYulVIYe9U/Hm6giWvGUcRIQxgiwlhwx+g75kwwev2Aw==,109,91,54.50,126.0,1689,126
6-9-6-15-1054727787,100061,75,7,9.33,BcG5kQJADAAw/16/dEkEZRDSBBEzpFfK0Q+SXC/P//v383q8AYGIWVBNBY3A1fG4mXBkdcqpmQMayg46G5YbspPb5r1ptNJ1XFGZVNXpVPbgafcyi6gBVvi7/QA=,162,38,81.00,102.0,1181,102
3-8-5-15-1289724793,200013,75,37,49.33,DcrBEYAgDATACxcICeDHdpzxawO2YhV+7MCm7Efeu7ovj53rdt0fJFEzQRSrLgF3E0+5tc4RaIjMHpOGxqwFHOiM2b2KKI73Bw==,180,20,90.00,63.0,176,63
1-4-2-15-1506126037,100047,75,51,68,DcpLFYAgFEXRC9z3A6xgAAKYwIFrGcNG9rCFYYwhozPYh8eyffc1nnNFSikXFFKoYMmmSogbRCOygOHVvTKASd5ab5iLAmHSu9cZI7C/Pw==,184,16,92.00,72.0,1317,72
9-5-3-10-2004706309,100080,75,42,56,FcpBDYBADETRaWfa7uKLZO1ggAMq0IAGlGADAyz5t5evdTnO5723MWB/BqeCWeXK5swMdpdZdFqrqhYGOTBXJoVIhnl1ThFw7R8=,171,29,85.50,69.0,781,69
7-6-5-22-960390540,100069,75,5,6.67,DcHJEQIgDADABAKEOyHgjP34swZb8GE1VmIhVqS79LrcHvrOz+sXAOHPoafgYnKMGX2pLUHoHRCZM3mqw1OaBT3L1LVMfdFZtkBJ23gRNZOKYa3Y8qyx2Wqjp6p2mhyZW6WkM2Y1ZYT75wc=,78,122,39.00,114.0,1075,114
8-3-3-13-1254649659,100034,75,12,16,BcG5AcJAEANASau9vY++nLgsiiByB45ohowCKIIZH4/v/bmO5/sEoYBDtGVmQ6EPC1OTzDWLeyuIFaVerp1AxqCrRdeS23Ay8fr9AQ==,188,12,94.00,72.0,239,72
1-9-5-24-1457881043,100084,75,6,8,Dc05FQIxFADA5N9HTurVt/SowAU9DxkUFIiCMTB0Xl7P43273h+lAhSslbiQECuaeGSGAUM078PVZyBo5Gq+9+Bs4UZBMWX3tVR1zB6SyGBIzAyEyAQIloIkBv/h8/0B,74,126,37.00,102.0,4527,102
8-9-8-18-1767822311,400017,75,4,5.33,Dcm9EQIgDEDhhPxACBDiDFbWjmRlb+0SbuMGTiV3r3n38evyfb5vj8/1B4iFWKhorcqCKs2wtVPp1gUdemljOE9z0zXPIZtQxNqTMmsdEGsORA3rgNuP07E1Zh2pdbNk81iJ3SE2JJUN3/sf,49,151,24.50,117.0,647,117
1-6-2-25-1378927345,100061,75,28,37.33,BcHLEUIhDADAACEfQvjbojfL8GgTnpyxHe3n7eL99vo9/t/38wMhphQjZiAmDiwQEJVzgWKlGNakhi4oltEbUR9GE5bvo9wKiCL4JKGK0HmAcZlH9qq6mQ/5ch3UG3S8AA==,141,59,70.50,102.0,1179,102
2-3-7-18-1196222626,100097,75,9,12,DctJEcMwEAXRr12a0SzmYTgmYAi+2QSCLTACIBUMUVUfX+dj+93f/XqfH4SIlEttfRDzHEG4qxHMDVCAVuSdLYzEU2J1CJk1Is3FRV1KXratRVRrxOSE5/UH,151,49,75.50,84.0,508,84
3-2-8-11-1534644410,200004,75,15,20,YzHguqfKK9zbfJOPgZGJmYWVjZ2Dg4OTgZWJk4mJjY2Dg4GBFYiZGDnYWZgYmIFSQJKJgYWdiZHhyUMA,199,1,99.50,48.0,210,48
8-4-3-17-60599754,100096,74,21,28.38,JcYrAgIxDAXAl1/TJO22mLUoHJpjIDgBkvNyIgSjRt+X83Hev7fXB8SiTCAjNhHRf6CNAW/dLFgka7AzhczSCldYMtwLNfIoj45ck/TYabQlh7Wjx461Jp7XHw==,90,110,45.00,96.0,1067,96
8-1-5-14-942181175,100041,74,27,36.49,DcyxFYMwEAPQk3SWzzZjsAhUrMM+GSub5KWH9hc/r+0jnP/ffgQIBUFKyubOcg8ao0HJ6eoxEQMWsqxw1vJLHCsrHaup3iC+9wM=,170,30,85.00,72.0,326,72
7-4-4-18-2116470307,400011,74,40,54.05,BcG5EQIwDARAPSfZ8iPbNEBPhDRFRi3UQEJGOQy7uF+u+Pzej++NiJhFQSQAKYkawx2lBqtwM+k2JrIJFctwn6ZKvYvABkNQcs19ou6MGG2vzLPieHV6Pf8=,200,0,100.00,90.0,548,90
7-8-5-18-346569462,200053,74,41,55.41,DcmpAYBADATASy7Z+9+q0PRFIfSBx2KRVAGMHVnmM6/9PN7NEBOzNaJwxktwHFUSXCa2TEWq/6cqglU0ai1RTIDvGH3k8H/piFmHWe8P,168,32,84.00,72.0,208,72
3-5-9-9-742644731,200004,74,34,45.95,FcipAYBAEAPAfbLZIDhDDXh6PE2BGJqgAWDk4Fjufd3OeQ3ziASKNDaklkLNwB9F/yqjW8hWOMvG8wI=,200,0,100.00,48.0,208,48
1-5-2-25-2080038894,100063,74,9,12.16,Dcs7EgIhDABQPkkIBAIBPJSVlWOpM97Gzstt5WHc/j14X37H9fZ4fT/Oh+g9IIWY2OWCwEkogBCV2lBbH9ESCwFqgsTkxhxLekUhtvMJq4nkuRDq7tbWnqa6M6AVSHoC97z/AQ==,99,101,49.50,99.0,1027,99
2-3-2-14-557100828,200015,74,0,0,YzHjU/eYcqXATleLgZGJmYWVkY2dg40RiDi5OLi5OHk4eLi5eRh5Odk5Wdk5WZgYGDmYOXh5GZkZGRmYWDi5WBmOHwQA,0,200,0.00,0.0,108,54
2-2-1-11-1480068895,100002,74,34,45.95,Y1HntjrKMfF9W+RuBkYmZhZWNnYODhZWZiZOLiYGTmYmLjYWdmZGDkZmdlY2LiZOZgYmhtfiAA==,75,125,37.50,39.0,53,39
2-2-7-13-1625212562,100056,74,66,89.19,DcdJEYBADATAyW6OSbDAGwNUIQgHFB4wgTmkkF+3Hsv7Pbud6wXBmICaW4j6HOi7Ci2RVQEkg8VmNDMIVOLefg==,192,8,96.00,54.0,504,54
5-6-3-14-2139886946,100041,74,35,47.3,DcuxFYAgDAXA/JDwQwCncBGt3MlV3NJnL8WVZ9f2FJzfux8CQEWLeSUZhfQwVi7mBm3Zi0iO7oieIxIydQ1EeBItx3SbTeXGDw==,195,5,97.50,72.0,323,72
1-5-8-24-691454423,100083,74,32,43.24,DcuxFUIxCAXQJDwCJITw3cAh3MLSymk8xzEcyYUs/cUtL56Xz+37ftx/r1JboQoUZuIuVWFj+liInX6kqE+NAQTAO8Za0M2ZPilFjKk3YvURx8lEz2HW2DpTueYf,107,93,53.50,90.0,417,90
7-6-1-15-624382330,100058,74,22,29.73,Dce7FcJADATAXX1WujtC1+FaCHg0RwXO3IwTd0IGk028Hp/te+zv8wbN6IZgOkJlSuskQc9yjf8YFJQpZFe2qr07HA6LnoNTS9Owlnt1jDJczx8=,200,0,100.00,84.0,1219,84
5-4-1-23-1565487001,400012,74,20,27.03,DcFLEUIxDADANJ8mTdrXHwcEIAN0oIEZpDCc8IYd2OXn6XY9v76PyxsSIjFIZlRWFROCQn9i4GFRg82asx9iCoRYEkq49n7UMduoPEdfHEdLHoJeSGHhznkv04mbQJhBFcwE7p8f,192,8,96.00,108.0,1331,108
3-2-3-19-140012296,200007,73,40,54.79,Y7EUqg061fxM0+woAyMTMwsrGzsHJxc3DwMPBzcnCyMHLx8rMzMrP4cAIw83kyALA5MgFzs/Hz8bhwAvBxsfrwA7lyAnQ0InAA==,68,132,34.00,57.0,96,57
4-3-5-13-268010427,100059,73,16,21.92,Dcm5DYNQEAXAvf/bgxYIkEiogIAeLFfptlyKPenYe3t9r0+cx07MoqJErGwiHk4ay4QAF+ZlypT/86j2wWSlmWd12OoEojCNQE81smbouX8=,188,12,94.00,81.0,542,81
1-6-5-22-308921490,100070,73,21,28.77,DclbAUIxCADQcQfjMQbsJtAA+mEeaxjMIIawiZ7fg6/z8b3cr8/buzU4+oGEA5lBuoJKU0LrMhkOh+E0cBHg0KBMklAtIB62lxcOEY1p+S+vuSyqwnNzLl6BtlKdwCN2sTO7pgFGq88P,126,74,63.00,117.0,2619,117
5-1-3-17-1864927268,100051,73,20,27.4,Dci7AQIwCAVAHp8ESALuYu1ADmFhqY0rOKpeeXq/fOr9vd70RWCBMhnDQKIqZmOSx0gZc5nts9ODUd5Mq6boFk6vhJ3uNvIuZ1KDktDJgmjFAbhPKq+IE/8CPR8/,98,102,49.00,105.0,1901,105
2-6-1-9-1557134727,100008,73,53,72.6,Y9HikF5it/it5dZKBkYmZhYGBlZWBjY2NgYgi42dnZ2FjZWFhRnEY2JkY2BgYWQCca0LAQ==,200,0,100.00,42.0,231,42
8-6-8-16-1136404175,100076,73,5,6.85,Dcq5EQIxDABAyXotWdbNENMCBZGSQKMUQAFXC5dtsPw8zvvt/D0+L8BBzCQIgEpsfnGG51JblDlNwzzFaxfmbhvZlVsowaJ2zAYd3N2qyY6LpWRDxPXh+/4D,148,52,74.00,90.0,609,90
2-8-1-22-1308041018,400015,73,58,79.45,Dcq7EYMwEAXAd9znCekkkdEYkQtxRCV04IY8jlyJA5PurD226/d9vffjhCxQU1cPkiXWpUCrCM3h3vKGVUqrQBcxMbf7jdq0z0TGCAZhGCCFmbNTIwOYgufnDw==,200,0,100.00,90.0,1022,90
3-2-3-14-434925431,200003,73,6,8.22,Y9HiMzo2L70p+KILAyMTMwsrGzsHJycDFys3DxcbGxcPDysvAycLIwc7EzMvNzcvMxM7ByMLg10OAA==,0,200,0.00,0.0,46,42
7-5-4-15-319530991,100063,73,25,34.25,DcypEQJBEADA+f9dLCmhkGevimxwKDJDEQx0AC2Py/dzux/n6wlIxITACKJiDhCG7EROGcXU2UMhJgDEPiDYnSlrDTszk6LpqO3qoJWFO2sbdsWEl85/Vnhffw==,195,5,97.50,99.0,1261,99
1-6-2-25-1382367787,100061,73,14,19.18,Dce7DUIxDAXQm7w4cWznH1akYwcaSpagQmIdkBgHTnfC+XR/Xz6vx+0J590RyBEIPh4p4j/OogoPzgQhMgS1mLMUy7XV1DHmGkimlIxkN+QohYl3VJSx0uzUFsuMqbNtqorr9wc=,162,38,81.00,102.0,932,102
5-2-2-6-1721953867,100002,73,58,79.45,Y1FnszrKMfF9W+RuBkYGJmYWFhZGFlZmBgYmJiYGEMnCyMjAyszEABRlAioAitlyAAA=,200,0,100.00,39.0,145,39
9-4-6-19-1548713907,100070,73,28,38.36,BcFbAQIhEADAfS8LHCxYQAPoh3msYQErmMRINrkZeV+e/+vj9rr/ABCJBVhF2NzISwRhbbXXokcM7Wp9Zq49JpVDdxyRzVpre+6NayxlWCninHOONbIxiYwZROiCjEAEtpc5MrA4IMDnewI=,172,28,86.00,117.0,2897,117
8-6-8-24-2108365186,100089,73,23,31.51,Fcm5EQIxDABAnS1b/s6P5AdKYaiAOuiA6Dogo1MKIAPSXXycbp/n9XJ+vWFTWis0FsgBeY/2DwaQQgRKu8tYgKg2pWw0KoU9uGaqt8xb1loYO9hUBWWIgTrtYG6r5yws0HMpI+9xyPr1mrNWM+C4fwE=,97,103,48.50,114.0,1047,114
1-7-7-18-1892096912,100085,73,30,41.1,FYm5EYUwEMXst4e9h4kYMiJaohYC6qEoSvnhN4FGMxKfy/b+1uPa71JRayGGEIlQwZQ27gT+mphHSzWFGhoLJCIt1TEhtj5XjIxhKh4+PM16efIP,197,3,98.50,84.0,957,84
1-4-2-13-273782992,100043,72,54,75,DcrLDQIxEATRtj3tno+RCGUjIQFy2ssmQDxkQBQcuWLV7anscbue5+v+/X3Q+jDOPtUa+iA5Zb4blAddYBCZUYWorHTDMhP2I9OmtbJCcsKB9/EH,200,0,100.00,78.0,1310,78
8-2-2-9-1878588822,100047,72,57,79.17,FYhRDYBQDAPbbnsbJhCAADSQIANH+CDBBF6QwejHpXe+Tet7Hsu1zwAhUehRZL82qtuPNpicgQGE05SN8igxh5tZcSQcuJ8P,200,0,100.00,72.0,867,72
6-7-7-10-68406559,100074,72,58,80.56,Fcg7EYBQDATAy++SIAgNyMMEM6/FAAVq0AANsOX6PJ37uJfrWAFRcwmjkGGRKVreBYqK51dmHsjuYgJ0/olnewE=,200,0,100.00,54.0,206,54
4-2-1-24-1756242950,100069,72,0,0,Dce3AQIxDABARVtyThTswxo0PwAF0zAXE8F1J+/b4zk//rp/AYkFVYhBgSBwiPyvOUTzqBgSqEjKFEptothHjnEqT+qzDFZfNQlpWNWYLAEiRko72DH2tooj5H125zROA3ESuK4f,7,193,3.50,114.0,2700,114
8-4-5-10-686840448,100041,72,24,33.33,DYm5DYBAEMRmn9mHOmgEItq4uqBLRM5KDizbr+0xOb93PyAyqJg7OGIIT00pardpRHVkSJUT0gUajJmRoLfbJOocYt0/,194,6,97.00,72.0,416,72
8-5-8-23-1671950465,400014,72,27,37.5,FcZLEUIxDADApp+XtGnSfzGBDDDDIAEZyEIKCrjAsKf199Pt/Xl+X4+LATAWnPXwj7HOBesPJDARLCTnOCfyKKJSDJbkuIqEnLW13o8x4yy9TF48FgfhLVuxkQpVGQULR6x0KPHSzeZ8/QE=,150,50,75.00,108.0,2383,108
6-3-1-22-1204730496,100069,72,15,20.83,DctLAQIgDADQ/dhgDAZ4so81rODBElYwg3FMpO/+5Hm53fe7Pa5fQCRGEi4AWIoWNSBkU7NSVZlbATR3QuocQHU00k5o1OpMlbVngmWsYZ5SQ6pXzKFyQqWf+c+xzg7k3M7gjPB5/QA=,159,41,79.50,114.0,2890,114
9-5-3-10-503697207,100080,72,38,52.78,DcxBEYAwDATAu1yapPhipnawgIP+8AJKsIEB+t3H+r6d1/s9xxgADWagvEVWybNTmRG1XNXCe2dkMwgwEspyiB7mpWVcwbx/,200,0,100.00,69.0,912,69
7-4-3-13-1749872033,100004,72,4,5.56,FcS7DYAwDAXA50/s2AlMlCFoWIMVGILNEDUFkwA66XRM17Oc+z2vABEx4fMHYmEtxuJiNVIhHMbeqkn23rJ4bdaLKUKwHS8=,197,3,98.50,60.0,180,60
5-7-3-14-901818911,100094,71,14,19.72,Dck5AYNAEADA/f9DAwUtJrCCiTiIhFTRFTth2pF7+/72z/E6FyCxoBKYeRijqFAGo0Wqp6ankyZ5clg5m5JbgGL2lMxoT0uoLQQ3yC6sJ1ZMoLcgVyyA9/UH,186,14,93.00,99.0,913,99
7-7-6-15-1499527353,100096,71,10,14.08,FcupEQJBEADAmd35v3OXAQ5JEQgCjSReIgJki6bXcd7P6+fyeAMgrA170yL6gbeosS80DkdzStQSJm+t0JaVINwZUaO6hsf837MYZiKNK7pacpBdrAmety8=,145,55,72.50,96.0,1624,96
3-7-2-21-45738289,400013,71,17,23.94,Dcm7EQIxDAXAp7Mk29L5f42Q0gkNEFEKRVACOc3hbGeWX9f9+7z98vsB0BGYmQTQmFSyibCfkR16cNnSlBmFctJ47jo0uhGC1LIbEojNY2nUhap4HdaptDY7Fk/ihekYtgYM/fMH,168,32,84.00,108.0,4362,108
6-9-8-20-489632853,100097,71,16,22.54,BcFbGQIgDAbQ/cCAAdu42MBX41jACL4Z0RgG8DOD56T75ff63p7vx4cQYmLiXCoggkINrQ81NkvsPoevwchLiGRJxLbe7JRdtaZgnpWD79Nd51RFlEOga/sD,106,94,53.00,84.0,252,84
8-9-5-11-1481336117,100026,71,34,47.89,Dcg7FYBADATAZLP5HQYQQE2JLToajKAMGzwcwJTDbZr35Vnv9xSFkXQLV0d4ViL/aBJl5qJRowWWEcbOkSMcclwf,200,0,100.00,54.0,161,54
7-1-3-20-1880689196,100095,71,29,40.85,Dcm5AYNADAVR6UuLpL2piBaI6YoqKIM+HDlzG94J3+i1f3/Hc7ZP0IpBBIhC06ZipG4hbOSciHNsLEUhBizxXA21wTt01LJmG43TjAmflolkFPQewfTefw==,200,0,100.00,90.0,728,90
8-8-1-11-301672068,200012,71,27,38.03,DcU7FYBADATAZHfzoUcAKhCGDxScGBxQ0SEDA9ybYrQv6zOOc/suc0xGOQiEmCUXQEKlsHQxWk1zOc2qE/P7/QE=,190,10,95.00,54.0,241,54
3-6-3-15-1503066049,400012,71,44,61.97,BcFbDUJBDAXA0/du29v7RYIAZIAgEqQQ7CECE8zo63zcr+/v8/YBiEnUIK4RvGzbYrdFiG0p4AprOwayEbSYjWYZawiDLYOPGCSLhULWEKa1/BiTArenSle1e3YlLr8/,195,5,97.50,108.0,1339,108
3-5-2-11-1211956090,100016,71,49,69.01,FctBFYAwDATRbJJu0iACBUjgUgmYQAVWuaEAA5TrvD8+lu09rvV8doGaqzQ6wwzGTJGeiQgWoH9m0SCeDdq7sqXLpBXEXEPq/gA=,200,0,100.00,66.0,371,66
6-1-2-22-440451441,100087,71,8,11.27,DcjJDQIxEAXR34vd7W28jAiMDDhxIggCIY4JiwsJYKn0DqXP83Z/X6/f9QGIiGUH2SpCRCQwxJhdiOB7aMqlhhwDqbJb40M66ZEM+Ug0wGHG1kol9F58mQcTW+JjaJirTnwffw==,178,22,89.00,102.0,963,102
1-8-8-22-21055421,100061,71,12,16.9,DcrLDQIxDAXAZyeO7Xzs0CS3LWOPNIGEhEQt3KAfmPPU6+X2Ob6v+/kEMZVapTIJN1K2Au+QgcbqTU0NbsXnEoUzm/+bEamH9gwLeKYMn5mqRGKbWuMdPUwQgr1GzoX34wc=,177,23,88.50,102.0,1113,102
9-4-2-10-812242237,100048,71,45,63.38,DYu5EYBADMTWu7bviSiFGmiJiq4FhhoIKYnBkQJJfsxnu+a7rxNGibCie0SmWgfMs4/s7hrDQEHBVpZRJcsbW0peM3B/Pw==,190,10,95.00,66.0,950,66
8-2-5-11-742698670,200004,70,39,55.71,YzHguqfKK9zbfJOPgZGJmZEJSLCwMrCysTMzMnIwsTMxsrCzMrFycjKwsrCxcQBVgISZWJmZORn+MgEA,200,0,100.00,48.0,127,48
5-8-5-12-127554235,100030,70,40,57.14,DcgxAYAwDATA/zb5NC0rGwNCmFCAAFQgAGEoY4Qbz/bpuZZ7frcVZKnmcoMboyUzmrJ3mQNEkCPGSHUJxbz+mWyRUgjVreA8Pg==,172,28,86.00,66.0,222,66
1-2-1-13-532015611,100088,70,25,35.71,FcmxDYAwDARAOx/7ncQswRDMwDpI7EbLRhQUtEB30tV1suc+52NfRLRARVC1mDhV4hedLbQHRqXlaMlIh438Btk63cxpPREB0CDb9QI=,136,64,68.00,72.0,1953,72
6-9-4-16-1499280548,200013,70,53,75.71,DcpLFYAwDATAbbJt0v8BO7yHCgwgAhVc8IQF/MCch9u8bV/W83qBIMqIZEoXB1TAHKzUxmyqrXvUTEmIGH/oI5Vamwx66Ch4jg8=,198,2,99.00,63.0,154,63
3-2-2-20-1791970988,500001,70,4,5.71,BcG5EcJADAVQaY8v7ak9SJw6cTcugIqZYYaCIOG9cD/ez9fvOD9fYudDhADKmnKpTTy4myBGUDVCY6tONIwAiGNOeVpZY6xWcvKq0/ayLtr3nnTpHw==,199,1,99.50,78.0,269,78
1-9-2-23-2078117819,100063,70,19,27.14,FYwxDgIxDAQ3ydqxneSSexYVJS0Sn0F0PIyWisdwV4w0xWj42H/fy/V2f7+QcgFSoihVqzCbFiMKzUMkR3OvFKgAVKvmfWwRs9tZQwmc1scUbqtFW2tzjzEpVY8PDj7PPw==,197,3,98.50,99.0,1396,99
9-6-8-9-705959943,100081,70,44,62.86,Fca7DYBADATRXX/WpgO6ISWhENo40SIRvSCOCZ4m9mV973FsF0GahyGMSaSrpMrqip7JhZjrYmd6QXS1gM4wI4lf0AzP+QE=,200,0,100.00,72.0,1600,72
6-7-2-16-1358780837,100066,70,11,15.71,DcU5AcJQEAXAvd4e/8IUDmiJiHRREhlIQBIVApJpxrbH8/i+fv/9QyykJgZlU3FIIEVhnsIR5IlQz2recZdVHqJ95OToUqtC4OQ2VVsjTpDyyrlGxIDR+b4A,122,78,61.00,93.0,2145,93
3-8-6-14-16681316,400015,70,31,44.29,Dcq5FcJADAVA6evcXYnUFbkDR9RCJXRAQ3ZGJQQ4nTf6fLx/38+5HS9iJoiKmblaELtTDtJbxHRCl4ONeEwOLo22sjmqfa07UiIgUl3ZCc7o4qZQBUD79Qc=,197,3,98.50,90.0,807,90
8-2-4-17-1146919053,100083,70,19,27.14,Dcq7EYQwDAXAp58lYRuTUApdXHgR1TBzZVwfNEFDhJDurO7Lf7t+3899AMSiRAYWUikeOaGGgNnDAtqyc3UmmABd3kWz6rDoqFZaTnM4sYHgMgan6EveSuJcHw==,101,99,50.50,90.0,467,90
8-1-6-15-1660648767,100020,70,37,52.86,DcpBEYAwDATAS3qXNEUKLhi8IANNfPBBFdH3Lo/tvOZ8H30wuHkDjVSYYB7ekt2UFaOWDzeE2LVKH5WR8FSiBSUK9/4D,197,3,98.50,66.0,205,66
5-4-9-18-1634153531,400011,69,19,27.54,Dcq7FcMwCABAhEA/QKAskJ1ceinv5SZVPIcnyIubq47215s+v/O4NkiYiaFA5doAsA9sosRqUqaqRxWTgLDHouZtSEYMyTN6n5w4xUAXdbX1JF8aS8yZFO7vHw==,102,98,51.00,90.0,623,90
8-3-7-13-1285587923,100038,69,40,57.97,FcpJFUAAFAXQP7w/CyKAo4QCSgpgLYcujru+2Jdn9fc+8yIWhbGLRQJc0DapMa4JTM3kgMlE/U8SVNXZtB0f,199,1,99.50,54.0,121,54
6-9-3-13-1472298568,100090,69,38,55.07,Dce7EQJRDANA2bItvw8hERkN0ADBtXDlMUMblEI/sNnGefk8vrf39XgB5gZnILICKkMrQbVnEcPCYKoQ/68iK0Py6hY5lVyZvrPn6jnG3gv35w8=,141,59,70.50,81.0,761,81
8-5-6-14-1442655864,400014,69,44,63.77,Fcc5DUIBEADRve9FFWoIEpCBFGRQIgMFNMBPpngj19Pl/bl/n7czIAHhPz4gKoiq5seACoEEoGIWEUS0dOLIFphrxzL5RlYvAUJXZDIzhq+xzc5UZfiYcXswD7wePw==,199,1,99.50,108.0,3534,108
7-7-3-21-1643597621,100065,69,23,33.33,BcG5EQIxDABAvWdZln9aIaYhmiBmaIyMNhgKuJBduV8+v+/7+nqegITEKKBwJAYiYLTsrMXiAEcSQau55eJiPSchcSflw/OYXgFjzeKOyCGkGrp6k6C59rYce1RIo/UiVqDA7fEH,198,2,99.00,108.0,1364,108
8-7-2-10-237179335,200053,69,39,56.52,JcpBEYAwEEPRNJtsW47IQAlqcIIQfHDnigVUQGc4/nlf6/TM93Gd744CkCHJKuEohgEnCFo5uopG8j/QrGBqYLr0iozeWFvHsn0=,197,3,98.50,72.0,504,72
8-4-4-18-422250158,400017,69,22,31.88,FYu7EUIxDMD8S+z4JXZCwwJUzEVFT80SbMMdAzAV4U6FVEgep/f9eb29Ll9AImTZcCmMTFD1rwqExNb82OVW+9BaGYpaQwc0Y3EU7mOUXiiwidDhltTxGFIV517G4lVmx8yAiCBfUyMz4XP+AQ==,175,25,87.50,117.0,908,117
9-2-8-21-1128371590,400013,69,55,79.71,HYq5EQIxEMD287der206Ib02LqIBIkqhGIaU5rBvRpEked2Oz/P+K+8HIBEygjCICPAFMuAOFEiYIseEnOI6cpa1Y9FaszVTN++peikhqI62lfW+pM7ZWt/d1eZoQ907fM8/,198,2,99.00,108.0,5542,108
6-9-9-11-579719762,200004,69,21,30.43,BcG5DYBADATA9dnrD0FCDZfTDvUQUyASohZm7Fi+ue739WyQoQYKCXNISBaz3ZHGck+NlsqOoZ4cELznDw==,183,17,91.50,48.0,112,48
7-3-7-14-1095294160,100026,69,17,24.64,YzHjlchXea937WM1AyMjIxAzMTCzsLCwMrCxMDKxs7JwMDJycjGxMHCzsLNxMHDycHMx8zCycDCzcPNwsXKysTO4nQcA,200,0,100.00,54.0,150,54
6-6-6-12-1968101215,100047,69,17,24.64,DYg5EYQAEMD2f08DAuhoMEDDDDJwhA98IeO2SSaR87d/z72+1wJIgMwkyiauAekhqJTV0+BVMFJiTAvC2W3EGpUsMWxTQ++GY/sD,71,129,35.50,72.0,877,72
6-7-8-11-136792122,200003,68,21,30.88,Y9HiNjo2L70p+KILAyMTMxAwsjCzMjKwsDKysTGxszBzsDNycnJycTFwcbCxc7FyMDIB2aYuAA==,200,0,100.00,42.0,73,42
9-2-3-9-220308406,100033,68,47,69.12,DYqrFYBAEMRmZj+3SAzVUADVYK8dqqAUJH3g2JeIiPi+XPO8v+c9AFJoCHMqcojySAEVRqZ3tbQQiBEFijV6BdbtBw==,186,14,93.00,60.0,443,60
5-2-4-13-104130224,100046,68,41,60.29,DcmxDYAwDARAv2PH75gBWIWKAUBiLCokVmMjcu3ZtpzHda/7+wm0mfegMJyQ8KAbEiMTWUBXjzlk056jasyzRsqTPw==,199,1,99.50,57.0,243,57
7-5-5-12-1826286366,100096,68,19,27.94,FYq5EYNQEMX2eHsT0wGZYxfiCjwkUC8V+Xs0IyXCd9vf++s5PjfxQv5SYSVRXRWwqHlQVhWjhwkeWeZIrCvdrJJ4TATjEtYT1NkFpGdzTGtqDIiu8wc=,180,20,90.00,96.0,2330,96
1-6-7-25-176070385,100094,68,22,32.35,DcPLFQIxCABASCAkEMjHBjx4taA9bxM24dmTddmOO+8Nnbfv7/55vJ4OmCBlIKYEUBBzltqqGoIg67VQN0MX1nANNlAz1jJadYoxTVcXwI4mEqsFydLtM3xvc5IxFeB4/wE=,85,115,42.50,99.0,784,99
9-6-1-20-326930949,100069,68,1,1.47,DctJEQIwEADB3ex9JIEnfrCBBR6oQRcKwAn5TXXV8Otyf1zf8bx9AHEQC+EAZfMRcCqxTDjK1cNJBSWV2qKkvdrdjZRVMpBzpg9Em80Cx/TsBExrp1TsogNz7UZabcADBnx/fw==,149,51,74.50,114.0,2984,114
1-7-5-19-164177167,100058,68,33,48.53,Dcq7FQIxDARAe7Ur2fKHhDqohneVXUYFZGT0QidkMPHwfnlcv8/b8fqUWiqMRZWCeVg4W5cMzAHPYApq8phzxd5JRpo7uED8t9vOGcswhhRuvbfyPn8=,193,7,96.50,84.0,1268,84
9-4-2-14-1340141039,100016,68,53,77.94,Dck5AYBAEAPAbDa396IBBUigQQImUIEBfNLQYgCmHW3T8u7nfNwrACOdlCwpwnOpLXJyE4KkEaV3wNuIyjp69jRaOK3oPwp4rg8=,200,0,100.00,66.0,308,66
6-7-1-14-418468701,100026,68,27,39.71,BcE7FYBADATAJLu5fDCAAGrKq3GEAHyeDR4OmOHc9vt4z/U9ogYYSB+kRUgWrYKFCiNiDBBlLpWthDdSo2VdPw==,200,0,100.00,54.0,193,54
1-1-2-10-968073523,100043,68,54,79.41,FYq7DYBQDAPzdfyoYDEWYCcaFqBlJKagpCVYJ51OcqzTse3n/Ly39NRMVd09RMwsMwAvLVYmEMFyDqCsQHYVMvhfqBw1mhaJhFzLBw==,200,0,100.00,78.0,1223,78
5-1-2-16-1778388297,100085,68,30,44.12,DcqxFcIwDAXAL+lbtmXZaXh0qbIOJbNQsGE2yCiUpL13fG/P6/c4PvsXokZVoLiYiddaWVqPJlRTE470Er0ZOoR3HpE5x6JHuqnAA8RNS9YkwlSJ1/kH,194,6,97.00,84.0,892,84
4-1-9-19-756150489,100078,68,36,52.94,FYu5EYAwEMTO357te6iEAuiBhCGnClJqoDQKIsGMMmmUt+l8r2Of75UoxJ+UC8WcwZUb0IOoRThXc7coosOIeRrd1bw2pGoqoTD0fwBtDEbptDwf,170,30,85.00,81.0,1300,81
6-5-9-10-996880835,200003,68,29,42.65,Y9HiMjo2L70p+KILAyMTMwsrAxsbCwMQsLBzcLJxsLEyMDIysLCxMTOxcrJzsrMwMzFwsDAUJAMA,200,0,100.00,42.0,96,42
4-1-8-19-1812331794,100078,68,35,51.47,Dci7FQIxDARA25K19upDAaSkdHLJPXKqIKUGCiaBCUfPy+v7fj7un6O1Poaoyuxj9mmGtcGl7pTIsjK4IKgCJzUYabbXLkE5NQFm/QuWrAhv7Xr7AQ==,198,2,99.00,81.0,1496,81
6-9-1-23-883672495,400012,68,12,17.65,BcHbDUIxCABQoHChLY/2fjmAY+gETmLiKMbpTFzHc/h13m+X9+95/QBSI5aDVQhNQKEPmw6iDAcEYQ6SJiVKhsqIptycZSlpLg+oil1H5CbcoG6OUgOzVwYtiJnmbLMbs8H38Qc=,157,43,78.50,108.0,1261,108
8-9-1-14-2074029409,100004,68,1,1.47,Dcq5DYAwEATAvXftQ6IiiiBxPVRCHfSBiAmoBIcjjW/L8+338a4DohCDayAy2UiYmndj9cJUtkYTqTl6RM5kAkJViPP6AQ==,200,0,100.00,60.0,230,60
7-3-1-18-2038388373,100007,68,34,50,Dcg5AYAwEATAvWeTXB7amKBHAT1usIURLKCFFNOMn1vwvY77+SAqCwBZVM2dYvCViUAuUc1bKV05hOY9eajkqIPNchuV1hPm/gM=,163,37,81.50,69.0,274,69
8-5-7-14-333403465,100083,68,19,27.94,BcFJDcIAEADAve/FTFMXPHlVTRNkIAlDPJmR6/E5v+/X83cDIhALKBqwY2R106wJR6cl5QwWDOWuEooBsPksi1J3hahr4MAilHuhbXFreErAcfwB,151,49,75.50,90.0,614,90
8-3-2-25-1778146455,100064,68,4,5.88,Dci5FcIwEAXAv4dWkm1Zt+mBWmgJCqENiCmIGghwNm/0cXndy/P2vv4AIiZRZx5swkAIpiyOJOKEktGybiQpLbyr8+GcvHHY1hUekqUAuvtAphpJ6tJ6GmQleWY4N3PErLn33R/HTKOmIVbykYOj1vD9/AE=,112,88,56.00,126.0,1435,126
7-2-4-22-1682411522,400017,68,29,42.65,Fci5FUIhEADAPbk/7AJ2YGRdRubGNmE3duCzKDWYZOR+et0el+vz/AYkJhAVRVAiQuQgwMjE/xUmQY5JcgHV2jTUdECLgiUHCJ3GTzbDkGJp9fDZp47RdfXBZnbM2ccavrc7T1iOc5tD/XwB,199,1,99.50,117.0,1093,117
7-5-8-9-189931052,100009,68,35,51.47,BcFBEYBADAPApEmvRQDDDBLww+skIBAZJ4cvu762d821n/cDgAhQNCUmA9YYUlntSCtHq7qM7/gB,200,0,100.00,42.0,94,42
6-2-3-12-1722741130,100057,68,34,50,BcHLEYMwDAXA97FlS04nyZEicktjMMOBemiAprLbvq/t+L3v/XOBFAg3y5TVY0xkosw1KyokkhaCZmZVLHqkiO6WQsMaUbPjfP4=,160,40,80.00,72.0,515,72
4-5-4-14-561393089,100005,67,42,62.69,DcqxFYAgDAXAkPwQEsCKQZxBx3Ezawu3stZKynvvsC3HvX/PtZ6UWCQRM0M0w4pHwCJJ5coCm/QWzS0yQqgCarl76X3OBoXRO34=,195,5,97.50,66.0,222,66
7-2-4-22-1113587906,400017,67,7,10.45,Dck5AQIxEADAffPnkt0EB1RYwQYVPTUmcIEEHKAKph15nD735+X2On8BCRkImEWFlIQAhQIih8gMAPrvlKFUEW2JqfegqWE4hKRmLUOmeZ1tTOsjuI8jTCQdXW1Z9JjnKMfa29EmW9e+tsP7+gM=,162,38,81.00,117.0,1056,117
3-2-2-20-64400346,500001,67,8,11.94,BcHJDcJAEATAvaZ779mDD18CIgCicXiWLDkg+FAV3o/rc/6er/trrPNBQALCmHKpLcJ2FSZHE9QgsmoAW28UqZZZR/FjrpF8yQ6ic+3Zgb22mqP8AQ==,200,0,100.00,78.0,314,78
8-8-4-18-1302497646,100063,67,14,20.9,Dcm7DQIxDABQ/51z7FxyYikkJEpaJLahYzkqhuGqVzx5Hb/v9f54ft6AgMSCKkZuDTdlBJLgHpZ4CkA1wrn1Kt83URBEEiSvubzPbD4qjM4C2VMVIEnNJmUMXpULbpc/,136,64,68.00,99.0,619,99
4-6-7-13-590324397,200010,67,19,28.36,BcG7AYAwCAVACJ8HJA5kkdJJ3cPeyhmcwcpK73Rdtnfu1/2dxE3UnJkdYUiLhMBQAecGB3XWhuweo0aF92GiYUTP8QM=,141,59,70.50,57.0,237,57
1-9-7-21-2037985160,100096,67,45,67.16,DcS7EQIxDAXAJ1vSk+Uf0XVAcnMxhVABIfXSDzOwwerrdjyO63N/viGlqgnc/5dSjR5UorUM9mRGj8ioHMzM2dS6WIQql4mYGQBxnSm+96Z7jrFc5oIjFIrz+wM=,186,14,93.00,96.0,2375,96
6-6-1-21-1296410416,100066,67,13,19.4,Dcq5EcJAEATA2f9u71NQykA25CBPURECLtlgEQCqarP1se3X+/j+zheIbyKqZGAPCS/Elc2J1KMUq6mokRnZmlmy3zMspBk8ssuYTugkczIvBaLzGsOxzPH8/AE=,187,13,93.50,93.0,2830,93
7-6-3-23-1713944274,400014,67,9,13.43,BcHLFQIhDADABAIEElj+NuTNKrz6LMEyLGtLsQIvOkPPy+Pzff/O1xUQjCUAIOecDwGIiWKKKKisbHNRA3DUJs6GPqIyT8sqaKUtBs2mlx1d33QIW2NMXnz4tKvgXGPIdL5giiKxNrjf/g==,72,128,36.00,108.0,2065,108
2-1-1-24-296124853,100089,67,35,52.24,FYy5EQIxDADlsyx/d5J/QykMFdAO1MCQ0SkFkGFmZ4NNFu+n2/d1vZzfH1Bq06jBkFZECGid8z7EsB+8PGQX5pRLbV2kxTDCKDNnKWB69xuixOBmdXUgbpySUQjKOlq7BU0GcPwP0ETNKkB4Pn4=,198,2,99.00,114.0,1493,114
9-1-7-12-553728291,100072,67,31,46.27,DclBEYBADAPAJG3a43MzKEINEvCAAQQgARXYgtc+Nrdlv5/3uOYKAlRISrNcBagqwk0Vflo96D+C0ZkWTXBguAvCPD8=,200,0,100.00,63.0,531,63
8-6-9-14-1392385917,100031,67,34,50.75,DchJEYAwEATA2eyZCwOpQgmy+PGnYgVBKMEAeXbLsX3jfp99TlBiiKqRcxgSe6ZSQ9c4xMxQUiWP1nvPEdS8LGRIVcJ5/Q==,200,0,100.00,60.0,146,60
9-5-2-8-1346888384,100009,67,34,50.75,Y9Hi2H4++ryoVGg2AyMIMjGzMDEysjIyMLCxMTExMzGxsjAwsLMzsADlmNmZ2ZiZgXKd3AA=,198,2,99.00,42.0,140,42
2-8-4-15-801530961,100062,66,8,12.12,DcixEYAwDAQwx/9OnNh0bMAyVHQcNftSsgADsAOcOnGd3mt5tvs4pSh+JNWA2tzRqYOR/1kFNCvD3D3IVIA9GVJKHxKZpmGt+TDZ5w8=,165,35,82.50,72.0,519,72
5-3-3-15-1343008630,100004,66,3,4.55,BcHBEYAgDATAQA7CBYgF2IpF+LEeO7IYx7cPK3EX2/J8+32+cUjKCi2o1qBGJendampjzGwx1HIi6CyQGbOhWw8Xai2U9foB,148,52,74.00,60.0,129,60
3-9-3-8-2045459716,200015,66,18,27.27,DcgxDYBQEAPQ9l+vxQkJCSsjM3KQgAgkIAlB8ManbZqP+z33dQExWBSl7rZDm0bEgPG/JocalRRag7SM5/oA,200,0,100.00,54.0,369,54
7-1-5-16-946117077,100090,66,28,42.42,DcrLEYMwDAXAp6ePJdscOVEELdBCystM2ggl0AH9wOx17bP893v7rccXQhFQVMQMgBuiqZNGOFsm1FysQryD+ka6Zs+IfEXPymyjKqJmjTkHrvMB,176,24,88.00,81.0,885,81
6-9-1-23-1316181784,400012,66,21,31.82,DcrJDcJADEBRO7E9Xsaz5JR7qIETFIREKYj2aIc5fenp0/t4Ps7P73X7Am47sRRVEw8xh2pBIcBBlo1AXGUv63J2Ay5c0VtaH4Zjttxy1t4RcooOxmjspOomiChuSbpIOVYCrvsf,194,6,97.00,108.0,1232,108
8-6-9-19-1944576543,100086,66,1,1.52,BcFJAQIxDADANFfbbHokoIAvvHGGGUTwxQkO8LEz/Lr8r/fn7f34QgGkgsSCisIVKmDrak2Pw020d6XauVVB7GOu3SnSB7ocVhKojL0H25x7miyOKj4Swnf1UuaitTJi+pIUTPPNOjzg9zkB,21,179,10.50,117.0,947,117
1-5-6-15-1841715456,100075,66,13,19.7,DcmxDQJBDETRsXfH9o5phFbQhYgmLrmMSqiMgmB/9KQ/n7fz+3h9ruMNM4OPyUnQI3NEzVwqjYradaYU1bHfwjKvjFbKAjQxJDe6gQ0S3Zv43f8=,184,16,92.00,84.0,5977,84
8-9-1-14-621279510,100004,66,2,3.03,Dcm7DYAwDAVA28+flyAxEUPQZB4kNmElRE3BJKQ8nW/L8+338a5DVE0At0BWMEkVE59qSpCQSALNunr2qF4MSzFts87rBw==,198,2,99.00,60.0,219,60
6-8-3-16-517863230,100051,66,3,4.55,Dco7AQIwDAXApHn5tWmDF2YEIQUWLOAJBTiBmw/3y+s839cbHsRDmEAkGMqiTOYSnKzGQsgwYE54rlli4x8dFgNQ9yyzzH3KcnUP8uHlOBG+V2p3HOPGrtJsps/3Bw==,193,7,96.50,105.0,1108,105
4-5-4-19-2071429492,100052,66,4,6.06,DcnBAUIhCABQBERRQOUfWrVLo3RugfZoi+aod318vzhuz8f79QUoSFyJsUpBKdy6VNUxTcR7YLgBxvBeoK19+tjrNKhdhzKJuhqVbGevPfNfc5J5N0EQaxnC9cy1co7i+2TLyjIkQgg+/gM=,173,27,86.50,120.0,606,120
5-8-2-17-1068726455,100013,66,49,74.24,DcqxEYAgEETRPbgFjgMsxNAmTO3JgizCGmzDBgxk5kdvvu7Luz1ruo4TIhKiKshE5GJW6eLUaBWC0tg7QugcZXI1masIjAMptxnNh0fF/f0=,194,6,97.00,72.0,250,72
5-4-2-14-1785123334,100096,66,23,34.85,Fcg5AQJBEATAnv/bJTwHlxEjBAWECEIMOlAEJBWUPi7H7bh+zvsTICYSNRZnBdwiPe1ntWV4lntUFLXOcDtC2Naw7uUsBDApDF3kM7tFeq80qsG/mfB6fwE=,125,75,62.50,96.0,2087,96
7-9-5-12-1369060682,100067,66,24,36.36,FctJFYNQEATAWXp6lh8jWEICHnCAA9ARIRESDXmpe2F/vZ/PUff3FBU1dYN4AM5QzdKQNgplqm1VQAcWgpxYnik1oXQQ/zdkZE/prOrkdCPAgWzXDw==,73,127,36.50,90.0,2219,90
2-1-1-11-2008193589,100080,66,44,66.67,FctbDYBADETRaTvbx6KLZIMYEiygAjEowQYGWJL7eS7X5bye9z7GgOhM1BRsbgIyrGV4Bc1ZUc5sldXhkwlMo9Cje0Iz/1sM+/YB,199,1,99.50,69.0,869,69
8-1-5-24-1908201824,100087,66,29,43.94,DYy5FcJAEMXmz7mH197xexRGERBRBDE1UIcbowFWgQIF0ud5u7+v1+/6EsAgEIvCDOZBJkWpAgYPVjeV0rRvG3EbexwSYyqodMbeV4yWwjEWc6Z71vUbmek8j7FLXZ70efwB,194,6,97.00,102.0,963,102
8-6-2-21-1498318012,100084,66,10,15.15,Fci5EcJADAXQL2l1eO8ldn1mhpAq6IKcoQwCysKE76Xj8n7tn/v18QSxCEBgpsRComZwjuRpCxLLMGeKU8QAF1KvJMl009aHSp1h4H/0pkvW0l7z8IhiVuYc2nJE4Hv7AQ==,183,17,91.50,102.0,2701,102
1-3-3-9-1456410235,100040,66,44,66.67,DcgxAYAwEAPA5D/5Vg4LDthRgATGKsMPBjpigI532vp77OcczwVGinC5ESlZdiwpiXXRDBZAlkig8N0/,156,44,78.00,48.0,558,48
8-9-4-25-78883447,100052,66,2,3.03,DcrLFQIhDABAAlmWT0L4g516sRAPnm3AmqzAAtzrvMH7DdN6PT7vrwJtNBo8rMXTOudDNMQaE0i2nk8birAqGgVqNUhyRXdxLg1YIBtk3/Uw2Nox7doRaKzqGbxKmgjiXhNnF+nDObeZhVLwAur5+wM=,38,162,19.00,120.0,664,120
2-3-9-11-1560894747,100030,65,43,66.15,DYqxFYUwDMTsi+Pk7te/o2AQKsZgDAZgMKaipMSF9FQo9t99Ltf/3VZzNI+eY2ZHJgpCiapOGxJcFEsc1qZHkkLWoRrDZ7Pj+QA=,189,11,94.50,66.0,372,66
9-7-4-12-771442316,100037,65,28,43.08,DctLEYBADATRGTJJ9oMAxHDCC4Ko4oAE1CADbLCnfpfWNt/L8e3rdYKTGSGYix4Chj3DTTmSpMJKWPVUa71LZGlTz1rHGgXE8/4=,195,5,97.50,66.0,307,66
7-4-4-17-543744405,100037,65,36,55.38,Y3ESXCEx8XmqzYwpDIxMjExMjAxAmoGRmYmJAQRYWNnYOdg4udi5eRh5WHlZuDjY+fj5OVn52Hl4eTmZ2blZ+AT4BYC0AAcXG8OxMgA=,154,46,77.00,66.0,167,66
5-2-2-14-1759140697,100076,65,45,69.23,FcixAQJBCARAloXjjgOTD4xswYJMjWzXAr4KC1AnHHtczttxvu+vp0BBoUHFfQxqzBUGg6yYYaHTl+gvVHMrKwVd4PB/0lOyqjetyy2L0ruzESDkc/0C,195,5,97.50,90.0,774,90
1-6-5-15-1539205653,100075,65,16,24.62,Dcq5DcJQFATA3eW/25VZDhFNkJBRCQUgSqIhW5POum/P//74vI43qNu6mBxGmsyWIEBOY2R6dWWNDzlXSdpEN5TlwcqYEaKtsqtSnYHC93cC,172,28,86.00,84.0,5477,84
4-3-1-18-2067818351,100087,65,16,24.62,DclJAQIxEATAOXrOJJv9IAwTvBCBEHSsHjxgAOpbeJy3++t6fq83sSiDFAIxZzWSyKr2rPAOIdYOHnPYGsfkSjCg4S6oI6flsbd4BCmTkgdkZ68y89WtQuH4D43PDw==,186,14,93.00,102.0,1983,102
4-3-1-17-709327573,100043,65,35,53.85,Fci7DYAwDAVA+9mOY/KByViAnWio6FiLKSiRqIDqpNN53Jb1mK77JIYQFEZCponVhbOFxyBSUq5GrXfkyEPy5J/OrTQWgLup1vg/KkypALQ/Lw==,102,98,51.00,78.0,522,78
8-1-8-16-295757756,100079,65,51,78.46,DchLFcMwDARA/XZlSyYQQrmET1D0XlhFUgp58XEmrvX9H7/P7UvUREzVXCXCAyT3ObZy+KSwoGJe6JgzeyQJdANitbM9mTWKKefzAg==,199,1,99.50,75.0,685,75
4-7-8-8-1446568746,100040,65,20,30.77,YzHguOdi6v+6dHMsAyMDEzMTCysQMjExMzCzsTEzsbOzMrMysLIws7Gws7OxQ0QZGdlZmFgZGG59BgA=,139,61,69.50,48.0,367,48
1-9-4-21-709816689,100096,65,6,9.23,Dcm7EQIxDAXAZ0tPH8s+E10HZMTM0AYVEFIvpVABbLr6upz38/a5Pt9oXUTQFCR7V3Mx9QggR7VUFnOWm4Xn0gLNIWPRq4ShApVQyDHJufOg7GMNQe7/hIF4fH8=,78,122,39.00,96.0,2171,96
3-3-1-18-1815399536,100051,65,19,29.23,FchJAcJADADA3Mluske18EZQPdQAfLCASAQAzxk5j9d8vm93eQASEDIKqLmRq4a4ATcJ6MCByMSd06KLlf9dIJrlYjLa/HUlk0cidBq1YlCsvZI09xRtffOkAoTr8wU=,181,19,90.50,105.0,1283,105
7-6-4-19-395558223,100070,65,11,16.92,DcnBAUIhCABQRAQF/IItUAPUoXk6tESDNVKb9N/10efy/F0ft9f9CwUrICC11phKQSLBBiSVa2OAPrCgqOno4ww2L+LiPLscK6RmdygSc1RT19QpvrfCythY5xiWfIT1nmGSC+KYMgnw/Qc=,167,33,83.50,117.0,1285,117
2-3-3-15-380489446,100026,65,21,32.31,YzHjk8hXea937WM1AyMTMwsrGwM7AwcDCwMHJxc3DxcXJy8PNycnJ0iAiZEVyGRgZuRlY+NkZ2bgZOJhZedlKO4EAA==,66,134,33.00,54.0,126,54
6-2-3-20-2016980315,100086,65,20,30.77,DclJEQIxEADAuZNMspNrFfCFNxowhBmMoAgf7K+rWt7n77w/b5/HF5CYRFlNxBAYUc2YjVRYiRSUgAE5gVyRiyvUxkcc7oBROo1oA2WWGAZlZaRDMrVVxKOuuRNebrZ91tb7XpGWOLziDw==,190,10,95.00,117.0,1635,117
8-4-7-20-1124852542,400017,65,9,13.85,DczBAUIhCABQUAQU/aA2Qqe2aJdO3Tu3ROcWaYOmqjfAo8fpc39ebq/zFzBlKsiirKoiTAlKTlCbWS/YerJxqJoLdBOG6ojVKPIci5cM56FlCqUonNsxnCbkSM7Lpv/XpSu2LZmZNh7FIvYccH3/AA==,144,56,72.00,117.0,609,117
5-6-2-16-1941394045,100066,64,5,7.81,DcypEQJBFADRf19zbVB4xOoNAkdUGDwhoQiAqWr1RMt13J6f8/t7vAAJWEgU2Zg8MlRLQzxc1cBDDbdEy4g+sjILsawbDKFW0zj74L3wNYOId0A+V5OFDPf3Hw==,106,94,53.00,93.0,1981,93
8-5-6-14-1192259347,200007,64,2,3.13,Y7Hkqw061fxM0+woAyMTEzMLCxMDKxMbOwcDJxc3DwMjCxMvAxcLKxMnNw8vGyc7LzsnDzcXCyczIytIMRMnBwMHG0PEcgA=,7,193,3.50,57.0,86,57
6-6-5-12-1572437729,200007,64,18,28.13,DcY7EYAwEAXAd7l/jgIbGMgMNvBDhQz00CAEHWRmi5V9OY/3+rbxgBqLmjIMHhlGGQpopgEtulLVrLUMVpY+VYDdca8/,159,41,79.50,57.0,185,57
9-5-8-13-381183319,100031,64,24,37.5,Y7Hh/SzddnWlXEcHAyMTMyMzCwMDIzMzIysbGzsHJwcrELNzcYOFGVi4uZg42Dh5eNjZIZiHh4OHmYmbi5WRYf8cAA==,171,29,85.50,60.0,192,60
6-5-5-10-1789884817,100002,64,30,46.88,Y1HnsjrKMfF9W+RuBkYmZhYWVhYWNlZ2DmYGTk4mDmY2BkYOdmYmVgZmdhYGRjYGZk4WhtnSAA==,200,0,100.00,39.0,55,39
8-9-1-14-1861143021,100004,64,1,1.56,FcqxDYAwDARA/+cdEiMxA+yRIWiYhx0RNQWTYNrTacz3u1/nsxwGEGQxwas0ucMau5r3qFXONAN7qpcSipQ/EUbb1g8=,199,1,99.50,60.0,263,60
2-7-5-15-2142283765,200053,64,23,35.94,HcSxEYMwEATAk3T/fy/kxFVRAk1RCCE9kJPSAlXYAzM7y/lzf6/tPH4rSm0kYHjyoDEgmgXohano4eEpL15basIYo1OyVqXM6dWFffkD,195,5,97.50,72.0,472,72
9-3-5-14-1810606956,100038,64,34,53.13,FcmxFYAwCAXA/A8EEuIeTpBZXNLSwto5LN1DLe+dzuVa631usRdQFDAhKz54eOvZs8lwlkH5Qy0DbSC6iVYC5Tle,183,17,91.50,54.0,138,54
6-9-1-23-2061773767,400012,64,7,10.94,BcHJEQIxDARAyR6tDsvXvgiAMCAgqgiFIiPi4EkqdON53m+X1/dxfROXSpCD1YpDBNGMI6WwdxndD0YR02l0CCPUuDEwpabOsXJKrL7HjLGDK3v27hilN1rbitLE4PQkQMH0+f0B,183,17,91.50,108.0,1242,108
1-8-5-18-624161544,100021,64,14,21.88,BcHBDcMwDANAkbJs07b6CtBRukIGyC9ARsg6GbLoDr0r++vzvn7f7TnNQHqJ6kRFM+sUMMiYheiQj1VDNk2ZaivZPFjSgZ5rRMilqbT7+AM=,199,1,99.50,72.0,340,72
8-3-7-14-1982840317,100067,64,8,12.5,DcdLAQIxDEXR5CVp82kQiAQ8oAQcsB8hsxoVo4Hes7r6fBzf8+Wf+03MIALTxhACVCFMamOqh0omLMtXUjjv94pqSPpuZubgomqzVT0S0tY2V3sE/a4/,50,150,25.00,90.0,1919,90
7-7-6-11-1330322169,100047,64,22,34.38,DchbFUBQEAXQM88zc3UQQAAZrOVDCI30UEAiMdif27dpfa9zufcZAjXAPMLF1BKSZGZJOEvZqDZWlg0MDbZLF4I66B1D/3WmNI7nAw==,191,9,95.50,72.0,1226,72
4-2-2-15-447478808,100071,64,31,48.44,FYtLDYAwEAX31+33tWYIGtCADkwggyNykMONkrlMMhnbxv2sO95zIRYmZpWJqkwhseAxcfZSvLZWndCRwwysaqjecrB/K9pThAMxdTquDw==,169,31,84.50,72.0,353,72
1-1-1-18-1570972324,100070,64,17,26.56,FcvBEUIxCABRQiAQAkmwAi1AD9ZjG1blyT5swk783nbezNLzdP+eb5fH9Q0FKwEAFyas/6SGhChaGDpY08pVCuvo1mxYN+DmodHmanOXkdLJ1wzcuiM8lvjBKzO6mc+oIbpnLh9bjj1XDoPX5wc=,157,43,78.50,117.0,1400,117
9-1-9-16-600330960,100050,64,40,62.5,DcaxEYNADARA3d1LL73ogaEJUjogI6A39+O27I123NtzHt93Xh8DQFEawwmPMNoIcnqWL6vInqC3JExB4RUO86hOowL8p3qtzvSwY/8B,200,0,100.00,78.0,1139,78
7-7-9-13-178481180,100014,64,29,45.31,DcrBEYAgDARAQo7AJfFjA8xQgE/flmJJlmKJuu/FuS0ez9znW6Qq0KRpMemKQTNzEs0lPG3gH+JWRzg7o4OZXq77Aw==,188,12,94.00,54.0,148,54
3-1-1-25-1361813424,100064,64,2,3.13,DcrJAYIwEADAvUPIQSAJwRasxZa0EAuwAW3AvnzIaz4jj8v7Xp63z/UHiMSixmKE4JygOFZCZbBJEdUbMJ9LiWehgBBYQDCImMaUnfFSbA3ktmqt7xuVmeIShi5pj7Ae0/AjuNPNz5XaYT3lXRv2DKXC9/UH,20,180,10.00,126.0,1336,126
9-4-1-11-1537696548,100004,63,0,0,Y7HhvPIo4FL9Pb5QBkZGBgYmIMnMzMDIBGQxMzOxMLOwMLGysbMxsbMxMLGxAFUwAikODlZ2kCpWNg5mZhYmoOj7TQA=,200,0,100.00,60.0,303,60
2-6-4-15-1590135530,100004,63,0,0,DcerFYAwAAPAtE3SL0zEEBjmYT4sD41AMwScOy7T9aznfs8bEBATBcl2ZqkFyGb9y2gjSqottITeOYY7AkfLUip4jw8=,200,0,100.00,60.0,223,60
3-2-9-22-1581520054,100097,63,15,23.81,DcpZFcIwEAXQl3WSSWZJdVRFNWAACfxhDQfIQACnGtr7ffNjO9///fV9/hAiUi6VWucxaVZCBLOQqLmAhJzZIqPOkJTzMJA5d1NpZelSL82X9fsq08iEFHB8Lg==,194,6,97.00,84.0,402,84
1-9-8-13-415996617,100004,63,0,0,FcW5DYAwEATA3fPeYwIqoggS6nGPFjEBEn0gB6PRsd3vOcezX6DR0CAP0MkMM7lpJS/RqxLRaWq1dO+lIIKJ+f0=,200,0,100.00,60.0,244,60
7-6-7-23-1190741482,100052,63,3,4.76,DcXJAQIhDABAAmEJJBzh2orswVL8WIpvG7CmrcP9zODrxHJ+3r/vZcA6A4C33nm0RyCKiSVbL5nBllgdMtc7aqQGWx8dj9miHonn6jVRDHlnA1n6Xp6qSlaYsSnNQl7ankoWpY+xivE1tD7ZmcfzDw==,83,117,41.50,120.0,519,120
9-6-3-14-1771970654,100084,63,10,15.87,Dcw5FQJBEAXA3/c1g4LVBzkqcEHOQwZSUEHEloDS6+X9Oj732+MJIjAJQ8XcQayRphohzlraE5nLChTWo3uKMqcgrrqjq9cWWz3G4i4uRHyOzskEr7PFNED4/v4=,121,79,60.50,102.0,5071,102
1-9-8-13-640917746,100004,63,0,0,DcI7EYBADAXA98ndJRQoQgQNAlCCLmww1BQogZ2NZbrf9TqeeQPlYIOi2xhGIPmvUsqiY4gwI5kp9d6aiuEBA/v5AQ==,196,4,98.00,60.0,273,60
6-6-6-14-254899392,100071,63,5,7.94,DcFJFYAwDAXANPnZ2gY1PC4YQAOOkIIc5HCDGRzL/WxnvddKjUmgZh4p6Kk8ppn2ZEuCiyg0BJRas3s4/wZ78wqZxRQ0IpuBnv0D,64,136,32.00,72.0,358,72
1-8-4-13-1311921252,100004,63,0,0,Dco5DYBQEAXA3Xf8iwRFiKDBAEZQgyFCTYESaCejZbrf9TqeeYsEyaRk2qXUaCFS6L3ZBFoZFZGJkSnrT+4RGPj13D8=,200,0,100.00,60.0,241,60
6-2-1-15-1928419867,100004,63,0,0,DcqxDYAwDARAJ3m/P0ZiGkqGSMMqtOyIqCmYhFTXHPbl+cZ9vethpTY4EZKTnKB3pyAx6KxTL6UFa2Z0pVlTzArItvMH,196,4,98.00,60.0,253,60
7-5-3-21-710361018,100094,63,14,22.22,Dce7AQIxCABQICSEfA7ysbewtXQil3ATKydwoFtHX/f4efmc1/ftde+ASIQYmCAQUAAihv8ihICJGYEBSSRrqa1rPgwwoo9jTvVV5t5Lda9hKSYb4i5WtbfavR3iJZsYPL4/,119,81,59.50,99.0,554,99
6-4-2-19-786024772,100083,63,23,36.51,DcqpEQJREAXAN/e/j82FLJAooqGKMJBIQiEhJOtatN6P1+X7vF1/DxCxQM2DEAlZS3VJUpEjwC6sJ8Ks9eIIodBEbmNYZj53rkI2Zlt977Vap7LndCaC4vP+Aw==,182,18,91.00,90.0,740,90
7-4-5-23-1288019775,100052,63,21,33.33,BcHHAcIwDABANXdb7s6qfMImvFmAmZgjd/K6RK/P/fv+AYEYSFgI0ZCIdR6RQxSIbFGSDwQ5p2KgWFtAfLYRyYbE4rS2nhz5MVsXHH3qYtNaHxWN19HHSmbrmfsArNO2NqKRulZv4H0/,196,4,98.00,120.0,827,120
6-5-3-13-548647128,100046,63,28,44.44,Dco7FYAwDADA/JukYcdKJwTAe+hBASvWUAS9+WQsx37e6/a8gMQsKmrS3IKInUQ5s/XewUvR2IgJDOeoyCiVSeG7fg==,195,5,97.50,57.0,219,57
9-2-1-14-2082277003,100004,63,0,0,Fco7FYBAEEPRZJL9DAUKkIIIGvTgDBEcagqUsLTvPq/T/W7X8cw7GDJIISBKNGyWotp6Opri7wMQbFl6J2rWcZrAuXw=,200,0,100.00,60.0,327,60
8-8-7-11-1875563097,100004,63,1,1.59,Hco7DYBQDAXQ9vZfEsQwI+It6MEGuggzA0ognPnoOl3POPd73oghpGam7OEqkcVSpkAhWKMgSDQLtZv1nyrD5Qu0HC8=,200,0,100.00,60.0,246,60
1-8-4-13-740399715,100004,63,0,0,DcqxDYAwDATAf/sTO0EwEUOkYR52RNQULMAKpD2d9uV+x3U+2wHS3CDJCkuplRFprkSI2eheoyfYMHEmsLsaM3okvvUH,200,0,100.00,60.0,217,60
5-4-2-21-618679159,400012,63,28,44.44,DcbJDQIxDABAx1fsHJsTiQIoAwpCohREazz5UQvMa/hxul3Pz8/98oKAhCyq0cyTYRaQQInkv1I41sDMh3uJGFGIqMWKOdpRQuijdS9z7e5HHeYFJbeEsmya7a06bMqCwKAKOQO8vz8=,131,69,65.50,108.0,1014,108
8-6-7-11-1047774249,200007,63,33,52.38,DcPBDYAwDANAx3WTtDAILFCJNdiHF7PxYRDmoCedjuU63/vbxwMjywyTqkdxT7dG9ggj3Ct6dJQpSMuGViWFEuv2Aw==,195,5,97.50,57.0,176,57
7-8-2-13-1283153923,100048,63,43,68.25,DcoxAYAwDATAfPpJmpQBKWjAEoqQACIYMYAZOt9xX571rnc7D4GqQoGmpNFDIkTZ3VrSCoicY1JDOX1EDIVMdkkOKetyfT8=,195,5,97.50,66.0,581,66
3-9-7-9-726295739,100035,63,26,41.27,BcGxEYAwDANAS7YUc+zDihTMkFXSwBL0DMJ/Hds577n29wowWRAhE4aQQ51oDbrVbBspVIiZFgc7Kr7nBw==,199,1,99.50,54.0,171,54
9-2-1-14-526351310,100004,63,0,0,DcqxEYAwDARB6f9tSwRURBEk1OMmqIwhJiCgDjQX7mlb7ne/5rMeZg4QZhApuVX01tUHQgnSS51CjBZJDWRpjXV+5w8=,200,0,100.00,60.0,321,60
1-1-2-25-311753852,400014,63,14,22.22,DYvLDcMgEAWBBRswLMvPkHaiVBOlhDTge8pKKakgF3svTxrNPP26PX//z/l9P4RUAgSAlsosqwUHHvQmlV1WxuCi90HjlsjkUnIlDC7FVvue2pjGkq15Th7aKY5RO2LlmAoW7hH5U5Bdagm7OO4X,140,60,70.00,108.0,3472,108
9-4-5-20-473630203,100086,63,17,26.98,DcZJAcIwEADAvXeTNHcV8IU3imoBMxhBET5gXiOv83ven7f34wNIwKJKgmxs6MgcJhCJUsoauRzFIyL7cZTktaXehs/lnQzrAhpzD5G2dxNeNRkhocxuYtpqn6rSazOF+a/VjkQIcF0/,127,73,63.50,117.0,2809,117
6-4-5-15-698985927,100063,63,3,4.76,DcG5EUEBFADAd9/va0QjIqHUjG5k6pKLFMOuPE7fz+V6u7+egH/EAqLmFClQjUOga90yBxX4MYi8w5BBtpAquzGuaOx8VItBxeJErm90EneWodaCIyq8zz8=,176,24,88.00,99.0,954,99
8-8-7-11-813087567,100004,63,0,0,BcG5DYBADARAP3v22kgktEMRl1APFZIgYgIqYQb78nzzPt/1EFE1x0C4pWeQVuoILUOmsTSq26RRY6DD6Zlkd5TKtf0=,199,1,99.50,60.0,186,60
6-5-6-14-743372346,100061,63,10,15.87,Dco5EcIAEADA+/9DTiTRIYMSE1TM4AAd4IdsvXK9PL633/t5fwESIhGLKos5kwSkVjhnIyOkiXUORGGQ16z36szu2CknEgEzgtj1PAKRuW3UrWpOulUqBMfnDw==,191,9,95.50,102.0,1191,102
4-6-4-13-1915201188,100078,63,25,39.68,DcW5EUBQFADA9999KUUhZiRGrgqpGnShSQmbLG/T+V7HPt8rjIFIgH9ARCwqaq7g5sjKHFlNkgLQnUWdHhGp3EN/6OVRwhKWZqOsGpbnAw==,196,4,98.00,81.0,1114,81
4-3-3-9-416782947,100004,63,0,0,Y7HhvPIo4FL9Pb5QBiBgZGJiYmQAIjAHyGNmYWZlY2djYWFmY+BgZ+UAEWwcrEARdg5WVnYWFg42ZmZGZgYRPgA=,200,0,100.00,60.0,250,60
9-2-1-14-665616712,100004,63,0,0,Fcu5DYBQDATRtb2+CGgIiiChHnpExATUQcAnHOkN1+l6tvO45x0CqJooSFGCf9BDsryZoVQx0iiwzvYqIobAOPAuHw==,200,0,100.00,60.0,312,60
5-9-9-11-1899585926,100010,62,18,29.03,BcG5DYBADATA9Xn90g8S0VVxOb0QIVEJMQUyw307j+f63nVDhlJBo0dIZqV0VKR20BXmzdE9IJUQbcmgQTHnDw==,200,0,100.00,54.0,163,54
6-6-7-16-468694895,100076,62,9,14.52,BcHJDQIxDABAO76vBIknogUK4suLdilga2GG37freb9+r+8HcBEzEogyGYkKwzIGVwm1yMUCWGLZmR5uFuO7UJDOnirZ2RNzJjvoNGh7jZagN/jjDw==,180,20,90.00,90.0,579,90
3-4-5-11-2126720093,100010,62,25,40.32,Dci5DYBADARA+7xeP/SDRCHkUAoiQqISYgqECQfztC33+T7rJTrU4BAjI6syuyuKXaSpqJBIx8jIAS+Q/6kc+wc=,200,0,100.00,54.0,189,54
2-2-5-10-732953130,100072,62,43,69.35,HchLDYBQDATA7W/bciBBEWqQ8KQgAAkknLliC8JxxtdpO85n7PMCUfNAKCiexQKCHVJ0qHZleeX3TAtj9u8gVbO7Hff1Ag==,200,0,100.00,63.0,587,63
8-5-1-20-222073951,100063,62,13,20.97,Dcy7EQIxDABR/S3Jsn1tERFeejN0Q0ZzRHRADwxONnqz8jg+79v9vF5PQCKAXWZhRUQmFiKz5goYnJ3KbJh6q66QGaOjNKJ0sqbhU5hrgmC1vQlea0jkXJuUekU6fH9/,191,9,95.50,99.0,811,99
8-6-7-15-1002710027,100087,62,19,30.65,Fcg5EQJBEADAeXf+vQhZBJggQgRCqMLFGcMAEHVVy/243J7n43O+ABAIWegnKAuy0v+WoSqD+HLyFRSQCFnIZtWzpmY77W2B3ekss3sirSZn9VbfGlIryqRzBt7XLw==,188,12,94.00,102.0,1237,102
5-5-6-12-580942161,100058,62,24,38.71,DcqpEQIBEATAfWZnPyRxIC8SiuRwOBzxkAmOa924X57X3/v2+HxF1cTdoMFkVCMSs9xtVEfEtpszgUFMnaGjlqki6ipk6fknTTBqXLqpHK8/,158,42,79.00,84.0,1137,84
9-9-1-18-117278945,100071,62,26,41.94,Fcc7FYBADATAJLuX5D6UOOGhgQoBOEIKcpBDB0w33KbrXo/pORdRA2FS1BkZhHuqO11rba312scfuCERZpQxOkWzfBVByQgjKPP+Ag==,200,0,100.00,72.0,485,72
5-7-4-18-2077735519,100089,62,13,20.97,Fcw9GQIxDADQ/LWXpkkuZUMKHwqwgwk27OAANwhg49je9OR+un0f18v5+QEkZqEmfWsbgnTVYSQ0lWRMUXcSPUBhbkm77rtl+ZSGQ7xDJMnSlaO0zzUCmwBbFOM/rMjUqHmwI4OXAcPr/QM=,198,2,99.00,114.0,1340,114
6-2-1-15-1592321240,100004,62,0,0,BcGxDYAwEAPAT2L7nSAxEUPQZB52YgtaRE3BJNxhW55vv493nVFqA5VJA7JFRpPMjpShJsrhQnhkDrDW3keBk4jz+gE=,200,0,100.00,60.0,250,60
8-8-7-11-1405460881,100004,62,0,0,Fci7EUBQEAXQ3b37N6MiRUheohnF6MiIBSrBCY8u0/Ws537Pg1hAomruoRmcxiWijggAqQCz/UfSZfZNRGeiuoq24wU=,200,0,100.00,60.0,217,60
7-3-6-11-1495388170,100059,62,39,62.9,FYi7DYBADMWSXD4vYQcKJBpWoUBMyVoMwQDkXNnWe7ne4/F9W6lhGSwkxNNEqIuHms/0/oOZzMMAT0MFMgJVlRlwM6RXVIZqb9D5/Q==,199,1,99.50,81.0,634,81
9-7-5-21-434209412,100089,62,16,25.81,Dc25EQIxDABASZYfybb8ElAFMUMFtEMTZHRGKVcAGRdutPy6PH/vx/36OQCB0BF7QMeBI0HyopSSasoixadqxcyX1muSMWbOQ8eSjqUVb+R0Ssk5T3I0rLfIDLFaYCRAdnvhWFvZwang97nB9/YH,147,53,73.50,114.0,1207,114
8-5-8-23-1227303429,400014,62,4,6.45,DcrLFQIhDADAEMKSDZCw/GzIanyWYBmW5bMSK/Cie56h++X2+T5/r8cVHHokcN458ugdBXCbj7wDClLKGbhsXlUpEoiIcbXMXMLRztS30XCOyMrLbNo8Qkmx875KDSOKNA216OqWToH+/gM=,60,140,30.00,108.0,1935,108
7-3-3-24-1913849138,100036,62,30,48.39,BcFHAQJRDAXAl+T3XlfSikAGCjhxQQkKOONmccGMuh3v++v3fXyeIDCxCFhpMsRWxFki8RqBVUzZC5dULbg59CE+p6iIMUpts68VNjSBhGVnE51Zs4U+di0T5/UH,149,51,74.50,90.0,505,90
4-7-2-20-1430811737,400012,62,35,56.45,DcPJDQIxDADA2LE3vnLzoADKgHoQEqUg2qOdZaSh9+Vxv35+r9s3AWYk5OMoIP/KCTgVESZRy0TkFhHZwxTdUGvrMcJnsxjdF+kSWardqIY3qkY69twi7tPNJJC56IYCJT33CQ==,195,5,97.50,108.0,1147,108
9-8-2-12-1665282641,100057,62,35,56.45,DccxEYBADATAS3LJ/T9SoEQEHcagQw9WkIAFaHZmuU3ruc/3sVwwt/hhluAhUpWNJWZYURaSWPm/N0cfMMIRw1Hh6RjmzbrheT8=,200,0,100.00,72.0,750,72
8-8-7-11-718159359,100004,62,0,0,Fcu7EUBQEAXQvfvfNaMiFYheogCV6NGIBSpBfo4u0/WM87jnjQAmFjW3oPRQJhTUQmBlTsgIRnUJx4fcKVu1q/63ry8=,200,0,100.00,60.0,226,60
7-4-5-15-872733423,100069,62,25,40.32,DcxJjQJAEADAvu8ewhM/2MACDwSgA12brB8oASWvy/1x/eTz9geAgAQsSCKsaEAo7h5AWYhiSgDUJVSTCD17wrMxpFKWYs9ZQz6zQVAtv865U0+1WW2O6STXaGQd1nSE//cX,174,26,87.00,114.0,1909,114
5-4-8-12-2097592490,100010,62,20,32.26,HcE5DYBQEAXAt9ffCz0kOMAAPV6oSFBCQ4NAEmZ0nvblOt57O0EsasMRnmGZ9YuwDhBAGimVg6uSR7d0t0PxrB8=,200,0,100.00,54.0,193,54
7-9-3-22-1203802185,100061,62,16,25.81,DcnJEQIhEEDR3mholqEBY/RmFno0CU9WmY6Tz1D/9OrL/fb+P87f5/UFwB0xEgMKBAUiRYzJQrZSG0M9enBhtqzo2aF17GOO0tTWMJTMyXVPinaIWixrrppkimy6Z1MhOJ8X,146,54,73.00,102.0,949,102
6-2-1-15-1852401444,100004,62,0,0,Dci7DYAwDAVAx5/nF0diIoagyTyMwz6ImoJJSHc638fzHff5blOamgciQaYTIESB9CV3UEmENFvTey9WWGQ1ZpByjR8=,200,0,100.00,60.0,272,60
9-1-4-19-1258086697,100066,62,12,19.35,Hcu7FcIwDAVQ6eljS7LNUmxATZcF0mWqjMAEzELFADknt7/6fjyPz+v3309iMCBqTuoi1Hp3Y2iktVaIzODQ7lWKMT2LmDkqg4xIxjDJdUebUwC4A8xrFVyIvtsF,63,137,31.50,93.0,2977,93
8-8-7-11-1442421654,100004,62,0,0,HcqxDYAwDATAt2PHfiMxEUPQZB5mYhVETcEQ1AiuPlum816P7ZoHAFFp5uI9MtRSAZa0Tg8PQwLJqj9ZePcvkdAknv0F,200,0,100.00,60.0,199,60
8-1-8-16-2063513745,100060,61,41,67.21,Dci7EYNADAXAp88TnCRCZujDmYnowTOugrpIXKRvw/XP9jve9/n6XoCoqJm7CsNEwwzLagOOQclgwXpGjHBou3gns9HsdYlpJllVWezMtiL25w8=,182,18,91.00,84.0,682,84
3-7-2-21-1726483016,400013,61,47,77.05,Dca5AcIwDABAydZjW/LPImmzCQtQMQpTMAE9JYuFq46et/PzOL75dQfEEIlFCVIu0ZjFCdyqglhlRou5cFJKXnI0ZawWHEUjooPSPwLkoRF09sEE1Ce2Npd00Y1DZW73tWEN+L0v,182,18,91.00,108.0,3239,108
7-7-5-21-1871507234,100085,61,35,57.38,BcE7AQIwDAXAlzRt0v8XNiYcoAUtDKhDBlIYuZPn5fr9nfvr9gYIADuI+ABmYpAam1c4thBFk+YilVr30QWKY9bV99S6BtnQJKnnWdo+cvbJxZotfB5/,171,29,85.50,84.0,349,84
5-8-1-13-1396551402,100028,61,43,70.49,HclJEYAwFATRyfwdBxgBdSjijBME4CK3QIpbv2rdlnN9r/vYHzSSouaAu8EDETITP+ZUelItG0KijFksQx8f,194,6,97.00,54.0,316,54
9-8-9-9-1482000657,100088,61,42,68.85,FcuxAYQACATBgwMO27AIa7Cg7+1T2zCzBwNTMZsNNvYln/tY/78NMLgxDIz09CJFjpXek1ViDNT9SYgalNl8sBJamACu8wU=,200,0,100.00,72.0,2267,72
7-7-6-13-1483861591,100084,61,1,1.64,Dcg5EQIBEATAfWb/xQF+zgYR5KjABTmFDIRxUVc17pfv5/p7Pl5vYhIlVoY5TE49XCLJxDxRPTRRwRqOnazijhwO1HaJdzrt1IxXLc7mUAImVWaNyNDwbbodfw==,17,183,8.50,102.0,3395,102
2-5-5-13-760443656,100020,61,28,45.9,DcJBEYAwDATApEna66X4QEcHLwhAGR98UEWwsz6341zrueMVLaZuHlFbQ3dmOAJU11alWOYIwjMZOWhFqnYoafgPdFCu/QM=,188,12,94.00,66.0,219,66
8-8-4-15-1958436270,100048,61,38,62.3,Dcc7FYAwDAXQfF6TJm05SGFCAJZQhAVGBDCiiW734lje9c5vu05iISUVJhAmC8DF4FyhoQERDkPOSutFq1lEDus5fPTW3IL25wc=,200,0,100.00,66.0,359,66
1-5-2-11-184085569,100009,61,13,21.31,Y9Hi2n4++ryoVGg2AwMjEyMDEzMLEyszGzsrExsLEyMHJxMnkMnBxszKyszKxMTMwczCyc5wei8A,152,48,76.00,42.0,75,42
5-3-1-16-429515381,100076,61,32,52.46,BcG5FcJQDATAlbS6/kHiR0gLLsQlkBLRLgW4Fmb4ftyv4/6d3w9EjSpGiHsk6dWNNHpHK7XGcMByGmaZeKmuLaZOUxVPxNqriT1C2oVZMwKVJnhefw==,193,7,96.50,90.0,883,90
7-4-6-11-478305339,100004,61,1,1.64,FcHLDUBQEAXQO9878yTa0ISowUY9ehRrC5WIc3yd7ne/zmc+IGoupmGq8jOERtJY3potEQVB5hjNzG6SA21eCGzLBw==,199,1,99.50,60.0,236,60
9-8-2-12-1419201764,100057,61,51,83.61,DcjLFUBAEATA7vn07K5QcBOEm7i8x008YqOOFfu03cf8XssD0NzBSJUZy1URLbKUbqr/pK7MrhhuVQMYHWQjRA9DGlkNONcP,200,0,100.00,72.0,716,72
8-6-5-21-2013065901,100051,61,17,27.87,Fci7FQIwCABAICEQyD9xEmsncQJH0cbS1lF9XnnxcXm31/d6i09AIKQAkROKknA2NRQAJkbKwbVY5GpQnVr7Tx85tIlYAWIaa81NtmScoJ7PxjLUYafOJoNO6GWK68gO988P,105,95,52.50,105.0,715,105
1-5-7-17-1443608452,100083,61,22,36.07,Fcy7DQJBEATR3ZmevZ4fLpGQBSbWRXMSYRASseBjcpilJxX2y+v2fj7u32NM0TkHdNiyjY6IlEpPWnMFQHhtJsjCme4nszqWZruYqNpqdkRUJ4tE5v9kOj7XHw==,190,10,95.00,90.0,864,90
8-6-2-20-246385067,100070,61,4,6.56,Dcs5AQIwDADAPE3TJP0xAAJgQA82kMWAJJzQ/S69L8/f9XF73b+ACMSJOaHkLCCkSQkLCJKJOXiUSoGI2UquKmSuiZ2QM8TBTb0bDJ6lrNM5BdjclSnW6LVN32albomTbWjjpR3W5w8=,113,87,56.50,117.0,1463,117
3-5-8-12-964441242,200013,61,48,78.69,DcqrEYBADEXRl002XxztMIPFoWiFKjAURz/EXHHmyr68dq3b/XygwTJZTT3SQMwmba4FUCVIvSPGHCCrmalVpFlz9B04jx8=,199,1,99.50,63.0,271,63
3-3-1-20-1241170219,100063,61,25,40.98,Dcy5EcIwFEXR91dJ1m4SWiIidOoZuiGjFJohohgrujMnuPq6/X+P53F+3iAwiYKNzMU0sBrFZBu5pLCaonpw0Vwqm3PrpM5Jx2gEwUSByc4+FCV132OedWt19mXrlEGM+/cC,143,57,71.50,99.0,827,99
8-7-5-14-1636529749,100051,60,5,8.33,DclJFcJAEAXA38tM7xGBBc4IQkpywQIeMUCO9Urfx+e4vs+XniACiEmguvbiLcZgIUfotjDO0hvZa5GKwUx4lAbD7k7YcYdPpmQVC3rEvYaas6m3y0ZFVAcevz8=,177,23,88.50,105.0,1420,105
3-1-4-10-782174050,100081,60,46,76.67,HYjBEUBAEARn5mbZFYFsfH0kpQQhG1FIRzkeXdXdXqf5ufdtOQhKrQGmgoPHlpnhnxrGqi6OTkYv0Ioo0sgSZBL6poDrfAE=,182,18,91.00,72.0,1642,72
4-6-2-22-795512612,100036,60,27,45,Dca7FcIwDABASbYsS/7bTJchUtDzXqo0mSQTUDMOW8BV57fH/by+n+N9AiCSIwLPwQtHDciiBhox/sfKkHKp5lzrYy5gVVMKKEuaCicTKnP0XElqz2MWL5aMV1PYXz8=,197,3,98.50,90.0,453,90
5-1-6-11-1598070172,100004,60,0,0,DcixFUBAEATQ3ZvZmzmBihQhUYI69OgJRAKV8MPPZbre9TyeeYtsAWb1Urg53CtVkIdIaxSAXqZJ8D8JhOBo4bj3Dw==,200,0,100.00,60.0,373,60
6-4-5-15-1596996385,100063,60,12,20,Dc25EUEBFADAd9/vq0sklJpRiVSmBUWJFMM2sHI/fT/ny/X2egICALEoonlkKXaDgJCEJjrD7OGicJgdmK3mMEOxFYFNwG7bFFOd5bvDmDXK1Wsg2c30D96PHw==,187,13,93.50,99.0,1076,99
4-4-1-24-316768160,100065,60,11,18.33,Dcu5EcJADABAvSfpHt9jWqErUqpgaIyMBiiAoQCHON5ZuV3ev+/r+nwcAEiMIJrQnBJxZPWibhKu1VrzsORbV8MxlyS2yKCZkWTbu2HSPnehMzeiCghahhOfGIlirsJoYylAdYDP/Q8=,162,38,81.00,108.0,1749,108
5-1-6-11-1967492288,100004,60,0,0,DYq5EYBADMR2189hAiqiCBLquS4ojCEmoBI8yiT5vj7fcc93O0EZXZE2wg0LEGNYZoisUKYoefsqMht1VMD6BK4f,200,0,100.00,60.0,321,60
8-1-3-19-1939790407,100034,60,23,38.33,BcE5AYAwEATA270nf+hRlAZZ6MABFWbokMKMre2732udzyEAVcWcMHqEpFxKgWj11kcztpgDqkbrdJh3mRlakYQp+ySiMmII9x8=,198,2,99.00,72.0,262,72
6-4-1-14-439438760,100033,60,40,66.67,Dcg5AYAwEATA3c1dLg+SEICatFigwwIqkEKJDzpSzti6XPu4v+fdQEqAxEQmEzGFuZ4lc7ccHq4SrCVHqrXBo/XeSg8c5w8=,200,0,100.00,60.0,243,60
4-5-4-14-1849692381,100005,60,41,68.33,FcgxFYAwDEXRkDTNT9OipRpADj4Qw8yAAfSwM1HOO3d5aZm3a32fsx80sciQWEmyGuAlAvwv4zBDdowKTCGUVEvUBq81e2sRanTvHw==,190,10,95.00,66.0,229,66
7-8-2-17-1939938756,100096,60,17,28.33,Dci5EYNAEADBfW6/e7HIQJ5scsBVBDKJlyIg1prqKf9tP/bv/fldgEgEAMiUTRQukkBWcw+vVrSJdFNXqRJkrKT5NUBk8LDZW8ByBRvu+asI1hUdcLU54Tlf,163,37,81.50,96.0,1323,96
5-3-1-16-1077627885,100076,60,23,38.33,BcG5AcJADATAlbT67iFxTAsU5NQR7VKAO6ABImZ4Pu7ncX9e7wsialTC4JGuGl4JafOsYLPGnGYtQomiepqNoaRDBeqNXHunYS3tcLGuHYXpFHx/fw==,189,11,94.50,90.0,856,90
4-1-2-24-810124159,100051,60,22,36.67,Dcm5EcIwEADAe3WSTtZPJcTklEALlAIJLVCqne3Myvv2q9///SEfQEImEA120ZSRAgfWmCKKBYWYJSVnKUe+wlUAS9XWjPoxWp3U6zF7RmB0oLWKWNlrFATf29nKmMROAM/XCQ==,170,30,85.00,105.0,1504,105
9-2-1-21-626329478,100060,59,23,38.98,Fcu7DcMwDATQOx4pifqk9h7unCo7BMgOBrxZhozTv+fvx3c7ruf+eYE0iDKX3KLUhkQwkx3y0eeYWIjpJqT+OkbrFpYEHbrjzautsmpplJLCOn8=,182,18,91.00,84.0,694,84
8-4-3-18-251916796,400014,59,24,40.68,FcnLEUIhDADAfIGEQMCarMWDYwmWYVkWYBFW4EV9t51ZuZ2u78/j+7yfAYlFVEAQGA7y4UKVGpjjv5SkA4BR0BAvipNTk/pazEF7xN5hqBjBhk7FZhaulm24Z3PVLHP1WhAurx8=,174,26,87.00,108.0,2291,108
5-4-4-18-601057732,100052,59,18,30.51,BcHLEUIxCABACJ8QEgh5M46F2JwXS/FsA9ZkHe7y8+K8v1/fzw+wATE2YiEUZGbtYKP3PnyOpbrmNIs1m033MfrKbrqgITExNEGckTv2GrvOPiay3ZmRPE8IUp6qStUTO+sQYqsAQnjc/g==,194,6,97.00,120.0,860,120
7-3-6-11-552479556,100059,59,33,55.93,Dck7DYAADEXR/l9bPDCQsKACBwR/7NhCCt3uybV7ub7jjX1biVmYSJlVeHogRjrwEFFTmstCYXDA06qRhUJ3A2ibUd6ZWe4JFJ3PDw==,200,0,100.00,81.0,695,81
9-5-5-9-176701418,100008,59,29,49.15,BcExAYBADAPA5NOmRQMOcMCCGky8HtiZkIUH7mJb1vu4vv2dIDlERVphOFWjIQyzXQ26QmSCeM4f,196,4,98.00,42.0,101,42
8-7-6-13-1076968936,100092,59,42,71.19,Dcs5AYBADATAPJvLc8EDBW4QQ4cdlNDjADsw/WBf7F3Pe702YhZmVgUERmOIeViEpTknk2p6BUUpZLo1FYV3y6z2P1Zn6khMdNFzfA==,196,4,98.00,75.0,221,75
8-3-1-24-1729763168,100065,59,18,30.51,FYxJEQIxEADnTCaZ3GjBDBpwQmEHEfywQSGA52a/3V0t98vn931fn48/ACKxADASgUpARYobKCKbUNCk+dR+hsBWQvAStaZdsjQwlEAlWvU+us6Zxb2Nup9zoAKv5kZ9JcsLbq8D,167,33,83.50,108.0,828,108
1-7-8-19-1138944001,100096,59,12,20.34,Dca5EcJAEATA0e1z+548ZSAPm0DwqZKpeImAUKCt5ms/nsfjc75ubBi0MWToICX8O6cKiZo7BampZxG1RbtVqRGLR5YvBdcs74ZI+0It7zSzTIRVBmsU4/v+AQ==,159,41,79.50,96.0,1572,96
8-5-6-14-43439944,400014,59,19,32.2,HYtJDUJBFMDevg+qUEOQgAws4AYpYIALzOfWpqlcT5fX5/593s6ABAxEIH9gJGQQUQE5lMl2M0PyyOoMLOZEUp/qXuNR0tW2ZlVHkiqExTZ107Q9uqvOOpaBx/sH,184,16,92.00,108.0,3662,108
2-8-3-18-1398053921,100036,59,31,52.54,BcE5AQIxFATQSTLJv3KtOQpkrIKtaFCCAmo6rOCC93g/Xufz97neD6RcSNQmTSEEjfSw1FstGdJpASrchRJmRvUuuVQZUwFiWopYa6tP3Su2DcowwAXf2x8=,191,9,95.50,90.0,731,90
1-4-2-15-1606361015,100047,59,25,42.37,DctJEYAwEATAmexmjyRYQAAC0EAVMpDDDx8IwgEyoP+t27S+17Hc+wwW0WoCGooRWlmdHiUpmnRhwKN1pP26Y4zhnWIikdlaICX+juf8AA==,195,5,97.50,72.0,1417,72
7-6-9-19-1119080543,100061,59,7,11.86,BcHBDUIxCABQCnwKhZa27ujFOIZHl/Bk4jqaOM5/j6+X5/f++7webyhQkAC4EONxSFUopsBNnUOodtZhkkY2R6LLwrFwrt1jcQ/Jlkp5VCrFfbiJRvbde/MdK3wuH8Mc4fY/AQ==,108,92,54.00,102.0,710,102
7-4-5-13-1588674999,100010,59,7,11.86,DcGxDYAwDATAt/OO48Ssg8Qg9OzACFRITEFJzYBwx3nalut4n/XETwBVLbTqzoJGc48uGBLamahtFDevI7uSoS2x3x8=,200,0,100.00,54.0,110,54
2-6-4-15-2100667442,100004,59,46,77.97,Dca7FYAwDANAOVFk5wM9a1AzBA3zsCOPmoJJ4KrjNt3vfp3PfMDMUiatyN1DVRWIv3JTcRZJtAZk9pFGar2Do0WWV6zLBw==,200,0,100.00,60.0,225,60
8-1-3-23-289492213,100061,59,5,8.47,Dcm5EQJBDARAaUba7/YnNHLAIwxMksCiinQgH67dttvl+b3/Pq/HWxQKQmlOUTdqiIkKEct0Rzk01hQ0BlRvfZRJrAZdgnOCJMazZCvLMPG8DwyloNqktb1mYO5drvgD,146,54,73.00,102.0,651,102
6-2-4-14-45306880,200010,59,0,0,DcKxFYAwCAXAD58ESOJAFpYu6AqZxsoZHMNKvXe2Lvuzzet+T4gSCoGxUKpbIJtIb9pZI/QPrxxDS2nGhA/JDgTm8QE=,39,161,19.50,57.0,189,57
8-1-4-23-548072587,100096,59,13,22.03,Dci7EQIxDAXA9yzJsvw9E1wHZMQUQgUkzNAqKRXBhqvPy3k/b9/r4w2QiRCF0jI9UQo0xKEpautFc6YNi1TBbNPTikg4svlYXWI6aosO7qKQ/x+k720cEavJxOvzAw==,165,35,82.50,96.0,1180,96
9-6-9-14-587598814,100016,59,44,74.58,Dcs7AYAwDAXApPn0JW2xgAJmJhYk1AQqkIsCDMDtp+eyvfNer+cgLiQq5soVFMhWW+ueDhmpKjBBpJNychTv3cGDBwpqguy/NPcP,195,5,97.50,66.0,256,66
1-3-2-15-951502622,100059,59,12,20.34,FYrLDYNAEMUm4c2b76YEDkhcaAbRFo2kk9SRUrK5WJZsXK/ze7y5b6s8ngt0QoVmUwwLxRFpYJXSsz0dZIGqVuGqs/7n7kiYG4IjuqtyjJbP/QM=,117,83,58.50,81.0,842,81
1-5-3-16-1177799493,100080,59,26,44.07,DcnBEYAgDATAQC4XIGBXzvCyF/++rMJirMQ2bEC/u1iX83ree59TkuSkCjFQ6cW8tpyi5R6F5uxEjRGV/i8UAWeojtGo1gvMfpRj+wA=,91,109,45.50,69.0,989,69
7-5-1-15-1331631942,100033,59,50,84.75,Dck7FYBADETRSTaZ/YQOOwjYBiu02EEFUijxQUded8+zbbnO4/6ed0IyqKigiIlpKe6sjehjUNFCYOoKegcYNUiO/J7e1x8=,200,0,100.00,60.0,362,60
7-9-4-16-1594877212,100051,59,12,20.34,DcXJDcIwEADA9d6X7fTCm4JSSvjQAr3xowoijTR8Hu/1+jyefAEMJBh3TEyExAiidvNhjsDhWR2gMdM4JQZQZK3pKFGrnW3uckFVdRmrBCy7WsxtbzXoTlBRh9/3Dw==,194,6,97.00,105.0,1556,105
1-8-4-17-1082829070,100075,58,35,60.34,Dca5EQJBDATAkWZXGu1DGuRCYVKXxDl4REI6JEFC0Fa3x+X83o738/6COdF66+FBs3C2bpkW6chMmkeEQPAfmgpOG5C5sybWxlpTJam2xp5DVbh+fg==,198,2,99.00,84.0,4096,84
4-2-6-14-736794182,100013,58,29,50,BcG5AYQwDARAWSt/u/I1QkgTpPREQVRDG4SkNxPH792frd3nZcUR1aJ4iz7c3aaZRw3alDSQkDIJDhIoipor2bHUxMZE1wKnffkH,198,2,99.00,72.0,354,72
7-5-3-21-751125349,100076,58,12,20.69,DczLFYMwDARA7UrCxj+wnWtaoCCuOaXdFEA6SA3hPm/sfFzPeX2O90tEQCoIURhVfAmRFuKacqmLt7jtawCk2V6cuQtKpns15fAtWR29D9cpwJzqqd3eeDfy+/4B,101,99,50.50,90.0,513,90
7-2-4-22-2145901784,400017,58,10,17.24,DcepAQIxEADAffNfkt2EDlDUhcKjMZRAJ0g6oCoYN3I/fW6Py/V1/gISgwCLkiAo6X8YWFlCVGAUUaaUpVRmagnp6COkBjA6Ss2hjIBxVm3dhh3H9OHopGoGfc05PdMoHvZePRpap7m2w/v5Aw==,186,14,93.00,117.0,1127,117
3-2-2-20-1621032757,500001,58,2,3.45,BcG5DcNADATA+8jlfbxPiVIVpAJUlRtybsCAC7ISzYRz+16fez9+f2OdD8QEsCAmyaU6iDZCrUgaEwrlqIBtloWykOkavI6hxQfjWPqYs3XmudYy79cD,199,1,99.50,78.0,280,78
2-5-4-13-346854737,100007,58,34,58.62,BcGxEYQwDARA6ayzT5a/nq+AnGYY2qIRQlJqYTe2X/Le/+f1mqMF2AcJk+SZnGU+QpjVrEq9e8qaJhSDTmgluFY6Kgs02nN8,199,1,99.50,69.0,467,69
9-2-8-21-2062185036,400013,58,35,60.34,Fci5AcIwDABAvXYsybLNJrRswgJUjMIw9FkpQyRprjj5Pl7/z3NvvzcgMQqgCDCwCALTLSoja9HKSAobMV9cW1uRVsxMaPPw7lkjM7Wb+ZjpYbE8ow13m2nLI/scaREroB8n,198,2,99.00,108.0,6012,108
2-9-7-14-96470487,200024,58,28,48.28,DcVBEYAwDATAS5vkkrbowAcv3ghAAEpQwAy28MMM7Gd1nc79ebfluCClqv2kwkv5c5g5Q5NIBhqVKWLRJQaEFB/moPfREBmSPRuBe/4A,200,0,100.00,72.0,227,72
5-4-2-21-84380694,100086,58,5,8.62,Dc27AQIwCABRSIAE8v+4gK3WbuYgti7iMrbuYdor3tHz8tu3x/V9/wA6h56ACVkIfIhqGlVNNJm6EFPW03JIOamEYlYtxdByJIbS0Y05s/d5rg1clhc6HqbGAn6vTkh1jEpAfQMwNnFnCK/vHw==,58,142,29.00,117.0,2266,117
7-6-1-24-2129755674,100084,58,8,13.79,Dce3EQIxEADAs9IZWeKv78mpgh4IyBnKoBjKgM1Wzsv7dXxu1/sTEIgQgQWU6b9SzSWCVCiymCdbBiK6tRZ9mPhsoeZha8JeSZB9bScPmpsLKyOBW5UwVNExevWE7+MH,50,150,25.00,102.0,2768,102
8-9-2-20-819213852,100095,58,22,37.93,Dcg7AQIwDATQS9Kk1/SLIiwwowIviMATExs24I2v3C+f7/V1m+8GEYXBRIp6VGdrkRRId2V4iHoCNthm+toxptWO/zrJUuhbkCOw7Jx5dmRdxuipgcfzBw==,180,20,90.00,90.0,672,90
5-6-3-14-1690128779,100041,58,26,44.83,Fcu5DYBADAVRX9/ew4tEDzQCEUVSDh0hcpZwnjR2Lpfy8T7bTiysJAZXdYeTRwEMgHg4S209Y+Lfo0cWFcp58ChZlXuOZi1r0Hp/,95,105,47.50,72.0,295,72
1-2-1-16-1738087515,100067,58,20,34.48,DcNZEcJADADQJM2xuXbrAF9884WHKml1VAhC0ABv5vFzv6/Pe5zfAxAAkTagjeVfCdVgDA8QHhhpVk3i7RI6syvLuMyFpIU5UGZW12KdrrqsPXNJBDM8Xj8=,199,1,99.50,90.0,2034,90
7-3-6-23-1902311363,100036,58,23,39.66,DcQ5AQJBDADAJPs/SfY9JahBBgqoaFCCAuqTQ48AmGLs9Xjdnp/z/n4AAgDSf2MRnQ9IMXnMpXIVUzQmzNRYAHMfVm2KXauaOaWJKDdmWIF2cER+u7UX6JA5uBe4fH8=,174,26,87.00,90.0,359,90
7-7-1-22-819264009,100094,58,20,34.48,Dca5EcMwDARAPBRxIPh5XIAUOHVVbsKdKFJdakecTTb9Xtd9nJ//txGxsCoJS5JtlUk3yWu0KJGKpmSAewlDWGQVgqF6C0T17u4YxZTbbBHmhj6zd8yIYaXaoPf+AA==,179,21,89.50,99.0,889,99
7-7-8-22-1760773097,100070,58,21,36.21,Dce7AQIhDADQAIEQwi98rHUALZzH0hUc7LaxdROveMXDz+X5uz5ur/sBxjp3sg7ReQcIgQJgZJvEBpMoYvSSc0lcm0foRUDPKg2uo7ZZOJH2rDJ0cK6DS51sZic2pqWlJY241uS9q4iNc26K8H3/AQ==,160,40,80.00,117.0,1110,117
3-6-6-9-1699774923,200003,58,23,39.66,Y9HiNDo2L70p+KILAyMTMwsrKwsbMzsLMwszAzMrKzMLOwsrMzsHGyMrEwc7OzMzOxMDIxsHwzQzAA==,191,9,95.50,42.0,91,42
7-2-7-10-2028599859,100072,58,19,32.76,DchJEYAwEATA2SOTWR5U4QAnqIkEpCAACTzQgC3y6+o8lnE/33mtG8wRCHezRGPznkEKYlR1ExkqFwooa7KaZKci5xaxvz8=,181,19,90.50,63.0,503,63
6-1-6-20-1839293273,100070,57,3,5.26,Dc25EQIxDEBRXV5b1mFtBUABEBBSC21QGCXRCQ7+zMu+fM7n7/q4ve9fQCQmZGkHSB+NQI9DmJSJJ5m3XSTCijFKcKIpNAvu7LYqKHrbUhcTS9UVJuUcM7YL1RNyLyRzeQCV+GpQ8Lr8AQ==,32,168,16.00,117.0,1946,117
9-6-5-19-1675169265,100064,57,14,24.56,DcS5AcIwDABAfZbkL5bFFrSswUowCGvAZNQU5IqT5+X9iNf9c/0BEhOeS2GiogZizooi7LVh6cNYpFbF5m30bja7KUIzIjjWHO7zGLWM2keXGVsILFnY9p5RUFdm7ASMyGjboebcR2PlVQjg9v0D,161,39,80.50,126.0,2090,126
4-5-1-18-1463868438,100066,57,5,8.77,Dcw5FQJBEAXAPmZ+d/851hQOiHloIEMPApCAJCIEsEmF1W7H5fm5fn+Pt6iZq5uo+6m3DlOxCGQxqzJSC8wxUXMlmaBhj6gIjbnKsrLRe3HFMEGcB/dGd1Be9z8=,64,136,32.00,93.0,1833,93
1-7-2-19-88107760,100078,57,16,28.07,DcqxEcIwEARA/Ul3/y/J8gx90IkTDzFUQUoNFEyC051t5/7+fV6P+/cohoJSW6Xk7qZAM7nAJMw9rQ/EzEqLTcggLwXUukbnyLlprVjTmdcwltvzDw==,175,25,87.50,81.0,1288,81
3-4-3-19-627224069,100052,57,24,42.11,FcVJgQIwDADApDmapml68EAJ3vgghTcGcIIHdOwyn+H7hfP6fLxfX8BCLCxKCFWxoBBXK81782iBysUdCmtv0E3cZAREZwJBzLm2Ypyce9e6Ru5pVcc5hi3+G1Stn1xjIc69cnZH+l0a3D5/,190,10,95.00,120.0,936,120
1-5-3-25-1193350459,100084,57,2,3.51,Dcm5EQIxDABA+6zPkuWfjA7oC3KqoAtmCBnKoDDYdOF6+rzP3/vt8QzxiCEmODAAJT5YspoUdIJctfVhqU5jJyzWbS1l7WqY/zvr0r2btDFHlUzA4rjJK7MLAGRiIi9IDOF1+QE=,5,195,2.50,102.0,4743,102
7-6-9-9-571924739,200015,57,16,28.07,BcGxDYBADANAx7E/YRIkJFpK6h+HYRiNnjnouNOxrPN+rnPfEAgyUmGNwjDCVoupRnU2q+CUncnqUdGm8b0/,199,1,99.50,54.0,325,54
9-4-5-11-457389949,200012,57,22,38.6,DchbAUBQEATQ2dm9+/IrgBSC6SGBMIRQQQIFOJ/H1mm+j21f3hOAUGnDKWYu7gr18L+zGlHJoTII7QxFhEQXcT0f,199,1,99.50,54.0,176,54
5-3-3-12-807300560,100085,57,12,21.05,FcepDQIBFAXA9/59IAkORUvUgthk+6QREiRh3Njzcnt/r4/X/QCFVHO6hUIQ6VJdYSJqA0R4ZJZBrUgR7mRnz3rXv6xexfQOch07SuL8/AA=,194,6,97.00,84.0,827,84
9-6-8-9-84274771,100081,57,29,50.88,HYu5DYBAEAO9n9d0QDekJDSFrhkKoh3EgSyNJhjnvqzPfR7bMMx5JNxQllFBstUqiV0MpTe9pc9nB7rTEl2m/2zAROLSCw==,172,28,86.00,72.0,1670,72
1-7-8-20-1577024819,100060,57,16,28.07,DcqxEcMwCAVQBAjpA5Jceg93SeXWde5ylx2yWYaM6/f0tf32x/d5vE8qXFi0miq10gHpRsKVjFwsTHPMygPC6S5OqYvXmIGGOQG1XO6RcTcg+rip0fX5Aw==,184,16,92.00,84.0,417,84
3-2-8-11-21090175,200004,57,12,21.05,Dcm7FUBQEEDBu7+3u84hUYNccyoQK0gpErUw6fg+vdu8XuezIKh5DLKo6EpUaYikW3IY6fSfXmWjheP+AA==,200,0,100.00,48.0,166,48
2-7-9-19-457728747,100050,57,29,50.88,BcG7AQIhEATQYWFh2A+YGZsbm9rBZRfYm/1cW/deOx7n53X9xvcPFEhtItpHBTi1GT0KktKBcFUtHrSWNCdTV5hXG8MSzkjutfqWmHum4P28AQ==,194,6,97.00,78.0,648,78
9-8-2-13-2004557500,100080,57,19,33.33,HcqxDYAwDARAv/NvJ2EupKzDCpmCYdiCjjWokUDo2uO6zP26j20Mg7kXhxFUUFTWlooQIS9iR0arpGXiz1LtpbcMA8PtAzufFw==,145,55,72.50,69.0,766,69
1-3-2-15-868732816,100059,57,24,42.11,DcnJDYAwDAXRxP5xvIUSOCBxoRlELbRAL7RFKeQyetLgWs7veGXf1lJqJS4VDUIdasLSnLsGgbxhKi2E3ecgAjJm3VSY0jRYgqEyRg5zi8xyPz8=,138,62,69.00,81.0,933,81
7-7-6-17-1226012823,200024,56,39,69.64,BcFJEYAwDADAXG16JsESL94IQABKUIAfLOCHGXZlW67j/fb1vAGBCAmQhVImSJoZoVQGpZZ6V8mIWsY082gR3asU8Rkq4rWNCJs63MGeHw==,199,1,99.50,72.0,172,72
5-4-3-12-1369787262,100014,56,44,78.57,FcU5EYAwFADRf59UVHSZiQBKdCIFKUgiFPtWrm3meY99PACI+LMCYtE1cw5S49RKJTIVL6UOwSzC6HY43g8=,200,0,100.00,54.0,204,54
8-9-1-15-2124481734,100020,56,19,33.93,DcuxFYAwDANR27GkOBTsxGMHRmA+GvYgE5Hqmn95bOc95/vgM4+W4EqkAKm3ImogSDEwPMpSC1gEoaScsN6y+xDWZNf+Aw==,143,57,71.50,66.0,281,66
3-3-2-12-940455322,100058,56,12,21.43,BcG5EYNAEATAmf1uH5nEQTQUyREBHvHIUAxy5anbjte1/e79fN4gBQI1OlRgsVaIugc90ry8Daloj/aKtpiJXtTKFLJUpsSmpZCDCU8K8f38AQ==,184,16,92.00,84.0,1072,84
6-9-6-13-55008938,100096,56,18,32.14,DcyrAcIADAXAJC//BNsN6tAMwgRIFMOiGYbaE6ev2/E47t/z+SYWBqk5G6DiwQi2TCcrQY+u0u7Fnd28BnKNKrXqwMIdOVCfodipEcmudd4VheZVf35/,188,12,94.00,96.0,2006,96
5-5-5-23-1194712918,100052,56,12,21.43,BcHJAQMhCABADxQURfHaVvPZUvJOA2kgzaSOnYHXBXK97+/nb6zzFnyIASkBJsjsgEqVFjvriMwzoym1Uealcw+W05tPboO1qU3vcah26ZG6nqUEPtaGwYYsHFOYe57Fg2mI9JkHhpaLscn87gc=,74,126,37.00,120.0,454,120
7-6-5-14-282138502,100084,56,10,17.86,Dca5FQEBFADAf99fBeojF226mS7knjIUxkQjt8vnff0+7s8XACAgIhHw/8QiaugBiSkRVsLaliASNbbrON0F4jG9W7XMWlMGM4RYhOJJ5ZEtipxo264Kx/kD,131,69,65.50,102.0,2897,102
7-2-1-15-2053540417,100090,56,11,19.64,DcrLDYNAFENRP9vzn0jZsEoRaYEWKA+JNiiFdqLM8l4dH6/7+3yubT8RFEQHTUUAFhES5RVI6zEQuchAmMty2VTVcnGvLQ2PUWfvmU1lTrx/fw==,139,61,69.50,81.0,1334,81
4-5-2-13-1880949270,100023,56,40,71.43,YzHjCfu/9PKha3k3GBgZGZgYGBiYWVhY2diANAMTCzsHCxMnGwcXCzMjGwMjGzsXNycbCyc3F1ABKwc3OxtQC+tsAA==,200,0,100.00,54.0,161,54
2-3-8-11-924603096,100010,56,4,7.14,DcexDYAwDARAv/NO8mYfJAahzy5USExCzWQMgEh3x3UZ23U8934avDBq61AqE6QkisR0bwaoRkmfc5WoEK11e78f,156,44,78.00,54.0,228,54
7-2-8-17-1030058095,100062,56,18,32.14,BcGxAcMgEANACQQ8/IOHyDKp3Lr2MN7OpTNABsgOudN7+92v7/4cJ5iYVSpLU4PJBPYKjpo9wuZa7mEES1J0aUV3G6BDcOUZaNM4Ej7XHw==,191,9,95.50,72.0,354,72
3-4-2-19-228785290,100070,55,8,14.55,DcHLFQIhDADAQP4EloB3nxagBxuxAduwMEuyE52h9+nxvdyvr9sHSgUEJBYlNi9SGzS3UPToZCYi2ktvlbsacXNRtuHU4pgZC2178bIXeeXUPP7ySIO5iwv0McGwroi1VqsokKODwPP8Aw==,66,134,33.00,117.0,1344,117
7-3-4-20-2105195759,100052,55,26,47.27,Dcq3EQJBDABA+TM6q/8ZmqMQEkohpgFC6qEOPt1ZeZwybq/n5/0DBGJkQVFBRQBLuXCFS1lBqRABevMmZL1UlFFaUiR2vpqlkYr06auqLG87lPLyMFBrM3ZGid1bP/ioPWJ2knSMZFXhe/8D,193,7,96.50,120.0,1001,120
9-6-1-25-384250673,100064,55,6,10.91,Dcq3FQIwDABRRQdZzkzBLKwENTOwBqxGR4Gv/O/kcXnfx+v2uf4AiQlQWIMKUkyJcxBVBbJcNHkNQbkYEnmtZikXdyCMwCStVzG3o+6WT2W4MEKQCGGWNjNDW2uNhFz7nrso5j28CmgXOufz+wc=,85,115,42.50,126.0,2295,126
9-2-7-16-1472653979,100079,55,20,36.36,FcixAYAwDANBKXJshwR6ZmIfpqCGsZiEHYAvrnjblutZ72PXAAmiyKorMr1Jmv4spD4NjkA2m4P1oyX6IDwdUTR30mVWKvgdPOcL,154,46,77.00,75.0,448,75
3-5-4-9-295045343,100008,55,25,45.45,Y9HilF5it/it5dZKBkYmBmYWMGRlYGNhY2BmZmZhZWdh4WBg52DjYGJkZWZmZ2RiYWFgeHAdAA==,198,2,99.00,42.0,132,42
9-6-9-15-325611114,100004,55,5,9.09,DcXLEYAgDAXA90IgQPg0ZAvOeLEee3Q8c7AS3cvqNp/3uK81TpCUoIjJsgQUVLgnr7kaNZeI4FqkEd7Yx2D3v4YUjcDaPw==,194,6,97.00,60.0,148,60
3-2-2-20-1815398049,500001,55,3,5.45,BcG5DQJBEATA/aZ739kP59wLiACIi6CQkIgFm3OoCvfb+/G6jvPzM9b5IBASYEy51FZoVAXewzVnWJGaJbQrKDZJHjNE7V1riLkIx1xrDmKvvc33+Qc=,200,0,100.00,78.0,321,78
1-1-1-19-673075905,100070,55,17,30.91,DYzBEUIhDAUTPgECCQnYgBagBxuxAduwMEvybhE/h53Z2Tfz8ufy/F0ft/f9C5iOnACIsGQMTVALFWolhx/cK2DhPtoIcmGpnXRW5ma+VFh27ahzLlBZa9jeau4sGp1wxcCse5qbeZzodpUG/9cJ,192,8,96.00,117.0,1369,117
7-9-8-12-1418352317,100040,55,13,23.64,BcFJAUAAFAXA9/dNGBcN3CUQQzIR9FBACTO6Lu++Hd91nyAQiyrIwAJ318jqHjC7j0UXi0ukSeUI48EP,199,1,99.50,48.0,180,48
3-1-1-23-642328127,100089,55,24,43.64,DczJEQIhEEDRpjcYYNjBMgCDsIzAdEzCm5kagDe5/lf1+XV5/t6P+/XzBTBILIqigExWyB0+sIunSbmUVEu1R2tVyfnOprfcjB1R8bQaAk9W3J7ZKy9ejew8BQwhTUAV6ElkDNh/WDsakAj99gc=,200,0,100.00,114.0,1574,114
7-7-9-14-699037191,200010,55,30,54.55,BcG7FYAgDAXQFxLyA9yHwtJt3MpprJzBMTwWeq/MZXvW47q/E6ACFlTlYlpcJJLMvDX0QV7T0+E2mqb2bmE6NDMq491/,200,0,100.00,57.0,223,57
2-5-7-9-1573798170,100010,55,16,29.09,Dci7DYAwFAPA97XNQkgZhJ5dqCIxBSU1A5LyrvbtHPf1vcc0j6zqdE9QJESQQgnJdFtqKQqrorIhmbs94wc=,199,1,99.50,54.0,302,54
4-9-9-17-1843126016,100034,55,27,49.09,DYrJDYAwDMDSNkeb9BqrH/ZhAeZgAz6wDD9GIZIlS5Zxze96z3U8G4SYAhIQS2KUECkXTmpqTkXOBBFyadVar72xmggYkx86+hiuQuBtv38=,200,0,100.00,72.0,316,72
7-8-1-19-762884719,100085,55,17,30.91,Dcm5DcMwEATAe8hb7vFRIihz5JZciyGoUgNuxKEVTTDltR2f3/58Py4RFTVTL/VWxLxqoIS73yGCRkb2NCa9GgoGI3rTgakZDKwFxGo9iZEMzinn9w8=,178,22,89.00,84.0,496,84
6-4-8-24-1030948273,400015,55,11,20,Dce5AcIwDABAy4/8yq/kLJaKRWiYhA0YgjUomYSCXHf2djx/39fnOB8KtLEOrXU+RJVyDgWBkCpg654CAbjUWoVRTET0c2GfvSo9NM1Ii1nM3iyyM5a0BHkIX99bve9/,66,134,33.00,90.0,371,90
8-7-4-14-120507140,100031,55,38,69.09,BcEJDYAwEATAve621xcDTVCCPlILSEAQShAAMzq2d57Pva8FCzSQQojJs5WqJslY1AHmimBkd400XGqtl1hHtkgmfNcP,200,0,100.00,60.0,137,60
8-2-4-11-1024548051,100026,55,18,32.73,YzHjlshXea937WM1AyMTMwMzIwMjMwsrGzsjBxMLJysnAxczGyMLMwMrIxsDkM3OxMHIzM4CFOBgYWDk5AIq/yYGAA==,200,0,100.00,54.0,188,54
7-6-4-20-154733154,100070,55,17,30.91,DchJAQIxDADAJE3PbJIeCAAB8EAPNpCAERwgaZ3QeQ6/L8/z+ri97j8ABMLAQAABMSLFFPdlivsolMoh5Cap1SLHcajsMyFN2UtS2s/Y3XLMbbSZvOjKFdvsI6Kr1cnLRIeb1OXTyuyT4fv5Aw==,194,6,97.00,117.0,1264,117
5-4-2-21-1087617972,400012,55,19,34.55,DcwLDUIxDADAtuu2fra3LwkCkAGCSJBCCFowgx04AceP0+16fn7vlxcgBUbgmICziGYlxQAEamaOXjB7rod5S4mVQHpSOJBrSzZmL1762iN7q3AYaBJaOnhz3DPi1MUcMgaRQP/18/4B,184,16,92.00,108.0,913,108
1-6-2-25-1438384798,100061,55,26,47.27,BcHLFUIhDAXAywsEQiB87cSa3FmGS5tw5TnureTZjzP+dnme99/n9XjDHeS8R+DDMUCRQT5FySooUVKNlClA1GLURnz0ZANTSc2MeQUkHkh5ldRyJxIZG33Wso1nxtK8uTZ8r38=,176,24,88.00,102.0,821,102
7-5-3-22-1678796284,100083,55,2,3.64,Dcq5FQIxDAXAL0vyfduUsl1suBHV8B5l0AKd0BAhTDxyv72Oz/M6vw8QDIHYEAmglpwPEhPlgtoE3TF4KJmYajBDc5lLpPqYWduQXThYzLaXus6c+lx+/zezsbjePw==,20,180,10.00,90.0,509,90
7-1-5-16-570610174,100090,55,24,43.64,FchLEYAwDEXRvDSfNilLVojAAhaQ1xlsIAUVmKCs7pkr53Lvz3atxyCAGYTCTAKBMswwPaniVrQSNfFCyiLEf6qZewuzyGzRM2v6XFMRncb7AQ==,175,25,87.50,81.0,1051,81
2-1-1-22-1555173002,100065,54,7,12.96,FYy5EQIxDAAl2fIn2/JLE8R0RScMjZHRBkMBhNzF+9j75f39vG7Pxw+QjCG0ltj5AMgRkpXsvCu5Bm+iOhe1ae/ejSJp5jkNJ4CKTUWC57VKZThUc77QyCYK2qQz6R4DCdYOJzma6x8=,179,21,89.50,108.0,1352,108
3-8-6-14-1812230451,400015,54,27,50,BcG7AYMwDAXAp69lS6JlMSpmYRI2yCCp0qfMJCm403O7/7/Xdz8uELGoKAxm4iAw01DSgJhN4zWdJGkuuGRZmNXyEB6Du1DtkZ1S3k3eichyVQknfN4P,194,6,97.00,90.0,855,90
8-7-2-21-999878073,100061,54,7,12.96,Dcm5EcJADABAfSeddL+LJKMMh26CiBnawYlroAic7czKYzu+z/Pz2t+AQCyCnIiR1EQFVLMHMRRWECeQ0BzuKd1Gr+gN+7hndqlhGMYa2UJnHzyMsc7iC1qTZQV5aQRcvz8=,190,10,95.00,102.0,1044,102
6-3-3-14-842554427,100075,54,23,42.59,DcixEQIxDATAk06yZEumAEpiCJlv4hMyWqABKqMh2HDtcTm/t+PzvL8gqgIVmoGECdXxLw6qRPqMVWXhFb5GxFDzNacRcMmWppT2TnTX3mBnZeJ9/QE=,89,111,44.50,84.0,3413,84
9-1-7-21-737870868,100063,54,29,53.7,BcG7EQIxDAXAp49lSZbta4uI6OZSZuiGjOaIiKiEXX0e38/tfj3eLxCLohGb9C4eZJHK4egjPNvwrDDNVAJiBtvI5e4ZKUwwFoaRaPhWWlVSe86SrM3UloNBgvP3Bw==,163,37,81.50,99.0,1426,99
3-6-3-15-1587253847,400012,54,11,20.37,DctJDQJBEADAvnv6mN4vApABgkiQQtCAGyRgh31XSp7H/XZ5/R7XNyARg6iZrwDxUERiYjVgzOqTCQABiC2U0cBSMDwCdxBSpZUZFZCfHQOmfNbWPY3aK716skV6JuH7+QM=,198,2,99.00,108.0,1103,108
1-5-4-20-984484874,100066,54,11,20.37,Fcy7AUIhDAVQQi75EAK4kNXb4NUOYedUjuBIVg6gtqc4uF2Ox+t8f+7PQrUURm2ViJs0qCgbxF27BdwjdMTQnJ5zZg5k/4PDDGOlcd8gcra9XcC/hcXXChaicm1f,183,17,91.50,93.0,2841,93
7-5-6-11-18271368,200012,54,13,24.07,DcRbAUBQEATQ2d25+/IrgBSCaSCAAoRRQhMFOB+H6zQ/13Ys7w1RFRVTYpgPESgYblBmlDCSHTm6LNz5Z+0FnPsH,200,0,100.00,54.0,144,54
6-4-5-13-1794194961,100087,54,25,46.3,DYy5DcNQDEN1H19y6cG8hCu37j1I1ogXywIR8AASeATl3Pbjea/f+wEEGniSgRFlqpIogoEHgOQK8SqjMNU2yl7cGOClUWwxxiUoVw4Y2G4zXKQV1p46B53wvf8=,186,14,93.00,102.0,2106,102
4-7-7-20-1344330004,100094,54,5,9.26,DcU5AQIwDADAPnmaJmn6IICBFVWYwAkTOpCCHbjl4HF5f6+v2/PuKZcKkJCAGwl0AqiomLUJC2dCral1MmvmIzimLRUqMtXHaj5MwwP/dy47zpGBZ5pzm2Z77DljpY/8AA==,32,168,16.00,99.0,407,99
5-2-1-13-1349749343,100038,54,52,96.3,DchJEYAADASwdrs9GXygAC04QB0CeKMDL5BnuC/PFu991CUKU8IAoRORoVVq3RqjoEFAMZ9EFybdhH/Jen4=,200,0,100.00,54.0,159,54
3-8-1-10-1463703784,100056,54,29,53.7,FclLDYBAEATR7vn14AEXJAhCAMmawATm8MEFNnV7FftyP9eWxzpAwkC3oEVixpLCkvR5jN6/oUElWiqqcL4f,200,0,100.00,54.0,481,54
2-6-1-8-1744217603,100010,54,23,42.59,DcqxDYBADEPR2I4vTIREwxb0jIJ0FRKTUDMgKX7z9HNdzu2Z33vcAUog0ho1bMGAOssKJDAIsU2miqVeI/brBw==,200,0,100.00,54.0,461,54
9-3-7-24-1008046802,100095,54,20,37.04,DcmrAQIwDAXAl7Rpmv5/zINHoVmQFZgFhWMNOHv+cfl8r897fRsI7IiZ4B0kaLSUxZegDKb/xdpSlzLq1NV6DzK2pVYVIE+8wOcMybK3zblMLdvRyFQc4XX7AQ==,195,5,97.50,90.0,398,90
8-8-9-13-1908278987,100096,54,4,7.41,DcopAQIBFAXA9+8Tuw3WoQlCAiR5qYAnA+tGjL5ux+O4f87nGyAwiRrYyVVE3JwjRUCaiChrlXaWa45m79QCOStbVTG80RHU2Va6Y+y46Jjodg/8vn8=,89,111,44.50,96.0,2495,96
3-2-2-24-502538131,100064,54,6,11.11,BcFHAQIwDADAJE33SHfRgAzeuOENQrAB8nhwx6/L51nf9+/1B4ikGAiYgJRmDUYzI4Ih6yyiD5YiaGVSpOAgF3CBpBpVWdC61rWMZGY2vYlKY21aYdvQRbV1NuYU46y5+JmyT1F2xuCO1bHssY+D2+MP,64,136,32.00,126.0,1723,126
7-3-3-12-181726811,200024,54,26,48.15,DcpBEYAwDETRTbJJmxZVnDhXAAJQggIMoAEj+GGGnv68mc9tOff3G+txQVTEAFOoEROzQlW4haJotTDJwpZwJ9PDOktGj6zS5lR7c0k89w8=,187,13,93.50,72.0,292,72
7-9-6-13-51148626,100087,54,10,18.52,BcFLAQJQCARAFpbH16MFbGQJT4YwiDlMYhMLOMPH5Xp/fZ6/z1sAKMTM6CeoAuHxrO6p2NWwUwvLms5JdIOucIZoTzuqR+hxxEFBLOlzOmxrM49oMJyU7+0P,197,3,98.50,102.0,2129,102
8-7-1-17-1402852137,100084,54,18,33.33,Dcg5FQJBEAXA3/c1g4LVBzkpBnBBzsMFCGOTCkqvl8/7+N1vzxeIhVXBdkpC4hKiBklksViLOWYUnoxRii5u8Rxa2M61xkOpohOUVmY2Xk3n+o6xUV6bGt/HHw==,150,50,75.00,102.0,3457,102
3-3-1-20-983724779,100063,54,7,12.96,DcK3DQJBEADA9Wd2z34JXw0RISkSLVAFGc0RUQyMRh7H93O53u7vFyACIbEomSbNGdSEtRBWLsmKOavnmqL1AaXKfyjEHL6IERp2VtgY06jv4RvqrLqKRxO3kIWA8Dx/,105,95,52.50,99.0,832,99
9-6-3-17-558885293,100069,54,12,22.22,Dcw5FUIxEADAvZM9cvwSP9jg4YCCCinoQhFppxh5X/fH9fXX7QcIiITAQqrWpBOjeLhJtB7s7k2VsQtlWh2sHuHBRBVVYJE5GkKbazOVIpwQWMFGx+xry5nnmsawR5IQInyefw==,186,14,93.00,114.0,2888,114
8-5-6-18-322930779,400017,54,22,40.74,Dco5AQJBDADAvPvkNtkEDVTouoqeGhO4wQEWMANTjzwu7/vzdr6uH0BiQkFWaswiTH3MpnYsJjeYMqKFrs2ew6S1ApvICJ6xEnlTy+EqNI1FDzgCR+GyqsitnlSx1+rA/zF7+R4bWeD8/gA=,166,34,83.00,117.0,650,117
2-6-6-10-451615587,100010,54,9,16.67,BcGxDYBADAPA5OM4DgMhMQg9u3yFxCQ0NAzFGNxhXY7tmu+9n+Yj4IFkSQqns9EtMUSrDES5jxKpwSpASbPv+QE=,200,0,100.00,54.0,232,54
4-2-2-16-501414058,100051,54,4,7.41,DcupAQJADATAbP7ck6MQHJqC6AMDhhYoFcaPPi6ffn9vd30RGAIVMZCoEjPMnCK9xNKYR9hcm2PPDkgpIDly7oKvPse1zkofICY/FLsY85yeov0vKdWbOAh0ff4A,169,31,84.50,105.0,1760,105
7-7-5-12-1849753665,200015,53,14,26.42,YzHjUfeYcqXATleLgZGBkYmRgZmFgYWVjZ2JkZmDBQjYONk5uZhZOFmYGTkYWBgZwHxWbmZWbg4moAQ3w7YqAA==,200,0,100.00,54.0,220,54
1-7-9-18-1694918170,100036,53,27,50.94,Dco7AcMwDATQs2SdbX3KJ1QCIwg6dSmSIsgcOEXRZnnT6/vjc7y/1/N8Aa2J9q5qFI65BN0lNG5aMqI0nWECkzQFucJngMPc08qoPoeWAIV7lEZ5+jLit/0B,196,4,98.00,90.0,1066,90
9-7-7-15-91390239,100066,53,8,15.09,DcxLEcJADADQ/LPJJltTddAzIrjhiZlKqAaUcEIAvb958tj213V8f88TkBBYWAiU0MyHR4Sqm4Qmz1GJ3WN2r8q1um0haGmSFEaFA5YTA0y3FEQiIL6hMdzl+/MH,118,82,59.00,93.0,2267,93
7-3-6-13-500841298,200024,53,35,66.04,DcfJDYAwDAVRLz+xnZimOHGmAArgSBVUQGH0g4SlkZ4G23If77ev50PELMrMJUOgDSq9kzmkBTxUBksPmzkyqL7Naanp4VUROUBOdv0=,182,18,91.00,72.0,250,72
7-5-6-11-793271607,100090,53,16,30.19,FYnJDYRAEMSqj+pj2O++CIIUSIHwkEiDUMiHQX7Ykv1Y7u1Zr/9+QgSqgLkQ6iJk5DTcNFHRdE+xNELwzVFUY5IzcoRFd0RV1+hJBH76Ag==,195,5,97.50,81.0,1102,81
3-9-1-12-1130105417,100074,53,36,67.92,DcoxEYBADATA5HN3CYbQgDxUMLRvgAI1DBKoSLfFYl3ueX7bc+3mI0ClIgixaYNCFjLBZJuSqyqJ4dZFor3HDw==,200,0,100.00,54.0,248,54
3-1-2-14-1609193746,100026,53,11,20.75,BcFJFYAwDAXAn61pk3BHQM8cUYEXBGABfdjg4YAZ3Zf1nO/2fBeIiQVq0qTB+/ARRJnZtCOk3FDizBTVnZiHK8RwHz8=,200,0,100.00,54.0,143,54
8-7-2-10-1799098369,200003,53,20,37.74,Y9HiNDo2L70p+KILAyMTAzMLAxMTCwMDKysbIxMIsLGzMjOwsTGwsTMwcjAxs7MxcLBwMDw4DgA=,197,3,98.50,42.0,112,42
8-6-3-18-635734265,100086,53,0,0,Dci5FUIhEADAPdmD5QM+KzDV2M6M7cNGrMjYFnTCkcfpc77eL6/bG5CYUEBRmYG0kZA1N/bQ7JhOHfwf3cJArMIQNRiDkGEUGfY+xDEPNS/KhKoDUNhbg7kk5oF71mi8dTkv1b4Tnt8f,61,139,30.50,117.0,1444,117
6-9-1-23-482484403,400012,52,13,25,DcPJDQIxDADA2LHjK87BawvYMqAECkGCThDt0Q6MNPS83K7H+/s4PwWwEmMTNfwnjx5JgKAqaAnm1IQ7N4yARKaUJAYfWXGOtYm3j52xJiarg6hXZacyl4WTmzCk9iIKUl73Hw==,135,65,67.50,108.0,1213,108
5-2-3-14-900790375,100010,52,16,30.77,YzHjS7Dsad6yKrSTgZGRgYmZgYWZlZmNnYmDjZ2Ti5OLnYOLm4OHFyjFzMrLwsjNxMjAw8bDwMDJzcDCy8rMwMxgfhsA,198,2,99.00,54.0,132,54
1-8-6-17-426078034,100075,52,22,42.31,FcmxDYAwDAXRbye2YzthMESJWIKGjjkomIyFgOakp6vrtD/zdh/LCRBzqQUkLMpitTQVEnAlJjTzf4ARUP5AzeBCpqaakt16ZIZFju5/R7hjXC8=,157,43,78.50,84.0,3717,84
9-5-2-14-635058091,200015,52,24,46.15,BcGxDYAwDATAf/sTJw57ICGlpaRmFTqGYTRmYA7utC/r+bz3MTcQNLqK1WgV6s5s1oe14aZBFHUgRGaCUWlQAa7vBw==,187,13,93.50,54.0,249,54
9-7-1-16-1615691172,400014,52,32,61.54,DcxZFcJAEATAnrtndnGFGh4SkIGC6ImUKOAHKAHlz9vj+ry/5+sOiJo4NFKKNGt3LSay2cNolsRUk8zsXJzsmVLI3mWqUdmLFSEyuf6RezlEVLaZgQqDwLxdgfP4AQ==,195,5,97.50,108.0,4474,108
7-6-1-15-1578991194,100058,52,3,5.77,DcixEcJADATAk3SS7v8JqYNqPK7HfVABGfVQhVNneMPl9ng/r89r//5gHmYAkZ7Bsmao4XdXoUYH2xEudcdsjcw7pJSFIYorNddoWE13kVyG4/wD,197,3,98.50,84.0,1201,84
3-2-2-20-1877145533,500001,52,3,5.77,BcHJDcJAEATAPbtnr9mLD18H5ACIGAmJKIjCfFwVzsfn9f4/j+9lrPMhAiCFKUupzUFUA42hrWrhpGommjYwZEFJPfox5/BxpgL2sZZ2yt5rm+t3Aw==,200,0,100.00,78.0,311,78
5-9-7-12-402054794,100033,52,28,53.85,DcI5FYBADAXAZHP8HEhCAGposYOKFUJBiQ86eDO6Luexz/d+NiIeouYAWzhnFAweWeRZ7lFp9BNF12DuTKbRUSoBuuYH,131,69,65.50,60.0,164,60
5-3-6-15-1078595735,100046,52,29,55.77,FcKxDYAwDARAO/nk7cShpmUMKgYAibGokFiNjRC6wzod+3nN2/OKpoxSyUTzhCaF2WvvQOiABkZ1Yclks1D8RrdGyr18,200,0,100.00,57.0,200,57
8-5-1-20-142556188,100063,52,18,34.62,Dcu5DQJBEAXR39f0dM+1aWFhrrsSwiUQPJLDIhhGKulZpY/j973dz+vzBtGOGMyitlViKWBSM8Bda0iWRqW7maB5HwM1aGQvoOI+u2QPU8xsxFEVS2Ixp8/Yk+fC8/UH,133,67,66.50,99.0,943,99
4-8-5-15-1952777035,100066,52,4,7.69,FcO7EQIxDAVAS8/W36IP6qAD4iviMqqiBAIKIqIAhp3ZeVxuj9f98z2fg5iJBub/WkvUpilcRWDmqhKeZV6K3eWQ1o40AYdwICM6DeBt2ppclUIFyHZqG+/rDw==,146,54,73.00,93.0,1915,93
9-4-2-11-1718428512,100009,52,31,59.62,Y9Hi2n4++ryoVGg2AyMTMwMTIzMLKysjCzMDAxsLKwM7MxMbByMjJxsDExMzOzsTBycHMycjw9pNAA==,200,0,100.00,42.0,96,42
7-3-4-11-783058347,100090,52,17,32.69,Dcq7DYNQEETRmf3vOnZESAG0QEIBlIfkNlyK+/HLro6u3a/v8ds+7/MBKKJUoxJQqMBDZGU4JDK40Myc65LSBinpWd2VNhbe5VHT2TNZM7j2Pw==,183,17,91.50,81.0,1135,81
1-1-7-11-1732359846,100009,52,36,69.23,BcExAYBADATBfLK5wwANDT1+qJDwApHxNpDBDNf2rmftxz1jZBZEj6QKuQkPbGjRplFLMnF+Pw==,200,0,100.00,42.0,129,42
7-4-3-24-1990649438,100065,52,16,30.77,DcxHDUJBFADA1/72XlGAA1zhhKCLhBs2CAI4wggYuZ5en/fzcr99AYkJRRjpEBBmRayNBXE+CDEjHhBTLlWxaz3QoMiih0wVeqtrDltb13ECAMGMFH0ybsadi8W5S/Yoy6SNC/7R4/wD,30,170,15.00,108.0,1039,108
3-6-3-13-1677162644,100034,52,16,30.77,DcixEYAwDARBSf6XLdn0ReJ6qIA66ICIZsgoBc9csHPYt+9+r/18pqgVQLhy08qm8OIUcC1EEdGsYeyjIzstqzJDrOXwiJFYdm8q8/gB,192,8,96.00,72.0,284,72
7-6-2-18-333006399,100051,52,14,26.92,DYu5EcJAEMD2/873uBZiCnIpJqEFmqIKmuAijUYjuc73eH0eT7kBgYAJBRRBSJg3lM3MKWibZEQ5R2U5YQmiZlorA8/D2y4bFkCs5q2PmDpmn7avNdx09UV4EMD39wc=,197,3,98.50,105.0,1594,105
3-8-1-10-522443187,100056,52,45,86.54,DchREcAgEAPRJFwO8FAXnamgOsAEJmquUrivN7vxzO/ft99rgRSBpkDISFQAViRrErRaT3LQWRbDPbH2AQ==,200,0,100.00,54.0,431,54
8-9-8-13-1897755796,100093,51,7,13.73,Fcw5FcJQFEXRN97/JqTgCRYSUIIF6hhImTaqCNWp9rHH7bjv7+38PomJhVjFHLArC64rxCMjKwzWWYm1rGKySjPaXNDUXZXt4kRTyUk8PMP6P9ZAYRcCvT4/,84,116,42.00,96.0,16662,96
9-2-4-24-491030752,400017,51,16,31.37,Dcq5GUFBFAbQ/26zvtlHByJ1ieRinx5UQweq4sRH76fP7XG5vs5fEINECQxjMhXH7D2BSEjZIC5ETfmIxesRvJr9Aw4qMdSaU2u9WmoZCsdCgB8wP4rW4spcZc2+xyZyYiIqs1rdq+P9/AE=,199,1,99.50,117.0,922,117
1-7-5-14-226202774,100088,51,24,47.06,DcqxDYAwDATAxP9+OwlTMAQzMBCjsAstO1EgOiJdedwXf597vY6tlFqLgag0d8WUlgDYuo0RXWB4k/eWQQsOJxWA5XxSSDRYlO/8AQ==,198,2,99.00,72.0,1876,72
8-2-2-13-2019653818,100080,51,29,56.86,BcFJEcJAAATAufZeZFEVAXnjAQtRETEowQYG6M7zcd3f3+d9HKAMIhYLwKqoKehuGTPuMsMFeJZN1bGk7cTcng1h6WtUvM4/,135,65,67.50,69.0,391,69
1-7-3-17-1039463391,100043,51,30,58.82,DcuxFcMgDATQ4zhJgMDPhefyAt7JTRbIWpkiZdr491/n9rru9/79fVAKwVIrRchErxYU5IQbIhrU5W2MkZm9zUlymQErlmFmpGcP6JkgjvUH,196,4,98.00,78.0,838,78
9-8-6-14-795548818,100028,51,12,23.53,YzHjWy35f+uVWvMHDIxMTEzMLKxsrOzsbBycnFwcXCyM3Ow8HJxsPDzcrAxAWW5eZgZ2VqA8IysXCzMvL1CIIX4tAA==,85,115,42.50,54.0,167,54
6-2-1-13-2061417132,100079,51,29,56.86,FctLFYRAEAPApJPpng8G0IQfVHBHFgY4rIH1sG/rXj62+7s/16kNJMAQINByUA1sWSY66QRqqJxzMcNzFeagYvR/qpSX3CrcE5/3Bw==,172,28,86.00,75.0,661,75
4-1-1-21-329539358,100066,51,5,9.8,Dcs5EQJAEATAmf3uf/BEYYAYEWSoQgKSiBDApV3V9rhcX5/79/d8gxBVgVJNSYoHj4VQFWYp5xLwkFxb6qPMqZViq4alJn2OglgN5/veLgqex7FXd7jhVv8=,30,170,15.00,93.0,2278,93
8-5-6-11-2126172693,100071,51,28,54.9,DcpLDYBADEXR9vVfghuChtGAAqwghAVykMOO2d2TXB3L8+7H+l0bMUMUah5ZRQ1LEKG9Ie2okhmYzjl6hqiWFkV4MKdZqgSZgc77Bw==,198,2,99.00,72.0,486,72
8-3-3-13-1267610684,100034,51,6,11.76,Dcq7EYAwDATRk06y/KMvJ6YJaqEOOiCiGTJKwTMbvVkb23e/1zifCVEQEKOuVBxJI0upoko264tKYkjASg1L68ja6IJAt8oejdkdx/4D,95,105,47.50,72.0,273,72
7-8-6-13-2076214399,100084,51,19,37.25,DYy7EQJBDMXs9fPfdEB9R04V18XlDCEl0A49sIo0CoTj9n7dv8/HeRERbxbJEiiRirmRYxezsMhEOIrLTCJcgnq8FJWzPd1GMN3JKGvltWTtSzRHzqgkshNFv88f,134,66,67.00,102.0,2879,102
6-9-5-12-1669361145,100026,51,13,25.49,YzHjkchXea937WM1AyMTMwszKxMbkGZkZmNk5+Bk4uJi4uZiZwOKMTOxMTEysgLFWLgZ2ThZGBg4mNlZGbkZti0EAA==,194,6,97.00,54.0,158,54
5-7-1-17-196685927,100079,51,22,43.14,DcxJAQIwEAPA7DabNj148UETflDBHz0oQAkeYAQM75fX9/Z5PtpGJFqwqC6OhETPJZd3kbZLweO1M3VqhqkRaEmM5Q70XWf+kwbh+v4B,120,80,60.00,75.0,660,75
8-5-2-14-1097127707,100055,51,34,66.67,BcG7EUJBDANAyZbP9n1o6w1DSi3URE5lZITs6nl7fT/XD487aC4ZPOBw+iAyvcrURcYUablc1tP2AjJOn2jXYmSNTdhJw5BVl+8pRWO8/w==,182,18,91.00,84.0,586,84
3-7-2-11-502670228,100010,51,34,66.67,Dci5DYAwEARA7936PvpBogBKcE4vREhUQkx9CEcjDdfl2O7zfcbVIACUneYWzCTACk4M7NHcKAGtLA2ImTfM3b8f,200,0,100.00,54.0,200,54
7-4-3-22-467428312,100094,51,18,35.29,Dca7FQJBCABAYOH2D/s1NvCZWYpV2ISdGFnXtaMTDb8u3/P6ub0fFZAIyQEjgzCCCAPhQYziHf2LQiAhplxq8qpmjh2CNcvdxlxDpx45JqUNPs6t3dVR1mq19RKc7SPA/fkD,161,39,80.50,99.0,532,99
9-4-3-11-1744641617,100059,51,14,27.45,FYvBDYAwDAOdOE3asAMPJD5dBiGxI2uxAhsQfrbvbOdyPPP2fVshIqpCIUCYtcreLJqHQhiusCiHcPMeI6Uemr2zaiqhyABHLeX/+L0+,100,100,50.00,81.0,792,81
3-7-2-21-2109807167,400013,51,6,11.76,Dcm5FQIxDAXAL1mSL3l90QgpndAAEY3wHsWQk1LYMunI83L7PK7f/L6DOAjUohFSLkKVGK6tGbQFYmlJiv43xiKpiVpoFQdx7sw+zDSDQFVpumLonDYOsLutg+NGZ++R1saijd/rBA==,112,88,56.00,108.0,2943,108
8-2-9-11-650497783,100079,51,27,52.94,FcgxAYBADATBXP6OzwcMoAk/qKDHDRZQQktNKLaY5Tafz3ofe1sM7t7MKgIG+aRCExzsMUQPmmUd80iGkDWnrsyQGED+5JBd7wc=,200,0,100.00,75.0,698,75
1-9-5-24-612064685,100084,51,9,17.65,DYy5EQIxDABtPZYsWX4upj7IqeKC64GcoQxqoQ48s9HO7NL9+Lxv3+fjfKUMSJgyIVNOUESr+UYBoVlEH+KzFQavI9aci6NHIBRS49K6F+GxTLXSlqKMeycVafdQSdCcANL1+wM=,53,147,26.50,102.0,4022,102
5-8-6-11-2133722576,100014,51,30,58.82,Dca5EYAwDARA3UmyHjIa8AwFmIw6KYWc5mCjtWs7at1zn4+AAEkoxdx8hDDcUv8OzdSwyk5FuXaZNzIi5D0/,198,2,99.00,54.0,116,54
6-5-2-21-722083188,100086,51,9,17.65,DcK5EcIwEADAO90vWdbnCpxCTGeENOJGqIg+8M7y+/gdj9d5Pb8AmJCQGYSUNVFSYVBGZL0TiCVld4UwyWW71z1aH6JS8sxc9j4QR9+3NPN0ALcgCyOPtZo7eK0Fw9sqYTkshRl8rj8=,109,91,54.50,117.0,2867,117
7-7-5-23-244305076,100070,51,10,19.61,Dci7AUIhDADAQCAEEh5/bHUALezdxDXcwmUcyU30ynOv0/17vl2e1w+AsQgOvQEHHgCtI48usIvpX5YFvVXOkoMoRgjk/VFqlNL6aCPxzMkcnZpdY+w9ePdS1LZ5LDHaZlBDYZSyalaSkHOrxPB4/wA=,152,48,76.00,117.0,1314,117
9-8-1-17-1306601695,100075,50,35,70,DYy7DYRADAVtv91n749aqAMRIpogIaMMoqvsGmI10gQTTDqW67+dv3t/RG0CgyRBJuke9AiWWmqll2CwzdgHI0RTxnBvME0BG613zwIVg9p8CaZlfT8=,200,0,100.00,84.0,5278,84
6-7-1-14-1153541593,100060,50,16,32,Dcq5EQJBDATAGUmjZ5cAyAIDDyyci+CqiILMCBLa7jgv3+vj87y/X6B5kDBleKGnSz6JzJqCm5xNATmjamkQXFth8w87K9mrxBVWYKfF9sFx+wE=,175,25,87.50,84.0,858,84
9-7-6-10-2052802561,100023,50,26,52,DcZBDYBADATA3Wu7bRGEFGTwRRFGsEBCcAP3mYyvy/ad9/XsL8BBw/CQZxjSoXmyMsWR6az2MlNI024hAkf9,199,1,99.50,54.0,215,54
8-5-5-15-297271659,100083,50,3,6,Fcu7DcMwDEXRx58kSiI9jbdw6crTBAgyRUbKQiktdxcXOHpt3/33Po//C8QQtVJlVSPvKE1GUWKaylbCDYYqPFNFACLmGo9IGT28e2s5AsLLUPKMyLXME/S5AQ==,112,88,56.00,90.0,660,90
6-1-7-21-840771570,400014,50,12,24,FcrLEUIxCABAviEvQMCKvFiNYwm24M2yLMUKvOi455Xb6fr+PL+v+wWQWEhBhsKwMckED1vG6mGRu2BpEHG0CqNNnju7zOKfqjEQFgG5bnMH6lwdLRXsnWAHJmX3qnKBgMf5Bw==,100,100,50.00,108.0,3122,108
8-2-5-17-1614434137,100034,50,20,40,Dca5AcMwDANAEqAE/V5LjcfKHNnAlZdJl1Hsqy728b9+3/25T3OQAbgz0RHZlKk3KtVbZx4x1GZgLadXCsOk0qvPhcmWCnqSwmw/,64,136,32.00,72.0,167,72
9-2-5-24-1950128113,100064,50,4,8,Dca7AQIhDADQJCQkwPEJ4AR27mHnSjqIa+h4V+irHr8un+d4P763ExCBAkvUf5RJSDQAxUAcLBHncjASRUEstWXh3McRVboDSHNDb32mqMVaW8tqEwAIwHr4qF05rt2rTUWru25XTrP7CCiABAjX+w8=,108,92,54.00,126.0,1738,126
5-9-9-17-267511108,100092,50,39,78,BcFZAYQwFAPApHfa1wMH/cANfnCBBpSgY+3sTLiO+Nv3t98TAB1IH2LKRbUZYRSCYlE3JBt9lOSr9Tm8M6fIADaZca6lSq2pnJsBz/4D,194,6,97.00,75.0,206,75
1-4-1-12-512498699,100072,50,40,80,DcpREYAgEATQPVhu4XCcMRFJ9M8IRjGAEUxhLfl+j2M5n/e77nWDIVnKmYQVehZRBJICKCWvaOHO0BRX81p6RW/zhzpw7D8=,199,1,99.50,63.0,642,63
1-1-2-25-1073460026,100094,50,14,28,Fce5AQFBFADQuXbn3n/NJRNIVSXUgE5EilGFdvCy526n1+f8vDyuVWmjjXVq2702IUab3D97ziWXWuKRbPAekBhYgECo1ta2Rn0wTVlTgBmnhONIIPjLGtQRO4zFxIQE6v7+Ag==,193,7,96.50,99.0,694,99
4-1-2-24-1366678507,100051,50,15,30,Dcw3AQIwEADA7+n5NJQwI4aRCR2wYAGpcAJOHpdPf3+vN3kBAhELk6iZBkAmEoQYk2IwlRAyl5QYa+uBxWNA8qyjKNQyZ1uw21nF/4kVRB8ZoJ65F3A/owv6LkxuBs/7Dw==,141,59,70.50,105.0,1438,105
5-2-2-14-433198430,100076,50,9,18,FcexAcJACAXQD3zCHQc2qV3BOTJDWivncxMHyCzq6x7P23Xfr8/j9YSomIGi5r4FNMYMU6HNGP8PT1Io0FzGaqILFlPlJx3M6mVerdJFW12Z2FwU7+ML,196,4,98.00,90.0,697,90
6-1-3-22-2042625388,100086,50,7,14,Fcm5DUIxEADRvdf2+oYKSCGmM5qhB2IqQrTBJxk9aeRx+pyv98vz9gYkFlYzdUdydXZTIiY+QO6EBshM/yqkTFAwpDbpipKzYZSWXFMrSSzHUJw+feXlc7eIViGVY/UdbY++ctFqA76vHw==,151,49,75.50,117.0,1394,117
9-1-5-15-1719561082,200007,50,22,44,Dcq7EYBACEVR4MHysRJTA2e2DfsxsjYTY2uwDklucq7O5Tye61v3m1hECGCIqgibAcMjAHPPbjUrmY4K4kwmq8H90rv9,200,0,100.00,57.0,217,57
3-1-3-21-471012660,100089,50,12,24,Fc2xEYIhDEDhEJKfEEIgWDmK5wSu4xDauamFpZ1494qve3Q/3b7P6+X8ekNCwEx8cAZGSlSKVG3arHfz4TPWUPFYHuGmprvj70hSDzQgi+kWTjBQqyQtgImAGyFnlp6zyQbSZKA9W/D4/AA=,145,55,72.50,114.0,1667,114
4-4-1-24-1472652056,100061,50,13,26,Dce5EQIxDABAfZZsSz5/1EjCUAYhTRAxQw9UAf3AZivn0/1z/b4etycgMSGBAKAkNWPOzKViKrn+X9HDyIuKokpyonZwH32Mhu2YhhaeVEkQRFeEU99zLbIdvtWOSNMywOX9Aw==,200,0,100.00,102.0,996,102
7-9-8-21-477758350,400011,50,30,60,BcG7FQIgDABACAkhhED4WLuTpbO4g3tpYec4Pu/wfrni5/d6fm8hQkhImRhKgQySSKo2UuvMFIeCz9VpzlZEtllkhyw2cIdkBAC4KqmKHh7ndPe2jd1p1fB+/AE=,199,1,99.50,90.0,434,90
1-7-5-19-1663638642,100058,50,32,64,Dcq7EYQwDEVRW3r62LJNQh0ktMLQBgVRAdnWs52Q4ezOmYtjudf32c7fP6WciRmSlZDM2Y1LVQEomngYhQKVzPsgG91YI+ZEokwyIzBa8S4ojXV6daRr/wA=,194,6,97.00,84.0,1416,84
8-3-7-17-1299869705,100050,50,27,54,Dcq5EYAwDARASfbZ558WaIKUDsgIKI0ZArqhLbzx+mM5t/W74v6IiqqZOQ+EGI1C0aQ5uVJCqKWxi7c5ZE5RwA1ksseGwWrqjSBazewYSe73Bw==,174,26,87.00,78.0,899,78
1-2-2-22-1765490901,100067,50,11,22,DctJFUJBDAXRHpOX9DywQRoS8IASvg6EIAQN9KnN3VR43D7X94n372Wsdd6YEK0njgHivKijA06UU1agSKyt8xhUZp2QiaUdOdGpV1JdLLttAdoqJFuUx5nNdf8D,181,19,90.50,90.0,1714,90
7-6-2-16-926545235,100051,50,2,4,BcE3AUJREATAvRxe+l6oEUSFDmiwgEgEMKOP67Pf39tdXyAQQ0gFTGbKBPbgzCoqVZi6ezncM5qtQiDpI+eEz1qdnLUjioxsH+gQRK51miuORKJHcPcm/J5/,165,35,82.50,105.0,1431,105
2-6-4-15-1661721967,100004,50,27,54,DcixFYAgDAXAhHx+CKATMYSNIziHeziWz9rCSeTKw1ieb7vPd91l0mQQIBudhUXEyQySMJsflqWGptq0td7DUu0Ooshx/Q==,196,4,98.00,60.0,244,60
6-5-1-10-253120028,100008,50,30,60,Y9HikF5it/it5dZKBkZGRiZmFhZWBlYWRgY2IIediYmFhYWJmYGdlZ2FgYGFkY2JmZENKPnjAQA=,200,0,100.00,42.0,118,42
6-4-6-15-916044473,100031,50,15,30,BcHRDYAgDAXA11KgLRR+TUz8dgjnM6ziQE7iAt7JNb/9fp9jLYA4SebCNWVlU/NWulpEZCQUUVLj3pws6hhSB7x1Dgsozu0H,200,0,100.00,60.0,131,60
9-9-7-14-279333246,100076,50,21,42,BcE3AYMAEADA7/1ZmLEQQVkzYTcC0MKdfI/nOp//5/4BErKgMKh5uERqWZVDZ09wWPQ6KImyacAm4Q6yGogQdpHvjKFmp28rVs4saxHCnS8=,192,8,96.00,90.0,638,90
6-5-5-17-863969012,100071,49,6,12.24,DcVLFYUwDAXApE1z00/a4oWDBlYIwBFSnoanAjnsYDYj+/K7t9OfayUOFCUpDJlLbQ71RtXNei1pjC7SB1GDsoZoAGzOr8kxeM7qibmQOv2PFw==,86,114,43.00,72.0,273,72
1-4-2-15-706829815,100047,49,27,55.1,DchJEYAwEATAnWT2SoIFBCAABTyoQgZvzOADX8iAZzf3aX3vc3mOWSCl1kotKEJTNcIj3ZUWQTeEZmvp+IPJ3kdP+wFT+BgtNcJgsl0f,166,34,83.00,72.0,1497,72
7-4-6-16-804180642,100058,49,14,28.57,BcFJEcMwDAXQL8mLFsvOITNhETSZsiqCIuiteMokt7xXru2z39/z9fsDBBamgiqtq7lpeADCrDYsFRq9D7JphqU6hUwlY3AUJ9JI9sxZ3S0Fa7VaGo73Aw==,111,89,55.50,84.0,508,84
7-4-3-24-1086837219,100065,49,10,20.41,Dcy5EQIxDABAWbL8/y+NUAtN0AlDY0RHGwwFEHLZRivvl/f387o+Hz8QApEI8IRkwaRAG+s8hJg8MmepAUttnXHMlTYqxr2JRE5l9sgi9lm2Js4bNkqVgx0mU13NZTJtVfBu2HDGIOB2/AE=,49,151,24.50,108.0,1049,108
3-2-1-21-835275895,100070,49,2,4.08,DcpJAQIxDADAXE2TptsTASAAHihBADYQhiScLPMe+Vyev+vj9r5/AZCYJAmqqiRizGTA6JagSIRyrg75YODyD4eKiTTUlGofxSk8QdXZZTCW4XX2tnIs3JtWkHmDwkg5ZqkV2eDYRhle7QQ=,33,167,16.50,117.0,1612,117
7-9-7-21-440212077,100094,49,16,32.65,Dca7AQIxCADQfOASCAHysbewdSqXcBMrd7KzvVH0VQ8el/f3+ro97z3ElFOOMSXAo/xXK+UMULkVocwlHgeFribq5myOEgMKkjPAmLrGFl6jYRKEvpybb9VtCrMTmE2C8Dl/,186,14,93.00,99.0,582,99
8-7-1-13-227959668,100033,49,28,57.14,BcExAYBADAPApG36LRLQggBc4OBX7KACKYz4YOMutuU65/097w4CNJqHkBioQWeBoUSWkpKrmDILlXsTyuoebob1+AE=,194,6,97.00,60.0,271,60
3-5-8-24-186018484,400013,49,17,34.69,Dci3AQIxDABAOWe9gm06dqBlExagYhSG+RqWgyvPvy7383n7lvcDjHUeQrQOUi61RRfBBdtHsK4PNNbXXFw6jkQlV8/WjN4ESeFAVBZiUGZuOIn0H7iISIQEtwqq6GaZU3mvJfC5/gA=,199,1,99.50,108.0,6472,108
5-3-8-11-448740332,100034,49,7,14.29,Fcq5EYAwDARAPSfZJxpzQlnUQUZIRDNkzNAIJt1ZjOU5731s1ypqDo1s2RnmpdbTg1ICsMJJ04aUKVWsZFMXsTmA/yQqrLvK8X4=,174,26,87.00,72.0,346,72
7-7-6-17-1790189908,200024,49,10,20.41,BcFJFYRADAXAJP17STq9YAUJnDgjAAEoGQUjDB1Y4D2qsC+/836P7foTC4sEUEy5KIlyYRJjAQFRqxVvxG7ae47NBlpIfQavPkwzpk4byb3Ss34=,102,98,51.00,72.0,163,72
2-2-1-12-1797182768,100059,49,26,53.06,FYlLEYBADEPTpp/dBQ0cmOGCGQaV2EECBvBAuSQvL3bOx7Nfsa0LRESVJmYglG4CK4Ao6xJDOBNCerU3Rq+RPTQ92mi/HelTn3pExcB7fw==,195,5,97.50,81.0,754,81
5-2-8-18-1291070703,100097,49,15,30.61,DcoxFcMwDEVR25JsfVuSA6RwSiAQsmUOrRAIjALoKYb6DXd6/N5+5/d1PPsn5UIslZsKug7m0sUSkZuFAwi4RxRtmZtkUh1ERrMufFqsKhxzTZ4wRDuE0339AQ==,184,16,92.00,84.0,475,84
4-3-1-11-1521140145,100058,49,8,16.33,Fcm7EcJAEATRmdnf3eIqDkWjUjzKgwjwiIcqAsHjZPZrPx7P7ffaz/cHBGUGZ4iKNHekLwiroZqxDlgMn82Yo6C+i2ZKo0dD2TWATtETHcL1/QM=,200,0,100.00,84.0,1384,84
1-4-2-24-1276029532,100067,49,2,4.08,DchJAQIxEATAHHP15Nok2MIAEvCAEtDBAxkIQQP7qUfR7fJ+fe/2/D1CiCnmHChllhTVAHdV8kIEWG3cx2EC6OmYsgqvuhrYhYiUlL1t9Gn7sCJ7cvXRcb6Gz/UP,2,198,1.00,90.0,2309,90
7-2-3-21-2138300448,100070,49,2,4.08,Dc1JEQIxEADAuXMnkwQBIAAeuMADNhCGEjSsE7ZaQMvn8jyuj9v7/gUkBhI4obKBkSEjmSEQGYkEVYspM5dqKqANekoDPM4yi0OcC7mtoWTBt5ayt3uikFZDQZEKpNRz8pI7ICuPeoa/1x8=,62,138,31.00,117.0,2239,117
5-7-5-24-2079209193,100089,49,5,10.2,BcG5EQIxDABA+ZPkVz6/UApDBbRDE2TXKQEhQ8KufV4e39f9dj3foLSxDgmB2PtAGimmzCUJIVcsR2mRakcqUnsZKc650sI9gDmxaFM58jykVaeljk1K6RCztwTexWNzwZWlgwe0PrWgDXx+fw==,78,122,39.00,114.0,908,114
3-6-1-11-1438901659,200003,49,18,36.73,Y9HiNDo2L70p+KILAyMTMwsLCysbOwMDCwsDO5DDwMwMpNgZGNmYWDnYgUwOViY2Rg6Gv3cB,198,2,99.00,42.0,85,42
8-7-8-14-1290589651,100020,49,12,24.49,BcHBEYAgDATAhMtBEsCiHHuxHVvxYw1+pSJ3bd+Oc63n5idaYABYRakNbtGSVdEJUU9kadGTqUOmOyPEy+wWOVDnkHC53h8=,65,135,32.50,66.0,141,66
7-7-7-16-1378250983,100090,49,3,6.12,DcaxDUIxDAVA+9uxX+KXhIaKIViBFRgPiTWQaBiDfeCq8/vpdf1enufbQ/Qw8RZ5aNq/4oE+ykOHm3WwyrxVTc1oMVxUUgkCnYsZ2CSKm9gzMdeS9+cH,46,154,23.00,81.0,551,81
8-2-1-20-858552635,100066,49,6,12.24,FYq5FQIxEMXm+H9823RDA3RAvEVsRkHElEBJRBSAySQ94bjcHu/753u+RM0NpsYA3LgtoLtSwpA2CcMRoKuS/zeX6iIeLTdp0skYsy/UWnoeKc011cPGKiHP6w8=,109,91,54.50,93.0,1100,93
4-2-3-17-1768331550,100069,49,4,8.16,DYzNEYIxCAUh4SdACPmO9mMbVuDowWqsy4rM273tzKPPdX9cX3vffoCHY+uArRF3EUQdOgTMBXkQnmQBYu4s0zJW1YZGZpZMO2N3kOFbBSbh2ei6p5bzisjF3XdWUWWYNju/z9cf,9,191,4.50,114.0,1359,114
5-9-6-14-1190575109,100023,49,26,53.06,BcFLEYAwDAXAvDZp8ytyKgUZaOKCCK5YYIbBDezyXNbvuK9newmlgiG1dbUqDlCLbKXYCCdxF3gOY+ldFSwjA3A69x8=,200,0,100.00,54.0,126,54
3-3-1-17-2052092492,100092,49,15,30.61,BcFZAQIxFAPAHkmT1xMJ+4Eb0IMdlKBj7TCD14P39fld32fKpYJNBOjoljXm2pGQjsLnNA/XBceWyAwOrFykTsbcRnWf0cCidL//,152,48,76.00,75.0,203,75
9-2-4-16-789478034,100041,49,17,34.69,BcHHEcJAEATAMXtmzxCFEpFepEQuZElJb7rj/fqa1/07TlC0EIZZSiBUW6dzlFqzdUdOAh4JI5dHKNRBUm1OiXttr53C8/kD,175,25,87.50,72.0,349,72
7-3-3-12-1615344384,100028,49,13,26.53,FctBEYAwDATAu0vatA0GMALq+GCHNxZQgACcwLD/9WU65ve8t/UBCEGSQV6oKoHhrY9s0UnCkqy9eNQxTKXlX/brAw==,55,145,27.50,54.0,213,54
6-2-2-18-1673336504,100043,49,17,34.69,Dcm5EYNQDAVAPenp31dlNOAmXIkTN0BbtEBCSArZziy39f/89nXdhwBQI+kexF4rGJksSwFRQ+uVY8Ccb9JVdNDpPURthTPNbHlKK6jSY5Lv+QA=,160,40,80.00,78.0,390,78
6-4-1-14-1301522357,100078,49,18,36.73,HcupEYBAEAXROf5cu6RCJhjAEwWWGMiRNDBsIbqeaqzT+V7HPt8LsSgDfyJkHmmVUWji4D7QNGGqSiH1UKNEQ8FZWYLCxlfsagjv2Zme7QM=,183,17,91.50,81.0,1302,81
8-2-4-9-327632338,200010,49,44,89.8,DYqxEYBADMNsJ/mEkSgoWY1F2OI3oGIGxqCCNJZOZ1+X/d3O+/kugCKhZptBzhjI0a23mOFZlkSEKEWflFHmOOYP,200,0,100.00,57.0,323,57
9-2-8-13-929341930,200013,49,25,51.02,DcixEYQwEANAW9LpfCb8dn6GKmiFKkgohpwm6Ac2XK3Lmdvvvx9P66AUDtnI0TxkJiPIKgIVTgypWX0CJsWa/h6zutp9vQ==,200,0,100.00,63.0,306,63
9-3-7-11-1659848677,200004,49,4,8.16,BcE7FYBADATAfDa3SXjQoOF6PFKjAUUIoEELMziWb677db6bqKnDEY5BJbMAkqYcCisNDkp2u5d0hstz/w==,182,18,91.00,48.0,153,48
6-8-1-18-1776386068,100055,49,19,38.78,DcjBEcMwCATAA05IgJQmXEwm469rcAluzJX5l2eyz+Xxup77/cX+gUDNhDBAm3cODbfkiF7B3iXozlnV1EUz3DPr/zUlwtaa4QMrkwS8mYSicG4/,187,13,93.50,84.0,657,84
6-5-1-20-1960435117,100086,48,14,29.17,Fcm7DUIxDABAO/47iRMkWhpaqNmMZViEfZDYA1530vHz9D3fHtfX/Q3YqAESCyCrHm4koAjM3P7HSozGQI7iHkkpXW1M06ZeDHMsU7E9JklFuXkL67HMZ2Qvh9w7tarnnLa8Y8eAz+UH,177,23,88.50,117.0,1950,117
1-1-1-20-941132065,100069,48,9,18.75,DcrLFQIxCABAIARCCJvfXuzHGrzZgger8WJTVuQe573h93l/zo+9bj9ApATMiBmSKBcEATMV5mo55yIZSLylbCHHwX1MLeGy1h4R5JdDkazPetCc4iSrtDZsN9W+W4T3vkeLuq9Zthf4Pv4=,174,26,87.00,114.0,1583,114
4-4-4-13-1816371419,200010,48,31,64.58,BcGxAYAgDATADyRPIHEgC0ontXURKmdwDCu903073nnez7cgBVLV2NxJN7fulRSOQpr0ClNIj2glcwxtGRQ4DOv6AQ==,200,0,100.00,57.0,279,57
9-6-8-9-1757761032,100081,48,25,52.08,FYvJDYQADMRmckxCB3RBCXz3s00hWqQBCkGElyVbjt+yPtfx308CpDlgEUl6SlblqjZltVQx6E65TwDxlblGzAlGkAwA9/YC,197,3,98.50,72.0,1574,72
1-1-1-18-514859016,100070,48,25,52.08,DYrLrQIwDMDSNL+madoyAQwAByZgENZAYi1Gepu8Sj5Ylulzef5dH7f3/QdQEGqtRMAFEY4LE5NasQLVpBmjUvOucULrDiSjiXrOEav17cYyt6BGrlN2ZKzSR7py7r0Whs+Yh9Ht7DnM4Pv6Bw==,190,10,95.00,117.0,1443,117
5-8-9-12-1194735763,100038,48,29,60.42,BcFZAUBQFAXAc/dNEAlkeSUF8C2BACLoYEaP7d79vVaeIIaoeSSFVNeMUHsReZXEjHIOhABrWIRMVLLi+X4=,200,0,100.00,54.0,114,54
3-2-5-10-1251879022,100047,48,13,27.08,DclBFYBQCETRAQY+GMGFAQxghn+OMWxkBdf2MoYs73ucy/Hd1/6eG0QNUKN7DMkMkqYtVnl1J6QqmBCHlUfDachUDHFG9VIZeNYf,135,65,67.50,72.0,1423,72
3-5-8-24-594712868,400013,48,11,22.92,BcG3AQIxDABAyTlKcpCpGIKWTViAilEY5nuW4859bs/r/fjl7wvQWAfgDQaIKRsIxXjwtSF224i5upgEx8CRoqssplnT5+S8aNFW0VyENRDNWWSvtRezcJd9SEjWPqp70qSjDPf8Bw==,144,56,72.00,108.0,4752,108
7-2-4-22-550346849,400017,48,7,14.58,Fcg5FUJBDADAbK49f7IXDqjQRUVPjQl8IAAHqAKqeW/4fnrfHpfr8/yBgMRIhCIKrAQciBVVQH/yvwVi0hwQoVTAWhK1zHQY8WHNu4v1QyOkXGoYNiaPCcENw1o2Y+tjjr129z7EXWbfE/brCw==,197,3,98.50,117.0,1164,117
5-4-1-23-1097359875,400012,48,19,39.58,BcFHDQJAEADALbfteuGBAGSAGJ4kSCHYww4z6X153K+f3+v2BSTiJALK5hGGwjlbgEjJtWGr2Nz78DJIhYFoZjJF7kVx7d1KGX2f1koFV5OUI/GxKboO8LQlORyZzRAD+PkH,199,1,99.50,108.0,1165,108
8-4-2-22-1068466910,100064,48,1,2.08,BcHHAQFAEADAzbeXoybUoiUK0Qa9efAwI4/L6z6et/f1B4jEKIoWCAw8MAkKEmgAEGNC0xggmWdOwUplLNoKdiOlMa1VXmzeMq8uUSdB9k4orezBp9RY5w75FF9bpLZW88EhSRVBs8Pn+wc=,147,53,73.50,126.0,1956,126
8-8-7-18-303925069,100065,48,5,10.42,DcnLEQIhDADQ/CBASAjbhQXYlZ3s2Jg323AswKN7ezNPHsf7+3ndn+cPkFgK1yKlEBDWqu1iVyQYZtra7M6gPRYZ4xhhlq12byygMrcSG449pvpa29d1/UKVDFeEnRFbM2N4wu38Aw==,136,64,68.00,108.0,990,108
4-2-2-19-1958644992,100064,48,5,10.42,Dc1JAQIxEATAnjP3ZhJeWEALlkAINkAXCniwZaD0eXk/4nX/3H4AsYiauQuMWMGkCoG7JzHkYs4p1ULWSqvMNfWhVlpJyMcM1b4aOec1u9PuPQMldkbrK46hNN1iGgtJrHlOY60ZjfOxEwjf6x8=,160,40,80.00,126.0,3287,126
6-9-3-15-1870534123,100013,48,10,20.83,BcFJEYBADATAyZ3sgRGemKCKF54QhANcYAMLdOu+fNu7+n1eIBaouQEIRmYAJUXwMuIya9wj22hWNDnZkUoiij5jjqhOITKQOJ4f,200,0,100.00,72.0,265,72
8-8-4-18-1456468593,100063,48,19,39.58,FcW5DQIxEADA9f6PfbbpiojwUiS6IaM5ImqgBsQkw4/L5329nffXExoicUMRtf8M6E0lBNKQDLCc3CPCuiUMY8KDqJWqeI8Y/bCyymmLi/cmmNPbXqikK4fkUQnn9wc=,191,9,95.50,99.0,1083,99
8-9-1-14-1489652375,100004,48,29,60.42,DcqxDYAwDARA2//Jx0FiIoagyTysiCJqCiYh5UnHY3u+c17vPswDAIvVSpFSC5iXyuypoBbQDAE3luyir9PlEQ027x8=,200,0,100.00,60.0,220,60
7-6-6-18-371643148,100069,48,12,25,FcFJEQIwDADApLl7pA0/lGAADfywwAM16EIRwy6/L/dnfeJ1/cIfIjagBixqpEAewgTivTU2673FwDZXoM4cbHtnP8X7FPg8S2bvsbeQloAqGkU6l48517F1PFftHHVyrBgAj9sP,108,92,54.00,114.0,1070,114
5-4-3-15-740697988,200010,48,17,35.42,Y7Hkd/1pu/j8w/8nGRgYGRmYmFlY2dg5OFm5WLhYOJi5uHnYeXl5+HhZmDlYGBkYWBiZuNlYGfg4OfnYedi4mYBCQCQZAAA=,196,4,98.00,57.0,172,57
8-8-5-18-893852440,100092,47,23,48.94,DctLFYAgFAVAkMv78TcBC9vYxzoeg5jDOjL7wbnHb17vvA/ntwBEYoCJRE055WJWfesdzhXBiFSF1MApjZKrjXXC1ohgK7JCO2luTp4f,192,8,96.00,75.0,177,75
7-6-2-18-1687918530,100066,47,8,17.02,FcNJEQJBDAXQ5CedrbcRhQPOI2JuSEEFEpDECQEUr+rpedwe7/vne72IGACLgFnoHxAlaqoiRuaRbGW9Mswz3aQSw2JqD0nzoumlAW0xFmjvuXnV6L64GT3xAw==,57,143,28.50,93.0,1353,93
2-8-3-12-1321326308,100074,47,25,53.19,BcFBAYAwDAPALk3WrvhBA5KQMRl8McADFUhAAy/uuC73eXzbe01rcEJij0wxu0iBwFDmiPIGmFQAR6lnGNncnv0H,200,0,100.00,54.0,210,54
7-9-6-16-996441935,200053,47,22,46.81,BcHBFYQgDAXAJCQfCAR8VmU7FmIh9uHdm29b2Cp0Rrflv/7O+3oPImJhTmoCEeTC1Slx65RULKK2MXy0mGRgAGbhXtXRTXqeEaV4ngDtzwc=,174,26,87.00,72.0,240,72
5-6-3-14-516617829,100041,47,7,14.89,Dcq5EYAwDARAPb6T5YcqaAQiiqQ6WmBIGdh4y7Gcrvtzr5uomasU0BEMA1CDkqQTULaexQXZm3GMYP57mojG/4b6zKx9tiLv9QE=,81,119,40.50,72.0,287,72
8-8-1-14-752168202,200012,47,17,36.17,Fck7FYAwEATA3dzeJ6FFACoQFh8oQAwm6JCBAR7TjvZlvc95bO8FgkQzk0eQblnqA1Wt0cz/rpJUvUPDAEbmQDwf,135,65,67.50,54.0,151,54
6-4-4-24-1038575677,100061,47,11,23.4,BcG3EQIxEADAM9LLn7xEhWSUQUgTRMx8O9ALEcOuul4e79vnfN5fAIBIhMRKH2iAjHXIPkRMSTJoiOWoAYA9Vfa5cJLmVR9zuSDKZVN181g8YQS7RQ7qe65Ba0vrmWbOwyLD7/sH,52,148,26.00,102.0,616,102
4-1-5-12-1329319934,100040,47,6,12.77,DcYxAYBADAPAtt+kDTNCWHDAjgJkIIoZPxjABNx0uUzPtu7veR/m4WNEIlj8i04PiXJAymo0jWSFE5TZNX8=,175,25,87.50,48.0,397,48
7-6-4-13-569203804,100079,47,22,46.81,DcvBAYNACARAloODPbAAa7Ifq/BvWRaSpIf4mtfYsd2//bnO0QJAMVRVzN2BGWlp6i+gkLq82JXWjKZEVb6rhrMtpHMVA2tyQr6fPw==,180,20,90.00,75.0,554,75
8-5-9-16-522563735,100013,47,8,17.02,BcFJAYAwDATAtJvtlbTFB09M8EUFRnihBjXYwAIzui/f9q7pOS4JEaLKhFxqA40mDnhD0O6ka6+JY3KIdVpAK+qCqCPlWTOnR5hYkfP+AQ==,89,111,44.50,72.0,202,72
1-7-9-19-1748034012,100058,47,27,57.45,BcG5FYMwEAVA6e/XXjpIqIMCSGjCz825Ameux52QMcPX9tnv7/H+/UupEKCSTYqoiQciCemio6olwknC3LT7mImmc1lSogvdI1rmHCE0XwhdHl7O6wE=,198,2,99.00,84.0,1131,84
8-1-5-20-1692658084,100084,46,10,21.74,Dcq5EQJBDATA0buS9rsAiA98PDIgC2wowiAwzuyq1uvx/Vx+99vzBRCTqBhDmeHmClU0ViGPJCrpkiZwcj5zDUZwUwmfaxL2HLKXWdMKql1rZPbOWT0tep5AqODx/gM=,168,32,84.00,102.0,3470,102
8-5-8-15-1897609658,100094,46,6,13.04,Dco5EQJBEADA+b+dWSwQkKLqTJwTIsxgAh8o4MKuajlu7+/99TifA0gMKEBqTpGYrCULG9xiLvdGdi8otLDQcQlzWVJDrlfiiISw5BHdWt02VODECIO92nLD7/MH,146,54,73.00,99.0,587,99
7-1-4-25-1182245449,100086,46,6,13.04,DcvJEcIwDABAnZbtWPKVCvKFN53RDI1QEX2Q786svM/f+Xhdn+cXkBiYCEEARZk1mYgiKUEiRhPNSKmoYbWjmed6xFFbbyCptybeA1ljTAe7lViJS6zess+dXHCsPRLHXgGlT7+fAvgf,21,179,10.50,117.0,1928,117
9-7-3-15-476958867,100057,46,32,69.57,BcFJAQIxEATAPiaZnBhZnojY3xqDH0JQgCBUUBXn7fG6ju/z/gYoE7IdRax2yZbu6ciMEaq952wrSluLY0SVQWKCW9rkBIQt/D5/,200,0,100.00,72.0,733,72
9-8-9-15-1151273963,100065,46,9,19.57,Dci7EQIxDAXAJ1myLOtDNXRFJ8xVcp2QMXTBUAAhbLhyuzw/78f1uH8BEA/RScMWhMz3co25bS214MyqbrP5Hw/l7iqu8sG5dOcYZeFBUllMEJDEbKDXnkTbtBPtDcIQ4Hz9AA==,176,24,88.00,108.0,1730,108
2-1-1-17-653189170,100086,46,13,28.26,Fc27DQJBDABR/3d93rONRAWkENMZzdAINEQVJBzZ6CUjj9PnfL1fnrcXIBEBC6kKoCAi6NGkgGgMNqZOM+bhPnyzsOnb2saaO4hn7FoRSRS+Wv8qAERS1QxVmY1SnS0YayXw6CnHDr7vHw==,163,37,81.50,117.0,2421,117
7-2-4-22-648256632,400017,46,7,15.22,DcipAQIxEADAffPvJZuEDlDUhUKDpgm6oQOq4syIkdfl+3jf7p/rD5AYhVgIGUhZTxACASiq0LmiISbMRQVjxdCsSQzCRwfJiYsdOo7s4G6zhWnWtTnwauxj19DS2KXPPWzWQWuIz7nAnn8=,117,83,58.50,117.0,1143,117
4-3-5-10-2112999450,100090,46,7,15.22,Dcs7EYQAEATR2f8sORESLjgLWEAeVdhAChFm2Lhf+7Hc/2e71v0EBFAxD3GkuGmxMpzSJbBwUL1ycgIDhndGUZXUoM+gZlXdNSe78Xs/,143,57,71.50,81.0,1066,81
7-8-4-13-698314584,100041,46,30,65.22,DcHJFUBAEAXA3/syIwuJcBKkYEQjAc+dKj2WU2h/n3UDEdOPSViNPEjAyGoTH5UiagFONXdXqwwM4RioVo1ZlTZ9Rieu+wM=,198,2,99.00,72.0,297,72
8-2-4-17-804518005,100083,46,17,36.96,Dcy5FcJADAVAHV/Sak+aoQtCIlfj9yiDkkgpxoEDewoYbI/v8/d5v46dmEShZsoQOIKELYzBFJACztoyopFSV+NKJo2gPiKdJUf1Xqbex3LGUllzSvbiI+l/Xg==,199,1,99.50,90.0,792,90
7-3-4-16-582596005,100063,46,3,6.52,Fcq5EUIxDABR3bZkSaYtIkJSZuiGjFrohYhe4LPpW7mfPu/z5Xp7PgCJj0iIkNSGwHRAYQSM5UBZLeisIKC1jQA7KtUXWf4/Fc+5bUUN6miehwZ3pfiwbYKt8Pr+AA==,173,27,86.50,99.0,1149,99
8-4-6-14-316758293,200053,46,11,23.91,DcoxFYAwDAXAn5+0TdOWARVIYcAaQvDBzooFVADrvbN1eub7uM53h1AIqoolYS5uLEVqtI7RI/0MpaJieM8m8WdnWG3ZklM0HI4RDdvyAQ==,97,103,48.50,72.0,218,72
1-7-7-18-1596748723,100061,46,30,65.22,DcfLDQJBDARRe6fb49+QzObEAYkwOJIEJyTSgXyYQ0n1cL08v/ff5/V4ix5jHKAZVTcAiqkIJ4UOj5EVRgqIsl46dxUe4bOz07wg1WpinRnV1r6i4Wtt1X4vhZy3Pw==,199,1,99.50,102.0,1692,102
9-2-6-18-581832039,100096,46,12,26.09,Fci7EcJADAXAp++dLEvnyB2QkXnGhVABIfVSEcOGq+/jvM/n9/H6gFhUYGwwIWL1MWPLXfdq33KOmJ6tZDH8/8QOXg3xYiQThIxMKlhXVQs6ss1WCZMpBOv6AQ==,146,54,73.00,96.0,1893,96
2-5-5-10-25274582,100002,46,16,34.78,Y1HntDrKMfF9W+RuBkYmZhZWVjYgYGHnYGZmYGZn5GBjYWNjZmZlZmZiY2TiYGNnZmCIuwwA,200,0,100.00,39.0,83,39
3-9-8-16-1984730065,100050,46,21,45.65,DcqxFQIhEATQgYUZYHe5Gkwt4NLrwMzA1nz2Y1v6498ex/O8fV+6PijVrHVSYxqGFljWaEaPECxcSWtrFnRMq3DFljEjnKwG9EzlFv0/N+7vHw==,160,40,80.00,78.0,1153,78
8-6-8-16-610133453,100076,46,13,28.26,BcG7FcIwDABA/SXLspz3qFkhu6SlpWJRBmCAzMKdvI77+bh/5+cNSMSAwqLmRDEwWeZQg0nBajF1RPmyAktuxOrkMl8rPEvLzZp2d6eAiwDuqh2mWXB9/w==,102,98,51.00,90.0,521,90
8-9-3-9-2053470073,100072,46,34,73.91,HYpBEYBADMTa2922fJhBEWoYFCAFAUhAxdmiQ55JuC/H887rXjczb8YAYE6QIsKlbEPlX6UeilBZpLVGn2LUgJ3zAw==,200,0,100.00,63.0,481,63
1-8-5-20-1009741351,400014,46,21,45.65,FchLFQIxDADApGnza5IWT6yZfUhABlpQgRQUcIHHHKffLuf78/i+7lfARn30TswCbSiLKiKyEI9mCi5KhjyFIqEqOP9VIBiTHQUX7s3LSCHnCjKrTCeSSo/tYanp6l4ACc/jBw==,199,1,99.50,108.0,5462,108
8-2-4-11-1536943368,100040,46,22,47.83,YzHguudi6v+6dHMsAwMjIxMDE4gCAiZmJhYGVjYWdkYWsCgrBycnJwsLOzMbAysLGwcHOzPDNxEA,200,0,100.00,48.0,212,48
7-9-8-17-1940718550,100086,46,1,2.17,DczLDQIxDABRx/EnjmPHK1EBVzjTGc3QAgVQET1wZG8jPWnoeXwvt8f1df9AQ+xAgNTpLOLGIq2xdhjWkafK9GWRew23tcKj1nTfKqo7TowwrsoqlvQhdk7GmMLIa+9szJUMzXIPYvcpCAq/9x8=,12,188,6.00,117.0,2000,117
7-6-2-12-1020953671,100085,46,23,50,DYqxEYRADANln2Rzd4QMGREtUcsH39k38kMphDhbrZbXut/Pdn6OL2AGh6HRm1uBGQWihpVhpBhLmFRNpaQU2aFB12Qyo/7Rs2Wfmgt94P97AQ==,198,2,99.00,84.0,1048,84
1-8-3-19-962832697,100093,46,8,17.39,Dce5EUIxEARRDX/2lFYiCjxyghggImwSwMQlKmR0VT/ezt/r5/H+ve4Np2PHJrqPB2hCcYEqBR4K0hFu25p9CCK3UqWXuJeHUZEeg2KoTFY3zDU415pV7Xn5Aw==,87,113,43.50,96.0,10685,96
2-8-2-14-352152015,100030,46,22,47.83,DcqhEYAwEATAu+Rz/0lA4hAUgqIkPBRGPRSBJHZn7Zifc72Xb99ApmwFlKccHiFWR3MxJ9VAFzn5BEJQ8TC0UXpvgyFjLXivHw==,200,0,100.00,66.0,263,66
5-3-5-14-1833480305,100026,46,13,28.26,YzHjk8hXea937WM1AyMTMzMLMysbOxMbMyM7BycnFwcXNw8XLzcHCyMHGxMPAzM3Ky8HMwcHCxAz8/CycjKzMzAcTAIA,144,56,72.00,54.0,154,54
2-3-3-13-225143261,100046,46,32,69.57,Dci7FYAwCABAIED42btKKgfQ9xxLSwezcSNTXHM8lmM/r3V7PkCixsKK3TwyGIgp3KoyJaVQYgZw12iCiZN5C+1wvz8=,178,22,89.00,57.0,157,57
8-9-1-19-159468492,100065,46,15,32.61,Dcg5FYNAFADAf5+7YAAbtCjCSV6MpYuNvAighHJGzvX7/3329+sCJEZABBI1Z/J4kBTCTCXEoVDpCNAmY7q2Eacu3YUOMMyEJ1tFL1plZaHZHTqQ5nNCqV3sqWFRcGw3,165,35,82.50,108.0,2079,108
1-8-8-22-425008988,100061,45,4,8.89,BcHJEcIwDABAydZpyZZpkh9l8EwTeTFDDXRB+skuPR/H/3V9z/cHsPXesBMLgWozI3RhGMLhiQau6UpzLlIwlgqrCscwMEdCdeaVWQmpuoG2k0X4NlRZKDWBRg3Yvxs=,160,40,80.00,102.0,876,102
9-8-6-17-947275195,400011,45,7,15.56,Dcy7FcIwDABA/WzJki05E7ATZZZKxSKMQUPHODy4AU7O4ybv7+v63AEJWBp0UkNVERIdg8S5YcRciSu5ukUYa0UJVENyi9zmuWGDk4ymPBfPbl6ZjtXkXz6ePw==,196,4,98.00,90.0,468,90
7-8-4-10-221664681,100071,45,36,80,FYqxDYBADAOdOMknSFSsgujpmIGNGIVxGIeOYPkKn2zHdD/bOb/XClGFdLQLsJeaeTjcRtZPgc4WWS4aIy2LDAUpfSwPMh3L/gE=,200,0,100.00,72.0,715,72
3-2-2-20-1588953140,500001,45,5,11.11,BcHHDQJBEATAtd2zbtbxue9FQCQEQDDEh4REQNyHqvC4fZ7v6zi/P2OdDxEEKEy51CYFRlVYE0PTgCTaMhk1kpINnO3Dz7V69dYVoOvaY0Lm2Nu87n8=,200,0,100.00,78.0,315,78
5-7-7-11-984809771,200053,45,31,68.89,DcY7FYBADATAfDa3Sa5DFXIwghB80NNiARVAM2+wzme5j+t8d1ETUwdiOMbv4B8PxoAoshgkix0ucO20ZpV1qUIsKzuzaSLb/AA=,198,2,99.00,72.0,432,72
5-9-6-16-1789409385,100031,45,24,53.33,DcTbDYAgDAXQFnqhUF7/Jk7iOq5iWMWBnMQBlJzkyDHe7XrufU5i5wUIi+eomjIbCudao/McQJbVCUpr2jvXdUoFAo1GdH4/,171,29,85.50,60.0,128,60
7-2-3-11-649537781,100007,45,20,44.44,HcpBEYRADATAmUySTRZBp+D+uEEVVTwxgQW0QNHv9v/Sca2/7bhBAz8mo0MBmREiM02jVGBUtTCnDNMz4x1RI7sxKjwD+/kA,200,0,100.00,69.0,394,69
3-4-7-17-632810406,100076,45,2,4.44,DcfBEQIhDAVQAoTkJyHgeN4WtiCvnqzNYpyxgK1F3+31x+067tf3fD0LUW2dh6gW2OjqYTGpTmQ48b++jIWXWFgyUsR8VgL1xQb3NERuA7TtaOkR2zGKaHl/fg==,12,188,6.00,90.0,459,90
5-8-8-10-402477798,100037,45,23,51.11,Fck7EYBQDATAy/cSFCCGCi84wAASmKFAAs6wAa/d9XV65vPdlvuCqLlqpNBSCk5mDmGaFdn/t5Ksrio6gJDRlER3e2A/Pg==,196,4,98.00,66.0,573,66
7-7-8-15-1313887087,100051,45,9,20,BcFHAQJBDADA1E3PieGNIKTABwu4QgQmmJHH9d7X53aXJyAxg6iAIigJCx0xMo/kU4AodrwCvGeL3IsYIjK70d0jQt1nvBK0TCBD+Jzdjul2mzlpi7Kr8Pv+AQ==,179,21,89.50,105.0,1271,105
8-5-3-18-1041610712,100092,45,32,71.11,BcFbEcMwDARA606W/LbDwB9hUz6lUwSdCYHgCJ3s6ueIz/7e+3cGEYBUQiXSPKWYS3Wz5r0JhwFzTncOTdHqqss8hAIMooOSVZXSc1sl/K8X,200,0,100.00,75.0,178,75
3-8-9-19-243890054,100013,45,13,28.89,BcE5AYAwEATA+7K5/KHDAx2YoMUTglCDDSwwY+fyHe+G57qJRUgtQKJ7EuQCEq3cCmsfCDEOJMC9Ba0Al246J+c2E7mTjp6FKxmt+w8=,121,79,60.50,72.0,200,72
9-4-1-13-413984212,200015,45,19,42.22,DcixDYBADANAJ7E/CYsgIdFSUjMOwzAaS9AxAlx53Kb5uO5zXxcY4OE0cSQhBooRKZV7ETC5YTS8R0TnHybgeT8=,200,0,100.00,54.0,272,54
5-4-5-14-1065818559,100096,45,8,17.78,DcmpEcIAEADA+/9DpgMcE5lCqADFUC8VwdqV1+24jsf3/vwAAhILqJGwo7lKRKRqZXek+ETsqGZ27qaxCcsucI+QFBGgI2EVyFSPQc6mQxfaP4Dhff4A,190,10,95.00,96.0,1887,96
5-1-2-16-218457456,100036,45,24,53.33,DcqxAcIwDARA6fWybMsy+zEGE1ClySRMQM0wFGxB6jveb6/H+fs834coBGqg0dmMAfQ+ZnQqzNRDtXkuEVTWSFH6MsOFFFleGcy29y6E1JzDeUWVMMj8/gE=,183,17,91.50,90.0,711,90
7-2-4-22-195614687,400017,45,18,40,Dce5DQIxEEDROX177bGNRAFE1EVETkwTdEMHWxEhDr70vrwu3+f7/vjcTgAkBmFFVQRQEtnnaEORd6ggPpBExy55ppyL+sRUD4cxUC0HtCP2ZMWytd7LYCvIM0Neo40eyqrd1shjCE1D192E3/UP,110,90,55.00,117.0,1071,117
5-6-4-13-315874535,100087,45,13,28.89,Dcy5EcIADAVRHV+3CCnMM4TERBRBIdThxmgAh/uCxet2Pz7n+3d+iUWESUkBc4ARyPBCe8dYX+ljVjuzg7YObvZOcOVuZ271YOP6kIgyJVlN6MSUh7Lo5USP5x8=,185,15,92.50,102.0,1816,102
3-1-4-23-817495364,400011,45,14,31.11,DcaxFQIhDABQCCGQQEjC2TuLK1i6lAs5gY2d4/jOX318XK74+b2f33vKkApWap06y+AJKoshTTNSKVLb6Gt4lWKNTLMAR6w8w9WITMTReR+6VvgGCIn/98GO6XU7AQ==,197,3,98.50,90.0,590,90
5-3-5-25-411542948,100052,45,0,0,DczHEQIxDABAOQdZtpxNpzygFH7M0AA1UQdXwK6+33Ter+f38wMhlVZGWGe9Nh5ABGUiJsqFGEPN3AqXWLNrfaQyaa7NXWgZwV6iSWEZaaRElNY5HZMiYu1BITNdY+G9cHpX8Yxd0FiDIoCC9+MP,8,192,4.00,120.0,373,120
9-1-8-16-1767960387,100043,45,25,55.56,FcgxFYAwDAXA5Oc3bRMG5KACA1hBAwsGsIUKRlbKdu+4Tud2XPPz3qIQmArUWLw2884w1sHmHqklIhRkrYCTAbGeqSriKf9behao91Gy7B8=,187,13,93.50,78.0,775,78
9-5-5-17-3449703,100078,45,11,24.44,Dcu5EYAwDABBWY8lyy+F0AkJQ04VpNRAD7RJgufSPd6X67vPY302CIjEMgOSqJbcNHupnpXMWx/DO6lnFih1otFTa8nQWEqF+SkyYQwWA7CiEIz3Bw==,84,116,42.00,81.0,679,81
6-7-8-11-1480999523,100007,45,12,26.67,DcNJEYAADASwtttriyAU8McNNhDCAyNYQAtkJr4tjGdfj/sVNYMrPBCwNFTDxaClnKiI7BCnp8q/ZIbGbHDYPVMtyJLr/AA=,195,5,97.50,69.0,386,69
9-3-7-16-145983312,100083,45,12,26.67,DcmxFcMwCAVAPgiBEUJZJiOkS5kq0/g9j5GRspBLu71r38fv+T8+73MngFiadhj5FiNSp2n52DhKIkKB1v2muF/dcohXJCiyMViILFdO0WIutbmWkqAT6NUv,170,30,85.00,90.0,705,90
4-5-3-21-1899256614,100052,45,2,4.44,Dcu7EQIgDADQJHyTQICA5529O9o4irULOJNz6OtffFyiXV/Pz/sLSAFiSrnkGkqFjMRJlBtpJ4aKXQqgKQUcc7lG234kkTLmgtJVa7GzrcXZ3OZIWVlIShWZiymnOdy8h9B97TMhkP4XVrjdfw==,138,62,69.00,120.0,623,120
8-6-1-20-1979754991,100097,45,30,66.67,DcxLFcMwDARArbW2JH8LpER6L4FAyK0MSq0wCiAvGJIBMHw/zs/x3H/bXyBJVQkiFxbzlEzMI7RS2bq2MdxycRYRCZuArTmqdoNr0ALUgNc1kfuy+2jy+l4=,200,0,100.00,84.0,382,84
9-3-5-16-1738260385,100051,45,12,26.67,Hcq3DQJAEAXR/WvOrqEXYgqhBLoghYQWKJUT0Uijp4/LJ9/f601fBBYoQ8WM6F9pHWOMhrlMZO3pO6xnuVpUP8q47eoqkZmKWXsxQXC+9trO8PRgRAZEj3RiJXrefw==,131,69,65.50,105.0,1381,105
2-8-3-23-326714105,100094,45,7,15.56,DcS5EcIwEABASSfdr9/kBKRURQ3M0AkRTdCM24ENNj8un/P6vr3uNcQEuQTASMASAUNRc88CVLllU0xFsdtwIZ42sCskpNXN0YG2wLTJiAcrtIW+RbHCQfJv7cGALTy/Pw==,173,27,86.50,99.0,507,99
2-3-1-12-1342260626,100041,45,5,11.11,DcY5FYBQEAPAPZLNP5CBEagQiQ1M0fLoYarBsZzp+/usm3l4WoCVgFQ0VilVMhQi2HqmqwYCfVDl2Vq4Gf/DMeYUZ6dd9wc=,193,7,96.50,72.0,379,72
8-3-7-10-427548625,100030,44,20,45.45,FYuxCYBQDESTyyX5sbezcBArR3IAwbUcxUksjXDw4PGO+3Qfyzm/2yqqMAFgdGWkBwTZHJ4lDLfsBdKTxtLRh+jmNx6jjPJcHw==,200,0,100.00,66.0,317,66
1-8-8-22-519892406,100075,44,14,31.82,Dcq7EQIxDAVASbZlP+v5Q1vMhTc0QUIElVAZRdAGbLz5vNw/19v7cbxELYnlkoubq1bLDcV7VILuJgaEhFhtof8giYwRDWq9R+IcWDs4ZqzNCWAvUp7fHw==,108,92,54.00,84.0,3576,84
1-2-1-13-973835477,100088,44,23,52.27,DcixAYMwDARACf9LetsswRDMwEBslCHSZqI0FLRw5eFYeV+/7Xvu5stizb25uYFhWXhPVK/IYoMQ0YtjUJETCmZWJ0BpTuaAhLLP/wE=,199,1,99.50,72.0,1881,72
3-9-4-16-1364071442,100036,44,8,18.18,Dcw7EcMwEAXA0+mddD9JZmUOhhEEqdwYSRCkDpwQSB3XO7M4ttfj+n6e75MKV0jrrNwJpk1MjQSdwVTErVJEuosNnytQB0m5SUnMM2MokDmXmrQVPpPUAnov9Nv/,196,4,98.00,90.0,794,90
9-9-5-17-106206683,100076,44,14,31.82,Dcu7FcMgDABAfUAfEIi81F7BZerMkTaV1/UAnsW+/srvdW3v69yPPyAhF0agKmqu2rqEFwMZYyqZ9VxavJI36YoxGedCNn+iozqsyDSmzKYRyDoypLo4wOd7Aw==,85,115,42.50,90.0,623,90
7-1-3-13-1519869191,100066,44,14,31.82,FcqxEQJBDENRSZZ3117KogPiK4KMoShKoCQiCuCY+dn7Pi7Xx/v2+d5fAP9JEEkxIIQZNOKEHHPJijXmzKyucm9uZXIh2is4snbzXFqgbVDqFUYV9vMH,185,15,92.50,93.0,3089,93
3-2-9-22-1683493284,100097,44,8,18.18,BcG5FcIwEAXAr9Ut7ekqCCiHBkicO6NEyqAAHjUwUx7H7/W9X+/nBwmUS219TKzNqQGLRJnVHBRQJ5FYQEt7MkqVgJNnMx3d1Sz6CPXMIUZSC2Nu3M4/,190,10,95.00,84.0,366,84
7-5-4-20-482633019,100070,44,5,11.36,BcFHAQJBDADAtG1J9rYEASAAHugBD3wQhqRzwox8L8/z+ri97j9AAkZiQAYhIEJKCJkKZmESqRUzNzV17wWZ+wEw5oC15o5YOaZJ1mEuPfawsWwv71xiKVo/SlUuyWuLpl4T5Xr0MuDz/gM=,82,118,41.00,117.0,1437,117
9-7-6-18-19287491,100089,44,9,20.45,Dc25EQIxDABA2ZYly/rsyyiFoQLaIScmo1BmKICMSzdZfBz33+t2vby/UEqFhtAJCLE25MG9i0zROZnNumNI6uyeOSw8VrLtNaD16ViKbvccU8BwhWYhwBqjAjYkUN5kQ4PaCVCqnBN8nn8=,194,6,97.00,114.0,1338,114
8-6-3-10-1139217986,200003,44,19,43.18,Y9HiNDo2L70p+KILAyMTIzMjCxMTKxsDAyMDIyMTM5jNxM7BysDOysEK5LOwsLOycTDseQcA,200,0,100.00,42.0,92,42
8-8-9-12-266732530,100096,44,8,18.18,DcirAYNQEATAve+7vYumgzg0hVBBZDqNTzNYGDn+eW3Htv/f5xcCqIkHkOYqqxBI6jI82cx0065UzLgL1ppurXAHa6T6CU4Zg9HjVYbJLDaHndn4XTc=,156,44,78.00,96.0,3351,96
6-3-7-10-1399556919,100010,44,5,11.36,DcexDYAwDARAv/1+JwyExARMQJ9dqJBYgpaaAYl0zXFdxnaf33tcBpgHyBSsOJuts0pTpgmdGU307iFI1iohe/Yf,200,0,100.00,54.0,237,54
2-1-2-24-77865129,100064,44,12,27.27,BcHJAQIxCABASEgWFnJtjrUGa7ElLcQ2tAnb8e3DGXpcXvf6vL2vPwBE58n74CIiRCK/xRgwRseygxe1gCay+6Rsey5mzBWaCrutHa07HS3MRO1Qt8bRNkBW06B8DpFcoPe1KJeQ5qxQyeQ8mVFMDQG+nz8=,67,133,33.50,126.0,1784,126
3-2-1-16-497779673,100087,44,8,18.18,Fcw7AQIxDADQ/NM0aXMLFhCBC0wwIQIh6DhjGADWNzx5HJf763x+zjcgETAhk7AqoJiZig+NGZRsUYWQtVbV3O6AUU6DE5Ors0x3WKOz0lhBQOgg3f9tT4H8AVU3XG9f,153,47,76.50,102.0,1468,102
7-7-6-11-1903340343,100047,44,19,43.18,DcVLDYBADAXA/vtaPCAAAWjYBBkc8IMP/CABGWwyydhY9u8+t+dYiUVlUjKnuQVbwj24oqrQ3nBwpZGqhEsKIaMbhYBlc8KIm673Bw==,168,32,84.00,72.0,1234,72
9-7-8-24-1464253970,100089,44,7,15.91,BcFJFQIxDADQdEnTJZ10L0jhoQA7mOA2gpCAFwRw43/7vDx+r/vten5BaTDGanTkyQVPMUVmzAdGL6Vi69UPlNxmPrjk0cchhVdOOqTYvWkFt9+xJJuIOS+lCVRN4MiQtm4WmXu5aJw2BCKBAD7vPw==,59,141,29.50,114.0,854,114
1-5-9-14-132460044,100034,44,22,50,DcU5AYAwEATAS+7b7CGMBlnowAEVZuioEUBNmhlbl+e8j3W/Nmmtq3kkBjNc0pv2XqWgoBgYnkOSKqKTmQXgoQSLVQDTNUze7wc=,193,7,96.50,72.0,446,72
1-7-6-10-1778513437,100028,44,34,77.27,FchBEYBADEPRJm1SLKwRUIcizpwxgQCcwHL5M+/XuhzjPe99ewJMcDbIUqaBgGyru02QrqgpWPonQ1CM6wM=,200,0,100.00,54.0,547,54
5-2-5-21-1346112418,100097,44,24,54.55,BcFJFQIxEAXALP9n6046CTYQgBAMzHVu3JCIDATw0DBVeN7+79/99Tm+zocIJpDIpbbiIylOVPtQEekqpqYM1QOoAU2zziW0ZWnY3LuPJNPY9nIqYC6I7nFe,157,43,78.50,84.0,350,84
1-3-8-17-623743431,100005,44,26,59.09,BcGxEYQwDARA2ZatO1miFmqAciiDbogJ6Ir8gx92dVuOZ/+993pJqa1q68NAn5U9vEc2YHKYK4QMj0gUoSKHGQuMnh6ZBnDK+f8A,186,14,93.00,66.0,179,66
7-5-4-19-323923518,100085,44,29,65.91,Dce5EQIxDABAfZYsy//dkBER0g61EFApCX0QwmYrj+Py/p635/UFSCxAQJKYEBlYyTJ5EZQk/0VYba3DsOKFMeXpdbWKsUOyT9dhpmv1HbuHzaHqcP/8AA==,190,10,95.00,84.0,418,84
8-1-8-22-1819917771,100055,44,17,38.64,DchLDoMwDEXRZzsfOzEmrApVlRixlm6sK2PGBInc2bnp3H7Xf7/x/YBYAErCWbjUAuVqprl1n5UFRJFWW1BbmLJrRLivwCAa84/J1ELgWU2Ee9fA8bw=,91,109,45.50,84.0,454,84
7-8-6-12-717594132,100066,44,11,25,Fcg5EUIBEATRPWb2xAGFGxwQI4IMVUhAEhEC+ARd9apxP12f79vn+3iJmrsdicFcHYQcD5GZRFbPcOMPTnQnA55kzfYKYtJzqKE2ixoTTpkC2+VYOV9+,196,4,98.00,93.0,2733,93
7-9-6-16-447811628,200053,44,22,50,BcG5DYAwDABAf3Fs5xVTsRyDIDEGPS0r0LIA3Mk6n+Xer/PbAIkIiYUBJWk2ME+SMBCgVHRvvY/uFgyhGlmreWtaSxAV5hhmngcrvMcP,188,12,94.00,72.0,222,72
7-4-4-17-954746658,100069,44,11,25,DcxLFQIxDADA/Ntkk6Z7xA82sMABNTjADzoQwd7njbzO++N8+/P2BQBEYiFEYGIVRQAbYyJ6gGIcpKSWiLWSQLjLfQ+x0ZqFkdX7UI5MA2m+Npp6gb3WYVs63ElX76C1aloNgM/vDw==,88,112,44.00,114.0,1626,114
7-3-8-23-1294047800,100052,43,12,27.91,DcPJEcIwDABAyZZ15HBiyXbqoDs+lMKbBqiJPx3AzizdL6rX8/F+fQATZsKC+M9IJGoJlnUraa9HxrNxTqvaVrK4O5GKRAKL0BSLmp0GId698BgSQVxDtWVuIt0q8BEy/cj7pjr6CvtpNudS4Hv7AQ==,92,108,46.00,120.0,582,120
6-3-1-22-42999087,100069,43,7,16.28,DY27EUIxDMD8SxwnjvN5Fcc6rMEKFBTMwlxMRCqp0Une1+O5vva6/QABCRkOJUlCYskoIsxaiBQsH1MzAKiM2oobZeMT1eKdMcZ0Iote1SPlFjmFrtV8R8I+ZzrN2LtBHsuV2vl87n8=,183,17,91.50,114.0,2161,114
9-5-5-11-831381695,100048,43,30,69.77,Fcs5EYBAFATR+fdBghQ0YGLxgSIsIIIQTSxh16vWfXnWu9/tOgFiITCpuUeGVaRwW2fk7GpXIUJleZQV4x9AEFE3E552jA8=,199,1,99.50,66.0,653,66
7-4-5-20-91094883,100051,43,16,37.21,DcXBEQIhDADABEKAXBICXCe+LchS9GML1unD8WZ2Zulxvv31ud3pCYgJAfOFCpR0hVxT6yxJWkmlHqJq2NxHLSUo5XmEuHbguZYzWejuBwBIMI0wyGrLtDXf2xvZmMghGX7fPw==,81,119,40.50,105.0,1031,105
5-3-1-15-1140180226,100005,43,6,13.95,DcqxEYAwDANASXacxGEYZoBxGIY9qCmoWYieCu6+fF+m7Vrf55wPkPqZO0wlrLbSczTKQU8ijDVaDP6DIQliH5mlZkaXgbj3Dw==,68,132,34.00,66.0,220,66
8-9-8-9-571086422,200013,43,29,67.44,Dcg5EYBAEATAnWcfYuxcFSqwggoSxOEHOmwf29Pnvq77DVBOutIVze5hQxKs0hhV8lSQzcAElWNnToaF/xY+,200,0,100.00,63.0,316,63
3-1-1-23-2000007170,100089,43,18,41.86,HYy5DQJBDABtr73/c/siSkFUQDs0QUZKTn8UQMaKbDTSDN9Pt+/jejk/PwBISKBYGFkrLcoY67TzIdoUYk7loFJbF5XH5KJHqo5qy3KAcZM8oVAYTk+gRdgULCe4P+iB97Rb4NhlI6y/3t379QM=,100,100,50.00,114.0,1699,114
1-1-2-19-596974510,100050,43,19,44.19,DcY7AYAwDAXAftKXtOkfBShgY8UBGwPe8IMtuOnoXK59fW8+HmOt80TBWLDzQiEmhbDLSZhL9Q0htr8awSxioH2ooPLoUppAkdOcA7nOrsUs2wc=,199,1,99.50,78.0,763,78
9-4-6-20-523736463,100064,43,1,2.33,BcHJEQIgDADAXEDClQBWYRf+bUkLsQtHy/Phrjwvn0e87t/rD5AQiQGEhSCljKWoEAuzWkVsPQvgmERp+OyqFh6ZknASGcNys7V2LWoeC2IFI4pxgeErZip1Z62nnX2qe65MvY/VOwAVRITb+w8=,9,191,4.50,126.0,2004,126
6-1-8-18-374559711,100067,43,5,11.63,DcQLDQIxEAXA191t+/aHFAQhAQ8ouZNBEIIQNHDJZOxx+5zfJ4/fCxiisKEiej1kmo25tixOYjvoEcxy9+2EGsuLl4xwVJdVa7ObmQJGclR1Ihbu7z8=,63,137,31.50,90.0,1357,90
4-5-7-14-759374248,100048,43,5,11.63,DcpBEYAwDATAS5NeSNoySEFD9fBDERYQwRNNsO+1uT7bne9+nZCiVsWsKH0JJuilSWgfZLiQvVZp9AgfHSEKM4MO5P81l4Zjfg==,68,132,34.00,66.0,516,66
3-4-7-17-1564881714,100078,43,2,4.65,FcyxFcIwDAVAWXFkW9/6NoOwCQ2PlscUtJkhg2WkNJD2isvP2/fcPq/7/pCkS16tmEjV2hw9CI5KQhEenA6N3kWIDh0+JwJOXjjELJU1L94a/01JZvI+fg==,15,185,7.50,81.0,771,81
3-8-8-10-2011418724,200004,43,19,44.19,Dci5EYAwDARAPSfpxAwEUINzeiSmEToioRYc7uJcvrEe9/VuouYwRBZbqmBVNALFJEPUpxu0ue2aIc/+Aw==,140,60,70.00,48.0,182,48
4-7-3-21-1472456499,100060,43,9,20.93,BcHHDQJBEATAWTum1y+Py+N+8EIiBCSiIDMyumSoiu/b77h/H+fnSc6HmChnDiRqwmAExOyMOZXKzfpQ0okUqy0hXmoM3djkK4vbon36Is0GeltjooCu1x8=,123,77,61.50,84.0,499,84
7-3-7-13-1582417773,200012,43,13,30.23,YzHjEbkyu6hX4fN+BkZGRiBmYmZgZGFlY2fgYGFmZOdgZGBg4WRjZ+VkZ2Nn4mBnZwcKcnGxcTNxc3GysnGzMYh6AQA=,196,4,98.00,54.0,207,54
6-7-6-13-886754627,100094,43,14,32.56,FcixFQJBCAVAFvjAZ7keDEzN7Mgm7MTIFmzHdjyzeeOP4/29vK7P2yFLTc1NHR4LshAn4fi/QgDJqrJyJyKITKTW6m1cO7l7bNNG3KKp7edsBtkzlGFNyv3zAw==,168,32,84.00,99.0,796,99
3-9-9-16-1653119963,100013,43,19,44.19,BcFBAcMgEARAjgWWXY4a6bMm+u27GuoigqImNmKhM+39uF/Xc5yfo0SJitYDA6jgJBEqYgzInl6Zdjo1JYNkY4pdy9ir7q0eztHK7/sH,182,18,91.00,72.0,362,72
7-2-4-22-1835879631,400017,43,19,44.19,DYm5EQIxDAAlW5K/ky0/dEBEL3RBRE4KTdDNdUBVONmdnaXX5Xx+bo/v9QfoPLEDD0LeEcuG7GRg2hJiFsLAMe3IxUMoGVIUORDdoaxavbZGLZeYAlrvXWygq3vM2dfQbkflubpZJatOx1J43/8=,193,7,96.50,117.0,1145,117
8-9-8-13-1517492164,100081,43,11,25.58,FcfLEUBAEAXAeTv/nXWXjauLZISgpCMc6ShUn1rWaX7uY1tOENCYqOEnTY3YA5HevxVRDpiFlUZEZqmbZUFdikuHd+7JroPp2l8=,182,18,91.00,72.0,814,72
2-2-7-13-1124394731,100056,42,30,71.43,DcQJDYBADATAbbe9PljABQmCQAEmMIE5jJBwmWRsX5733vxYLwgUNB8R4kPNQFKHS2QxMRWyC8XuGbPZ1fjOHw==,200,0,100.00,54.0,545,54
4-2-1-24-1605797979,100069,42,4,9.52,DczJAQIxCABAIEACuQ8f9mMbPmzAh9VYlxW5Bczw5/Z4zq+97z9AJMLAIByIREGjIIdkHD2LiHpARjfQUlvEmHqOmuJlktWBwedqQjR2HSCWrg4yz6V9J9jlFGexeZYBt9MDOjHY6w8=,94,106,47.00,114.0,2183,114
8-6-2-15-1789932792,100066,42,10,23.81,Dck7AQJRDATATbL5vQ8KTg4OqBFBhwHsIAFJVAjgqimG98v1+bl9f483RCFGFVU/gQQZbgkpFXMLViM8m2ZDWtOT9DgnazZEhiqixoy1ak9mxfbegK8OHK8/,188,12,94.00,93.0,2271,93
4-1-8-19-1866622107,100078,42,33,78.57,Dci7FcIwDAVQWZYtP/0yCZvQ5KTPyRC0zMA8zEZDyntl316/93k8Pk9q3El4jEksczbtumAQMxWPjG7LbkC4THW4erRYmsZIgL1K78rK8EQVQN/rDw==,200,0,100.00,81.0,1303,81
7-2-4-22-1043102161,400017,42,16,38.1,DYm5EQIxEMDW+/l/1j46IKIuInJimiCjFDq4FmgGjxJpxM/L9/G63d/XExwSgwgoqxIpCTMiMDDzDvEE5AJCTLojK+QUfHRSSvXkWq296TBjF1KJWWebY7MPyjDvl/XZxlrHYdM64GjbF3x+fw==,152,48,76.00,117.0,926,117
1-7-5-20-2002308593,100085,42,9,21.43,BcG5EQIwDATAs/VLtkzAkBHRErUQ0A5NUQohu/y83L6/6+N1f2NgzjEIDJlQU1FyF4ODhJU5UmrtTZ1mZI5KLq9jkUcpOrKjawVvXce7OiH41B8=,49,151,24.50,84.0,570,84
7-3-1-18-1397428994,100007,42,34,80.95,HcjLDYAwDATRtbOO43xogTKQuHOnG9qiEVqgFiJGc3o8lrDn3K77BSAQ/U+gWjIKYVOZVUzVQSlRkWa0lnuPUXuVVtzLmBAD+/oB,199,1,99.50,69.0,259,69
1-7-3-18-438727403,100067,42,14,33.33,DctBAQIxDATAdm83aZqmmOOFBBzwQAnoQAhC0MA95jm8XT7v7328fs/Wem84iH4iCR0mGuUGmNtgzEy4SMVcXsiqPWTuYFa6aizfgZB2RhjXLJzZ2uP6Bw==,200,0,100.00,90.0,3067,90
8-3-9-11-1948587022,200003,42,26,61.9,Y9HiMjo2L70p+KILAyMjEwMzCysrGwM7OxMTIzMzIysrEzsHJxMnGxMHCxMjiMvCwcTGyZC0BQA=,200,0,100.00,42.0,92,42
1-6-2-19-872142448,100075,42,19,45.24,Fcm5EYQwEARA7SPNrl4iICAKkyIJHDziwCAyEuKu3dZtOt5lf871CoFYNKaIyIksQIWTgIzI/wNlYxdxJvzOATN1hqlKLlJb7ZqplzaGN+p1FM5hvj8=,183,17,91.50,84.0,2447,84
5-8-2-15-128612901,200007,42,9,21.43,Dcg5EYBAEATA2Zu53fsQggGqsIEPJBChjQQTZOiADlvrdGz3+c7LBUtU9rDipBdUJKGxR0i00chR3OCw2rNkLde/Unc8+wc=,198,2,99.00,57.0,146,57
8-9-4-7-920910832,100040,42,19,45.24,YzFgv+di6v+6dHMsAyMjIwOQYGJiZGBkZmZmAbKYWBkZ2FjZGBlZgUw2RhY2VhY2ZiYmNmYGZlaGXnEA,196,4,98.00,48.0,378,48
9-3-9-10-1599476870,100023,42,23,54.76,DchLDYBQDATA7edtu8jhgBRkIAA/GMECCcENMMfJZVrf4zrv7YGZRxhykAVYpbE5LEqdgX9DohzsbjnVDBL7/AE=,191,9,95.50,54.0,297,54
9-4-2-10-1304913923,100088,42,28,66.67,FYuxEYAwDAMlW05sxmAIZmAgataiZSIaClqSTv/30r7E997rdWwACNLgNDdFtJ4puHlIVVLMWZm958hIhLE1h48npoKBA87nBw==,163,37,81.50,72.0,1864,72
1-9-8-21-1831009499,100051,42,6,14.29,Dcq7AcIwDAVAWX6S9bOdXagZKKOEhhXYiEFYgtR3OI/3en0eT1zUuHc0EVYodRBLG8YemVo+lc0ss9Q9E1ReojzUogLTPEPoluXFDCGhe09CZAXL3mtBa9dQEtDv+wc=,175,25,87.50,105.0,1571,105
7-6-1-18-1662327081,100084,42,19,45.24,Dcq5FcIwEAXAPf6ekqjABbkIx5BTBV0496MMCsPxDJ6P77X93q/PSSzKAmE2JSUBxMPSWJmyyjvJM1SRFZ01+uZ0Co+ejjVXaIxZpZXMRBBSiHjBKowNq3vc/9j/,177,23,88.50,102.0,3913,102
1-7-4-18-795191180,100067,42,16,38.1,BcFBEQIwDATA9i7JJWmLQCTw4s+gBHQgBCFoYNeul8/7e8vX7znGxByYJGAOCykLYIpyj05ZO1oMhFdh0Suzu83lbAlrt53DpO/Yy1Cn2AyOx/0P,199,1,99.50,90.0,2438,90
7-1-3-20-1108920896,100095,42,20,47.62,Dcq5FYNADAVAHX8l7b1U5BYcUx6Ju3EBRGS0AeG8N9i36/78vv3MxCJMygRAJbEJOVTDxUHE4FwS5/qWF6QitfUxzdQcIyJh+ZoytDSTVrzbXKFRI3c6/g8=,197,3,98.50,90.0,746,90
9-9-5-8-818929959,200012,42,16,38.1,Dco5AYBADATA7JMEAQhABRrocYKPU4AYTOAEA1w3xXhf1ve+xvY9ASBIWUxXQSnYMpndhazOVmi2qYguSkYc5w8=,200,0,100.00,54.0,218,54
1-4-2-16-1715498761,100067,42,9,21.43,BcFJAQIwDATAHptkczR44IMnJOABJaADIQhBAzO4Xz7v74Ov33PMNebcA3uJ7mWgeUAlg0o3hla6iZmaIU9UdbHDlAqIE5pxpFuOa0kXmNkiDo7b9Q8=,180,20,90.00,90.0,3111,90
9-7-6-15-907942447,100036,42,16,38.1,Fcs5EQJBEADA+b+dHQLcIQMFF12CDCIUECMHFxSdt9wur/vj+zneJyARkyCgmphbMJhrYiQhYVYJ1opsFrcdo9xr/4+shunc5tRTWkE8Ne3B6iOQinB9/gA=,199,1,99.50,90.0,627,90
2-3-9-14-445465265,100010,42,4,9.52,Dci5DYBADARAr58720s9SBRCTi9ESFRCTIEw4fi6HNt9vs9+CdTgMSayqptkE0V0ZkL+7RHmOlhp6hWoxhQBPg==,107,93,53.50,54.0,151,54
1-3-2-15-2041196063,100059,42,20,47.62,DcrJEYMwEARASTs72kuEwIOCD8m4HKXTcijQ78Z3+/zvH69jb32M3gVDG+dU81CyBSwVEBFO80oqJEQUDE9VvI0qVWmCJIwrq8JrLW/n9gA=,139,61,69.50,81.0,1007,81
3-1-7-14-1025492745,100074,42,24,57.14,YzHjObRxxS+PF/smMDAyMbOwsrGwMzCwcHBycbGyMTNxs7EDmZxc7NxAPhcXNzcHIwc7Bzc7NxMjMxcHOwsLC8P3HAA=,196,4,98.00,54.0,163,54
5-3-1-16-2136860269,100076,41,15,36.59,FcupAcJQFATA3Xf/CxOdFlIQFkWJVBCfAlILoEaNPR/3vt3X8X6BQhVQzTyyIN56KqHxs4AafSqLFO1NmI1cU9XcjFJuiLVmaBsjkMF/9w5JKZyfLw==,189,11,94.50,90.0,731,90
3-2-2-22-645215549,100095,41,18,43.9,Dcy5EYAwDABBCduS5Q+/tEMLxDRITwwBGW3g6IKdOX1u77dfR7wFcAFUGg2QZrLM4nyIyaR1oQg4o0yW5HKpVlof4tfsUEcGoMmA1Gr3IxRh22sbHEoihfML3/MD,101,99,50.50,90.0,301,90
6-6-1-13-1356601765,200024,41,21,51.22,Dci7DYNQEATAu73P7nt0RURMARRAJVTgFlyKc/eDBNJEk9tyHf97X8+PORBZbU6GSsWE2jMMgWxDjglY9dtTzWC5iVUvsYdG0OXTft8H,191,9,95.50,72.0,283,72
9-2-2-10-2137116918,100037,41,19,46.34,Y3HiWiEx8XmqzYwpDAyMTMzMjIzMjAxMDMxAxMAEJBhZWNkYmdnYOUBsBlY2Fk5ODg5GoCgTMwMjM1CMiZ2THaSTAQi6IgE=,193,7,96.50,66.0,468,66
9-9-4-12-609770523,200004,41,6,14.63,Dcq7FUBQEAXAvW/37s8hUYNcPdoRK1CiFIeJx/bp2eb1Ou9FMBRGOMRdGUmA1WLuAhRHh5pkCqNG/+s9Pg==,200,0,100.00,48.0,114,48
5-3-1-16-1743678366,100076,41,9,21.95,Dce7EQIxDAXAJ+npY9mGgJgWKOjSi6iWGQq4WmCz5XG7no/r+3qfEDUSYmoemWTUcLQoYlQqdf6v0mpWC+IpMoYgHaab3oi9V9DmVKkwdq4aTbThc/8B,199,1,99.50,90.0,780,90
7-4-4-22-1008909083,100070,41,6,14.63,DcjJEQIhEEBReqHZoRnAswagB+MxA88GNnEYhZlI1T+8+vy5PH/Xx+11Pw2gIQBigC2zAwvC6JC3mXwgoRiScy5lFigJTaqFWtR+1E5lZM9Bu5Ps+lx7VdXGcc5AKOEYliRVHau3mix6XYHZfN9/,48,152,24.00,117.0,1313,117
6-9-1-23-883504785,400012,41,14,34.15,DczBEQIxCABAIHBAQiDxZQF+7EELcsZSHN92Zju6BSw/T/fb+fV9XN6A1IDlQBZSc1LvwyRsqgh7du1+iGOBUVMmg2J2m7Rmw7miVFbumVl7TB5oRoFBCZIbIUQptArt/yvD9fMD,190,10,95.00,108.0,1258,108
3-4-1-25-1001889894,100086,41,8,19.51,BcFLAQIgDABQ2Bhjg/HHAF71bDPLWMQQ5vBiCt8Lz8t33x7X1/3tPGAAJKTIiZKQTxhDiJg8qQPHorkULSw5q1WVarWYZOEE3Dpj7aMSzbkaWm8VkhKDrYKs+4zMMM9YIHkfEyxbQUnc7/MH,188,12,94.00,117.0,2171,117
3-2-2-20-1146367750,500001,41,3,7.32,BcHJDYNADAXQWe3vWTxbLlwpKAWkF/pDQqKIlBEueS+8X9fnfLb9/hnrfIjEAAlSLizVwqgyvIfULLCSa2Jo68ScDFwZIfbWegxaHJGOOYeSrLWmOb5/,200,0,100.00,78.0,271,78
9-9-9-18-840172007,100061,41,2,4.88,BcG7FQIgDADA/IAkQELc0MbOMSxdwsr3XEf38U5ul+f3/vu8Hm9AIAJkaV14qPlce7PaXpHbz/AWEZy6ehe0cbSX7+VVZeQZk3vlGA1BEFBBOs2RUcBJ+yywpUYgkNc/,25,175,12.50,102.0,717,102
3-3-5-25-1241202641,100052,41,0,0,BcHXDUIxDADAFOel2il2CpsiJEbhmwWYgGGYgzu434D26/l5/5Q2FsBdPsSUiykIypBOtfXBolMroCIXMAElzeoJ/bUSkwkFBC89eiGMvGpm6mufgWyJa0TRUoUsS5xnb0fk6pkSGU1ukjSq7+MP,12,188,6.00,120.0,749,120
4-4-4-24-116374775,100061,41,6,14.63,DcO7DUIxDABA++XnJI7zT5iQjjEoWYIKCYmOTWAfOOn0+XT7XL7P+/UBgAcqjcqAto6M8yGSAg9kDHGSjKU2TNZr4y30rvCfx1y7IHNnpGxcSyoSxrpyk7CnrHGUuWWw71XEHwHerx8=,83,117,41.50,102.0,505,102
7-9-9-14-968051945,200015,41,5,12.2,YzHjU/eYcqXATleLgYERiJiYWVjZ2DnYGDi5mLh5WBnZ2Jm4eNm4eTi4uVlYubg52TgYmHl5ubnZeYACbMycDGIXAQ==,15,185,7.50,54.0,179,54
1-7-8-20-875046130,100060,41,12,29.27,FcnLEUAwEADQZL+S3U0c9eDoxkkPZlRhNKZIXN+jY3ym9dqWc085ARIiA2HKIjoUIMYPBqmVLIsrEWCwRuP/O5iCq7tHKaYRItzEtHU17B5W0z2/,180,20,90.00,84.0,532,84
9-7-4-15-1455720294,100055,41,14,34.15,Dcq5EQIxEATA2dlXqzsRFkXhEgv5EAMZkBEeJnK72h6X5/d9/eF+g4ACNfegJNM8PaNCx1YOr26L2WmDR9UpogURnH0YwVy9lur0iElu2wPA6/MH,182,18,91.00,84.0,694,84
9-4-7-20-1851013418,100087,41,8,19.51,FcrLFQIxCABAIIR8CPmh7diDTXjaIizEOrYxG3C9zht+3e7P93l8zw8gYSBgpCgpFw4Qq0pTa32MXmfgZDplmcztKttrvHqzHfJVpHS3zM1bIgRAZKLRV/fC6rqAAuHf4Xj8AA==,104,96,52.00,102.0,1170,102
7-9-2-16-75918250,100093,41,11,26.83,Dcc5AcJAFAXA9+9jjyihxk6iAUfUGKCkRRVMN3oen9v78fo+LxCIWIiElVkBhhFBPCw91DMZ1Rn/ljlRpKV59Oi59qzMKNtr6tpdVmN0u4WLumsAIrjHDw==,154,46,77.00,96.0,13765,96
3-5-8-24-713542175,400013,41,20,48.78,Dck3AQJBEADA272cfsMFdNDiBANUSMEJDT0WEMUXU417Xm6fx/WbX3cDaB2iD9H4lEv14AGb7x4MVHtQcz0ViCwxlNRdOw5bkYk0h8HCPCWTqOBk1TEHyYmGCi9de+3zladuUpJhfu8/,195,5,97.50,108.0,5723,108
7-1-7-18-121232535,100058,41,6,14.63,Dcq7DYQwEAXAt2vv1zYRdVANojMiKiCjG6Tr5DKcjqbuy7X+7+14fiAwEaOgCosae1AauAlpSrqK1xkotSfS1DAieI5srQ6yiBHdTMu0Au/sLjjfDw==,188,12,94.00,84.0,965,84
7-2-4-22-746119697,400017,41,17,41.46,BcGpAQIxEADAffPnssmGDlDUhcKjaYJuUNhrg0aYkefl83jd7u/rCUjELMqKSgJKQIKEGIBBJIAoKcfEGVCoVJFaIrXc29EDp+MY1rTPpRhLhhp8+WDvnPqAsbeZ2ww+VtgDp2tfuMwW/L5/,199,1,99.50,117.0,1041,117
6-8-2-19-611148871,100065,41,9,21.95,BcHHEQFQFADAl+NPitGVToxGlOKmDaMAR7tyu7y/n9f1cf8BIBKDqKGouwVQYmCpi4cQ98AKi2EqNheEIGQMtArIubmU5RSl+KnqxbM5q7S7lXT7TkgFyciDtODJfw==,190,10,95.00,108.0,1345,108
1-3-2-12-1535111437,100023,41,34,82.93,DcdBEYAwDATA3CW5lGKFN1KQgSuMYIEZpm6gj31s7OvxXc/9nsNAZ1jCVQiHEZVCMCUQ2UQtSrbeqzfM5GTb+AE=,200,0,100.00,54.0,342,54
3-2-2-18-979264904,100086,41,9,21.95,DctLFUIxDAXANMlN0n/7DgrYwhpnmMEIVjCAAgzwdrMZfR7fy+1xfd3flFhYGQoIqSZVIQZYTlJCIjOP7F4swmrro0xbZYxdlWufgtb3RGq9N8jsmThjom7niLFbGbraXmpljijsZ3NU+n3+,79,121,39.50,117.0,2204,117
4-3-2-12-790624918,200012,40,17,42.5,BcFBEYAwDATAS3Jp2oQnAlDRP5bwwZ8ZxGACJxhgl3NZ3/s4t++BKGBKcxNvIaCo9pFq9E710WmQgkUbGazybC649h8=,133,67,66.50,54.0,145,54
5-3-1-15-1866636430,100005,40,6,15,DcqxFYAwCAVA4H9CSBzGGbR1EzeztnAreytp7x235Xz2773XS9RgBpqDaOG9tYwxVaWYMFEtnMFARTFImo9gn+nDqVLj+AE=,72,128,36.00,66.0,229,66
4-6-2-18-1742633517,100043,40,16,40,Dci7AYMwDAVAS3q2Pv7uwD5ZIDulyQIsRcEUlLRw5eGz/t/fvq77TMSciEQSIxclMZhzhFZD6+E0RlOBKeDmsPAy2xwkPWst/L69B64zepa0HQ8=,94,106,47.00,78.0,257,78
7-5-1-14-784987940,100066,40,5,12.5,FYy5DcNADATJ4y6fO3egSpS7A8cuwpmqUgkqSZELMJ0MsAPs4P14Htfr/n5OURk2zPBnD5iItaPrgCMiHV70GWRkspQK1PThbhkzzBc7IcLK/nXANLFqaVG2/Qc=,162,38,81.00,93.0,2926,93
8-7-3-14-748758907,100096,40,15,37.5,Hcy7FQIxDARArSSvPrYJrwMy4ivjAiogpF4qgkc20fjrdpzH43N/vgUChRkgKq6ug39ECow6EpTyYDWnJIJrkLC14IM5B/cmI6d1ihqqRNDVvycqerf49QU=,172,28,86.00,96.0,1643,96
2-3-1-12-1486814933,100041,40,4,10,Dcs5EYBAEATAfWZm70EGRiBCDoKQgyOKHOKuxrFc6fv7rJt5WHqAyhJQTJbK1CpBRKh1elK9osYsyj2apRn/IseYHT/AzvsD,198,2,99.00,72.0,364,72
7-6-2-18-1438377727,100066,40,9,22.5,Dcu7EQIxDAXAp58l2bJNUXRAQHRFXEZVlEBJRBTAzWy6etzur8/j+zvfIGISAYghFxJmVYIZNfVwc8uI7Gkju3eLSmWrCFTpmObsa5Reb00wYXKTVnvnFltYzz8=,82,118,41.00,93.0,1972,93
3-9-5-20-1864416094,100092,40,14,35,DcpbAYAgDAXQbdzBeIMJ+LCNDQxiHZOYwzp6vg+OTd91PeveiVjYAVAfTCKTCRIyw3EpNcFaH1NE4+zFvK9K7PhfLbOMPmJAqrMhWCZq5wc=,142,58,71.00,75.0,167,75
7-3-7-12-264734437,200010,40,25,62.5,DcKhEYBADATAS3L5vzySahBIKqUaFBpJGShgdrlM27Pu5/0eMI+fkUAyAi26K8U0yawKUbLG7Bg5hpJq7l3CNX8=,200,0,100.00,57.0,271,57
7-7-1-21-924563394,100055,40,7,17.5,DcK7EQIxDAXAJz1J/sn2dUEhBDc3pNRCY1RGRgg7a8/j9XmfXzwuiMo/SBEozIMuRiqK1kbvw1J7zoiVZbEuoKmodXMrGHtMzzYjGVuT1TckcLv/AA==,192,8,96.00,84.0,573,84
8-5-2-14-404552131,100055,40,14,35,DcuxDcMwDATAJ/mUSEryWkGQNnu482KewQOlS2nXh+N3O37n64/PG6JGpbjAYNqa9DBpFKZVKtA5ahoUKWvSR4WbDo9JfdyWIp7QUVkSi0x3XPsN,195,5,97.50,84.0,609,84
8-6-7-15-472893482,100046,40,12,30,BcG5EYAwDATAs32SP8lOaYWIAmCGRqiChJTW6IhdrvPYz2fZ3g8IMVFEs5baOs0cHBRogndB0aZjJFqo1SWq5Bx6i4W47h8=,119,81,59.50,57.0,105,57
6-6-4-21-986849664,100065,40,1,2.5,BcHJEQIgDADAkAMIBAiHpdiVnTgWZAv+bMOxAJ/u8u3y/n5e18f9BwEJmZkIECRITFmxSDWK3BL32LWbjBqrt2yoWWubGcJcYewO66COFnz2CGVVW0dMyT3tFs/O1bgsyq27S1igzz8=,23,177,11.50,108.0,625,108
8-8-6-12-869216574,100075,40,12,30,FcaxEUJBDANRW5LP9pnKGEKGJkjIqITGoAq64BPsm9X1dP+cb6/H5WkOugQEFfQF0aAMrZVJHCKdJuMK0b2ObRSKEc29/+2c6Zma6tnssu/7Bw==,198,2,99.00,84.0,4046,84
7-4-8-11-1063709929,100028,40,17,42.5,DcdJAUBQFAXQ+4b73yCBInTSQSJrTQQQQQOc3fFlOub3vPb1BgQqamouHFCKWSTLWKPpolqOyOa/bjJbLIDt+QA=,197,3,98.50,54.0,197,54
5-2-3-15-1209120436,100004,40,2,5,Dci7FYAgEATAPTj2+B3tkFiEiU3YhD36jA2sRJIJRrfxfPt9veOAhKiSaMwIQkCoiaWidV94yKarM6u5lxZ7ZyzulATgnD8=,190,10,95.00,60.0,195,60
1-9-5-13-2054682777,100075,40,8,20,FYy7DYBADEOdyz9shigRS9DQMQkTsAKbsBChebZly7JO+ztv17GcAGjwECUzU2YfgvbuEZLlmQ2nyohsUTZ048zt1HpZRYAZwP9DoxPu5wM=,190,10,95.00,84.0,7033,84
7-2-1-17-2117758713,100081,40,13,32.5,Fca5DYBQEAPRtdf7b3K6ISUhph9EC5RGOwjQSE+jdZqf+9iWE/Zn/HWaEN8oIpHhdM8yBylZATILrcJb6qW1wOipVqGPGNn26wU=,168,32,84.00,72.0,780,72
7-4-5-9-98674724,100020,40,29,72.5,FUrJEYAwENrsAevfihx7sT4/6cNUJOEYZoC8jvtZa7712dh0WQgbWRmS2a4QyXJPulcFurUBSoLsBnWBnf0D,200,0,100.00,66.0,304,66
7-6-5-22-299437363,100063,40,3,7.5,BcG3EQIwDABABcuWnCMbUVBR0nLHNnQsR8Uw/LvX5fe93R/PzxuQ2DGyeArEag5UWcyQLKbsVU3Z55SsVAk1C0G11qAPaDiTW4AtWdh5zd1OP2Lj9Ih5jt1SKSuSZCjXPw==,150,50,75.00,99.0,736,99
8-6-4-14-305765992,200010,40,4,10,BcGxAYAgDATAfxIIJOA+FJZu4mYuo5UzOIaV3ulctnc97ue7AJJIAs1gycW0NkcKsJPDrI7WwgWpdiHyMKV5FOvYzx8=,64,136,32.00,57.0,133,57
6-9-8-22-920032721,100052,40,10,25,Hcu3EQIwDABAKzhLtuUAw7EIDaNQswAzMQcc9d/z/cLt+ny8Xx8HSOxDBI4pF6oeQBLF6pJyY985OPQ6xkC1OEMvUCEvihyzJ1wihbqZzVn2Pm03TWeLdK905jypl2n225r+2gh7ObKQnNy+,158,42,79.00,120.0,608,120
6-2-2-17-1944454644,100071,40,6,15,Fce7EYQwDAXAJz/Jf9kUwxASUwMdUQrl0MW1cBnDZqvHcj/b6f9rhQSqkTHlAhNDbSKmJknA70R3HUI2Y40l9zn6nLnEmqyB4sOBEPDbXw==,89,111,44.50,72.0,442,72
7-5-6-12-2079953986,200012,40,4,10,DcNBEYAwDATAXHNtLi1P+PNGAMLwgQLEYAInGICdWe7T/FzHub63AfhbcUNhBZohKGseZPaR6lSvrbhS7mM4FdW25QM=,200,0,100.00,54.0,155,54
7-4-2-17-1572764613,100065,40,10,25,Dcq7EQIxDAXAp69tyWf5iqErOmEoipSMNhgKIISNV6/n6/N+Xu63LwBiISWFMRtMBN46aEQqGWkL05hH9+yrAiLt302Nch57uI1V1UUVzTgVvddqQl47xNuu5IxjOoMZeKwf,197,3,98.50,108.0,1684,108
7-9-4-19-419087167,100034,40,29,72.5,Dce7AYAgDAXABHiB8MepaGzdyM4d3MDKZewcRa87N5f3es653ysRG0tM5Jxjw2QACPugUIkp52wtI0ippZXYqwRV8YrUxoh91N7SPwFoOz4=,190,10,95.00,72.0,161,72
5-1-2-23-888208792,100063,40,10,25,BcG5EQIxEATA2UdarXT6CYNEsDBxr4ps8EgOi2CuW9+3/+/xfJ3fDwjELMQEDRqjSUrBc4JYLIdbbYezZFIwqTajWvuYeS1ncjBAEpyxdiGee4ejj26hjEkWmkIIwP28AA==,177,23,88.50,99.0,1036,99
5-2-4-21-1100357153,100070,40,13,32.5,Dc25EQIxEADBffXrVh8+BAAG8ZAGFlGRwyVCJsiZqrZG3pfn7/q4ve5fQCQmEBUH6gMxxpRZS43xSOk4rJmVUHse1ovHvM19NDdH7c2aq2MGhFnJi9pYc9XZlXX0CQjEQqCMqG2ZCu4RyQ58zj8=,104,96,52.00,117.0,2661,117
6-3-1-22-831471909,100084,40,0,0,Dcq7FUIhEAXAuz8W2OUBxtanuVXYhZGJxzKsxTp04tHL6f06f27X+wMgFlWYUDFiBrMKyOFF2ZSqWOvm0bS0pDE0S4YcsOKdas6ojddcHGgb2HuunoPc/58CRyIOUcb3+QM=,28,172,14.00,102.0,3056,102
8-9-1-22-1617797329,100095,40,14,35,Dcg5AQIwEATAvb0nyeWlxQwWqLGCIDxR0WEDphx7XD7f2+s+3w0CoRAUNQ9Iqc2zU3y46r8ckpMQXcWi99zjTI5ID1PNCK8HYpultbnW2UZUdSIVz+sP,136,64,68.00,90.0,597,90
5-4-3-14-293252769,100087,39,15,38.46,Dcw5FQJBEEXR+rV110Y2OZYwQYQIhCCDM8YwwAQvucHT5+14vM/X7/wQwCwgYVFzWlg7fGvuKN2mqmtXa1Sb9bjmXIAl6fCaMZqpgKULBEzEYInsJnRlrGvLV6Dv/Q8=,199,1,99.50,102.0,2014,102
7-4-7-17-1217331915,100083,39,17,43.59,BcHLFQIxCABAIBA+gSRbjF143NOWYBW+ZxmWZBsW4dEZvo737fM6778nIAAhNSYm6QpsjhIhfbAlQDhWzGBdtqnKFGexumVpZvYh2qjWTtthy8PNwgOljSnw+P4B,89,111,44.50,90.0,465,90
9-6-6-5-1112245354,100009,39,24,61.54,Y9Fi3X4++ryoVGg2AyMjAyMTAxMTMwsDCwszIzMTiGJgYmYEMYGyQHFmZhYWFkaGNZ8B,200,0,100.00,42.0,146,42
7-4-2-12-299618590,200015,39,20,51.28,YzHjVveYcqXATleLgZGJiZmJmYWFgZmVjZ2JAYg4gDxOBi5OFkYOoBwLIxcTOxsrIyMrUICNi4OBhYWZiWHZbQA=,199,1,99.50,54.0,303,54
3-8-3-25-1579191125,400017,39,0,0,Dcu9GQIxCABQCEkIl0C4/7O3ci4re2uXcBk/N3AHd9HXv3g/vW+Py/V5/gBiQIopc5GhNlYiU+mOrcSBlKWPDi6uZlGZeqsp0xRwXlZd13nqLDYKeh40lJpg28ftQNl5Ue4bsJGKG/0nAh67HPMCE7y+Pw==,5,195,2.50,117.0,341,117
9-9-4-15-492051665,200007,39,4,10.26,DcZBEYAwDATA6+XaJm0RggFmsIEfXvjAAir4IAQdsK/VOu3bc7zzciMRMJoyi/5XgdVDtGjRMzQ6UwFzb8PkbjZaBVFwnR8=,181,19,90.50,57.0,174,57
8-2-6-12-120075173,100081,39,26,66.67,FcmxDYRADERRe2btHS8NXDeXkhDRESKjPtpBLNF/0m/r8nvuY/ufbg4CnJ0CvPFzZJdBRImumnMUGJKYGZUVqYg2OstsqGez/XoB,160,40,80.00,72.0,1177,72
7-3-3-9-1715750301,100056,39,38,97.44,YzHjnP2gzZg1SaaQgZGRgYmBCQQYmZiBGMgGirGwMLGwsjGzMTMyMLOxsrJzMDKwszNwsLIycDCyMjMz3FAEAA==,200,0,100.00,54.0,494,54
9-4-9-22-1938044224,100089,39,18,46.15,DcbLEUIhDADAQCBAQvL4OuNYiWMFtmMT3izE3izAm+5pw+N0/z5v1/PrA855DJES5BKxUA7MIrmqHc16Cv9EGSxTqilLXaKV6zJx07QNPCKrmBrrhDaUKWcgTj4WhwRl7d73NixIsWTvDgdwef8A,149,51,74.50,114.0,1203,114
7-6-4-20-1956448995,100064,39,7,17.95,DcLRFUIhCABQEEQUVHw2RbO0SiPUIK1R+7RIH697Lj8v70e8bp/rDxD+EyRMxJlECosiYwGqzTKq91Kr9gYkw42sV5cOtc2WPeZqokezAt6XCO5x6M7HmAG2d6wOiUuanLLTmDgQis7YYbJHVM7wvZ8=,163,37,81.50,126.0,2165,126
8-7-5-23-2066099352,400015,39,11,28.21,DcTJDYNADABAew/vfZulMV6R0gmV0EEKSCs8qYQHaKRRn/W4r9+5bjugkEpqRcYa5ymQAIwoE+VC1aKx4J3W8BLYdO+lJO/ioMpcFSwhMS6zj/fQ2oDJmSPmiQDw/T8=,66,134,33.00,90.0,547,90
3-4-2-16-1331274049,100051,39,8,20.51,Dcu5EQIwDARAPafPtmx6IaYG6qAUSGiBGRqFzRePy3u/PtcbnkQsqiCYm4Y4c2QWAwE2DxdKGXO11i6FNImjjM8O93nWbO99PCqgVBQ9MnSsOZfavw1Djk5apPS9/wA=,163,37,81.50,105.0,1816,105
3-9-3-8-1990260415,200015,39,18,46.15,DcexDYBADANAO3FiNgEh0VJS/zgMg5iMgfjuTueyjue7r2MHA0yqqtoWq6aFnoXYLFJMN8JOtEOUiHf7AQ==,200,0,100.00,54.0,403,54
7-6-2-23-1165608010,100086,39,14,35.9,Dc25AcIwDABAfbYl2Y5fFqCFmoa5sgyLMBF7kPKqk/P224/X/fP8AiAxISOyCAARkhCDMEkQvByTWnSLrKaWi2q1bH40De5dPQybndNYs+W2ureEYE3LUvG8ywDIx7FFZm3OeVfz64L3+Qc=,147,53,73.50,117.0,2269,117
9-7-3-15-1746867802,100057,39,10,25.64,DcW5AUBQFATAt+/Yf2uEUBEyjZFpQhOKUQmTjG/Teu7zcyyXAGomHsGkjvhnZqktOiWRilokSnUdw4SpC2I4tJlleFa0MO+EvPcH,183,17,91.50,72.0,601,72
1-6-5-17-1978254063,100088,39,16,41.03,Dcq5EYAwDARA+U6yLD8UQRHUQEE0RkRKTzBDiqNNVvfFvuder2OTBEpKhBrFCNPsJUPDSa+I1qJ3gKOUDhteB1uYVje6x3xZpxFyvj8=,75,125,37.50,72.0,1926,72
3-3-9-12-62011593,100038,39,18,46.15,DcZJAYAwDATATbPNiRAUoKWmkIIA3ujAC8xreGzPbu+94oIM5TR4JFEkgOpi9V92o4MmI11n59TyIVYBnPoB,190,10,95.00,54.0,127,54
5-1-2-16-907418908,100043,39,16,41.03,BcG7FcMwDANAACT1oaQ8T5YFspMbL+CZ3LnzBinT5s7fr+Ozn9v3d4OUOQUpqBKoMJe3XkrUHDSLIaJlDnDO5pg1V0gkUvS+Ilc3SjA6rucP,194,6,97.00,78.0,723,78
3-5-9-8-761190358,100008,39,18,46.15,DcZBAYAwDAPAtGkyPOAAB3xmYmqmh1lAFh7Gva6u41z9+e53ApEkS2WIjYJVf8SU7QAtIpoSa2w=,200,0,100.00,42.0,129,42
6-6-3-13-2134383045,100041,39,8,20.51,Fci5EYAwDAVRnV+ybLqgEYgIKZBKaIshxyQ7b9aO5VLe32fdiIWUxf6auDrA7ggHIwRTc1G26tRaeUSQWnHJ6J6pI7OPLBSd9wc=,191,9,95.50,72.0,356,72
5-2-8-6-1198933067,100040,39,18,46.15,YzFgu+di6v+6dHMsAwMjAxMTIxMTMzMLKzMTMxMQMIMBUJiJAchnZmFiYGFlZGRgZGVkYGCI1wEA,200,0,100.00,48.0,468,48
2-5-7-12-252446328,100026,39,3,7.69,BcFJEYBADATAnDuTYAABPKl9YgsB2EAbNigc0B3Hsp7bO5/vEjWP1GEY5lSgQFAAUulD1ZLsjqJYIaoKaS37/QM=,200,0,100.00,54.0,200,54
8-8-2-14-310984508,100047,39,21,53.85,HchJEYBADETRZJLuzIYFBCAADVPFHQM4wge+kMFye//7mNb7PJZrm0VVNCUTh6vDfiuEgghLBkXWwvczUFlbR4143ZhbyYWd/WvZxwM=,197,3,98.50,72.0,1701,72
3-6-8-11-1322950358,100010,39,16,41.03,BcG5DYAADASw/LkL+yAxCD27UCGxBg01A2LHuhzbfX7vfomah2ZVNwiUkqB6jQIYaUYNbBIxSfPRrpaWhz8=,195,5,97.50,54.0,181,54
5-9-9-12-1343936231,200004,38,7,18.42,BcE7FYBADATAfDa3SXjQoOF6HCGGGg/YokELMziWb677fb2bqDmAsKEkmEk4q2mkBSxklKM7YUXRATmfHw==,199,1,99.50,48.0,145,48
4-4-3-19-1972078538,100052,38,4,10.53,BcHBAQIhDATAAAuEJISAD1v1Yyn3vgasyQZswBm8HvDn9f7cX0q5lJRRW6/UOnUGCsADkKFcdFjvxsqtYpjULAxDBjNSmy7LcvJYW4g0Yq5edZ9zUhpnzsO1rOMxNTeZsdwL2drho9Fv/wE=,139,61,69.50,120.0,891,120
2-8-4-8-580850989,100037,38,19,50,DYs7EYBQDATvk7wgATFUeEEADT7eDAUScIYNMlftzl7sy7vO79ieG5Qsg+5FDg4BchOyMhiq6MKRtFukzL6IRZBVHDivHw==,200,0,100.00,66.0,550,66
6-6-2-17-223949725,100030,38,4,10.53,BcGrAYAwDATQXJNem34VDsEgKCTjMACDMRkCwXt2zOda7+XdN0FQA6IaU/ZSc2JpnvtgSwRAKk0iTDSgmtfGOLyXrsOdUAtyfj8=,5,195,2.50,66.0,158,66
9-4-1-16-1291129229,100093,38,5,13.16,DcyrFQJBEETRrur/zBAKCa2CGDaj1QgsEktUjHvinmeP2/f+OV+/6ykAIVRzgzpFiN0UY2Qlxa06gwQ8akRHuTlM5qqcK3tj7R6RS2xqD91QiYLKfu3f+/gD,129,71,64.50,96.0,19770,96
3-7-5-17-2028050920,100097,38,14,36.84,DcqxFcMgDAVA6SNAEgjIHhnHC3gEd17FG3mMNOnyMkNy9cn2+J6f53HvL2JCEs5FKoGUsgLKyjCGN+LO/xFsluHJQix8gHpt2qXMNcYqsmLWCQ03l+Yp6Hr/AA==,196,4,98.00,84.0,369,84
8-8-1-21-1324745189,100083,38,23,60.53,DcvLEYMwDAVA/Z5tYVmmgLSRLjhyohpmKIOSUkW6yDHsfe1Y7/fn2rffSUwsagYlZYgBBdVIlJr5YtwtaHBGRRFtzM1pSZbuiVCPSZxZZ4GO5zwDqRbRx3R6ff8=,158,42,79.00,90.0,548,90
1-6-4-20-1191575790,100087,38,7,18.42,BcE5FQIxFADAZP99JlsgDBNUPCoEIAQdawwDzODjvN0/1/N3fcc8BowDacIEAJYDWYmAyVCcJZJABLWoy4klkTgNHNN0efdeqgEhjdZawegie1lx1Cb2zMBqG+/XHw==,188,12,94.00,102.0,1781,102
7-5-3-21-1914250652,100070,38,5,13.16,DcLJFUFBEADA3qdn+7O6EwAHSTjJQBoCE5JMqFfyPt2/59vldf0AEiGzACMTsQKAKZsGRPrnoGjkMcVcclEQd7J6HNxab3V0mscCyDVFiaWtOcbc3RqXtDKKhOAb3EvOzS160eghbIHn4wc=,69,131,34.50,117.0,2530,117
8-9-1-22-724902469,100095,38,10,26.32,Dcm5EYAwDAAwf7ETOx8DcaxAzYL0jENFxxqgVnIsz7ude7sLACAxClNSgwzGUlyBI0JVw+L/SixOTQOzdaDhTG5hmpK7WTSco07ppWAercv8S6rCtX4=,168,32,84.00,90.0,584,90
3-5-4-15-954366432,100021,38,2,5.26,BcHRDYAgDAXAPkqhDwr+mDiKK7iDiWv56YDGHbzLx7Jv1/eu9ylICohmK9UcmU1F2MODZFCgLbJZqigKH72Zzxjk5HTrMVy0oCbI8fw=,198,2,99.00,72.0,340,72
5-8-5-12-1161587161,100030,38,18,47.37,BcGxAYAwCARAeHgIxNbOwkGsHMkBXMneySy983N5r+1ev2MXhakbCZpGjsjMUd0oNTCyEZOTrETBRY0dIzC7WGhTcbmeHw==,187,13,93.50,66.0,224,66
5-4-9-18-157693193,400011,38,6,15.79,Dci7EQIxDAVA2Zb8k/Rk0wDdXAGXQVP0RUJGOQyX7Sw/b3f+/N6v70kpF2KS2vrgQTNJnkOZzVxM3awCoVUVWP0KEZQ8Ay15W0FlEdDdJdT2Vuxwv2jMTo/jDw==,107,93,53.50,90.0,705,90
7-4-4-15-479703653,100065,38,11,28.95,DcpJDQJBEADAPmf6XjW4QgMGCEpwwg8bBAE82WclJdfj/f28Lo/7DwCRGISISRUQGGFtA/VIQmWT09VR7L5rzmkpul3X9JQ5ZUztRUCIkGm4YgtzdAd69Qyk7V5IyAK35x8=,199,1,99.50,108.0,1532,108
8-9-8-15-839491737,100031,38,5,13.16,BcHbDYAwCAVQuFBa6OvXxMRJnMwBTFdxICdxAc/Rc377/T7HWsQQRRIQG3IRKXCzqC1lqAuMMjfvqFFjjB7RY8BMS5JG1/YD,105,95,52.50,60.0,133,60
9-8-6-17-913120523,400011,38,7,18.42,Dcu7FcIwDABAyfpZsmyZCZghq6RkCFZhLxo6xuGR5rrjx+3On9/79T0BEBuxqAFRF3QEbI0o2iC3TBUzvZhzKVUOAi/EWh4rPfbevecVpIJDB1vITPQCKngefw==,192,8,96.00,90.0,420,90
4-2-2-22-632030400,100064,38,4,10.53,Dcw3FQJAEADRjZdzQARasARCqHEAOlBEwU3938jj8r635+1z/QESC4CaExGqiLIygTFonVcyIRLaFJxwcjmCFFsboQvJcux1sHe5GlCN0zGufAjZNSK32WcuKlj3nvmMjd8oDGXM2pvUNS0BvL5/,44,156,22.00,126.0,2773,126
3-7-9-19-85486794,200024,38,7,18.42,BcFJEYRAEATAmqO65+g5sMSLNwIQgBIUrJD9YwI/RJAZt+U6nndfzx+cDxEERJEypUBQERKiOG9NvcuRFiqbsmSx0jmSTVqfYjr6VK2Ng/jfHw==,54,146,27.00,72.0,143,72
8-4-5-21-1670714105,100052,38,3,7.89,DcrRDQIhDADQtrQFDihQMK5qTBzFbxdwJhdwgbvfl8ePG9v9/fp+foAAFBhBVEhF4wUpH1wq56YY9FCKZL2NGZzXYLtiDblIiZkce6u1h40rOzTpgoPUhI7pBayV1JdtNK+JYRfHWQO1rpTh+T8B,187,13,93.50,120.0,594,120
7-5-5-21-1055342347,100076,38,4,10.53,Fcq5EQIxDABASbYlP7L8El4LVxApEa0SUsCltMHczIbrn4/rWNf3fL8A8UYAzvnABBKRMcVctJo2as18uYPrptzHpLw2RE1MWVZSrmtuCzBQZI7CatW6hC0efp8/,41,159,20.50,90.0,300,90
8-5-1-20-1577001042,100063,38,16,42.11,Dcu7EQIxDAVA6elny7Z8bRERkjJDN2R0RkRECRTBRRutPo7v53K93V9PYkBYCSQmzgSBqCE4ommHO0Fz9JYtctoaUbxBKh5pMblOJLOUNsbZix17lpAs6+BVmUHv3x8=,180,20,90.00,99.0,1279,99
1-1-1-12-179053345,100058,38,2,5.26,DcE5EQIBEATA2Xf2IUQHaiiMEaLgstNDhgwy6Pb75XX9HrfH+cafQGEeAmSC5VGAqjdltpyl7kF2S/aExayRkhoayV7h7ERYb9aOGQrPzw8=,139,61,69.50,84.0,970,84
9-5-8-18-1710555345,100071,38,11,28.95,DcJRFYAgDAXQse2BwAbYxWMGMxjBJkaxin/G8U/vubrN17Pu/p4LBSZRxMQyZSoV5vCgwsatt27Gw0avJTiIUItEYbE4tNFE/4yUkAE67g8=,129,71,64.50,72.0,383,72
1-6-8-14-1573841167,200007,38,4,10.53,BcE7FYBADATAJLu5fFCCAd7Dw1X4oUIbDUJoscAM9+U8nutdt1vUDErCOSJTTQqeZQF2GpJW3UxSIggUBqqGR8j8fg==,186,14,93.00,57.0,231,57
7-8-2-13-1344040327,100048,38,24,63.16,DcSxAYQwDANAWbKdxPmCUZiBlViHhhVgB0pm4q84337PctW7njtgNIL/5AqlSWgI72EjBNpAoqY8plLl3khkz1nRsg8njvsD,184,16,92.00,66.0,563,66
1-5-7-16-847692244,100079,38,26,68.42,DctLEYBADATRzOYzmyUIQA0C8MMVA9yRhRI8sLeuV9V2rM+3vfepJZCmMA+F07T1DM9MIYfHwsZwB7OckTU7gt10UUMfY44aLAOmQK79Bw==,195,5,97.50,75.0,868,75
6-6-3-24-720921534,100052,38,6,15.79,BcHJFUIhDADAAAGy8NkXW7IhnxdL8WwD1mQdzuDzhvm8X9/PD4y1Dn0wEaIP6AjAsMRoWa2zQgajpojMF3kMhtWE4CUHsK5UBS+udck0cEwu16VrO8ksp2sqi3VXv+TM1BoPOkp1k0wl6vC4/wE=,185,15,92.50,120.0,547,120
7-2-4-17-1484195914,100090,38,8,21.05,Dcq5EQJBDATAGUn7Sfucg0UQpIBBAoS3VaRBKJfPndNW2/f4v87n7/HeoKgozAiSalBJWW5FC1BbAk2t5GqFEN7Xha26e/SRIjcfM6LP6B5zjbXw2Rc=,126,74,63.00,81.0,829,81
6-3-1-16-1755971924,200024,38,10,26.32,BcFLFYQwEATA7p5PkkkwxYkzAlbAKlkFqwBF+OE9qvzYfp/7OffvHyQk80hPtR4YxiqJnNMwIMJmZFVG2krTCrDUQj7Y+urucKJw8QU=,65,135,32.50,72.0,159,72
6-3-2-20-1941244455,100064,38,6,15.79,BcG5AQFAFAXA98+9b1WoQ6glChHrgPIEZvR5+Tzm6/69/kAgFhWYg0xMnZyhBLYQE1nKQQsTUxYtmdi9FotJRBCo9VGhDRyTYjrmGpvWinnx9rNPkLGmWfJ6gqpEQut8Ts+WPYW4Dt63Pw==,182,18,91.00,126.0,2337,126
4-7-2-20-158617054,400012,38,1,2.63,Fcm5EQIxDABA2bIk67nzR0BASAPkUBAzlMLQHu0cpLvldXrcz+/v8/qBlLFQRhasKWVQIgRANvDwyGHKah7oLJqFS2wmupu3MGvdx5At/E+s0XjTXbuM6TzXmtL5dwWIllCtGW6XAw==,175,25,87.50,108.0,1221,108
5-4-5-21-234667303,400012,38,3,7.89,DcPbDUIxCABQekuhT0oLJg7gGPrlNCaOYvx3MtfRkxx8nm7X8+v7uLwhHBETcQ7wX7hSxUyVCDO2noZMlbUtdcdNRKC2C7uCShdz22u52xjSFMwZddeDhNuce4QwyuADaqgxcs4Mn/sP,37,163,18.50,108.0,779,108
2-2-2-12-883662776,200004,38,4,10.53,BcGxAYAgDATA//AhBNSGxgXs3dHawvFsnMU7nct3rPO+3g20IkIu1mDL7FLmSA5QGG7I0iJqL72ZV2B/fg==,119,81,59.50,48.0,100,48
1-2-7-12-1889600474,200015,38,11,28.95,Dca5DYBADARAP7vrM40gIZESElMOJVAEpVEQN9HgWNbr/e5z38zDPUEVxBhQkMQktkAY1COFas00sxo0e/QD,199,1,99.50,54.0,332,54
7-2-4-22-404954671,400017,38,12,31.58,BcE3AQIwEADA7+nJp+CACV1M7MyYwA0OMIIN7uR5+Txet/v7+gUkImQhVhE0JDNUZVMCRhIwIaUQMWUzKUW5cMUYQGtTzklabzJSNHCf1cea3mW6cd24Vq+rB5951nNWn6B78zh9Af7+,143,57,71.50,117.0,1142,117
7-6-9-15-1901427908,100013,37,27,72.97,HcSxFYAwCAVASPJJIBAHsdMlbN3JgZzG2g1cQZ/FXdmmZ71mOfeDOKXM3wXyS1SJCdIIag3o7vCIqKYWyoOjOarlGJp78e4GHaZ0Ly8=,191,9,95.50,72.0,301,72
8-7-3-14-864570833,100096,37,3,8.11,Dcu7EYNADAXAp790p3NIB2SOXYgrcEiJ1EE3ZCbdmdXfa/ts72v/HiAwRJiIVQ3iESAPS3nUyQylrOY2cqpDsz0Iwoth1l3ZZVXPWZNA3D1YJNZkH+lZjvP+Aw==,191,9,95.50,96.0,1856,96
4-1-1-20-1000187356,100093,37,13,35.14,Jcm5EYNQEATRPWb334cCUU7g4RODEpGtBGTiEpVEUfWsbiyP4/ndP+d7JeaLiILYVITUDCQkBvV78RXVQ0yw7BmOEEqNKebWR5+1JOcyRm+1meqcRFB2Y/zRa/sB,172,28,86.00,96.0,21694,96
7-6-2-14-2114824289,100066,37,17,45.95,Dcs5FQJREATAnqPn+Aeq1gExIshQgwQkIImImMdGFZXfLsfjff187y+IipkpTN1c/VQgrhR3BJPByEp2sboyEtUaHQFSRo+pMRPta6wtbvOssL1XmTDw/P0B,191,9,95.50,93.0,2746,93
6-1-4-23-1393866471,100051,37,4,10.81,DcTLFQIxCABACJAAYclnS/FsQVbi04st2KEtuIcZfpyffH9vd34BFkAEurBwxVakXVckqiJMgIpq3oGi1qMkDLMMntm6uC/lQ9KbcR+BWUJ3KPhc25BiTS/Ddh6grcDv+Qc=,121,79,60.50,105.0,1048,105
7-7-2-17-626789297,100090,37,4,10.81,DcjJDYRADAXR761t98aJE0GQAilMeCNNGhMAQZAPXZcnlX62//kcv/36AiBiUVMwq5AU9pACxlriWVew4o2XWUkIpFZ7erYI8zFn9ZF9WoseOQL38wI=,27,173,13.50,81.0,578,81
6-9-3-15-551966248,100013,37,8,21.62,Dcw5AYAwEATA270nP0Yo6alp8YQgZKAAG1ggI2DsWL7tXeM+LwFANTdKJNIjUycy4AWwKLVFblI8pA+DiSYV9dGYevVeR9Y5mOzPDw==,200,0,100.00,72.0,283,72
3-1-8-11-1314119981,200003,37,4,10.81,Y9HiNDo2L70p+KILAyMTAzMzCysbCzsHOwMQcLAAAQc7OzM7IxsrE1AAyGViZWNkZ7j2CAA=,190,10,95.00,42.0,91,42
7-2-4-22-1091080930,400017,37,9,24.32,Dcg5DQJBFADQf899Dw6oUIIQKnpqTOAGB5vgia1e8uR1+T7ft8fnegASCxIJgCqyMCKS6Ykony1EIM5riCCSMpnPjmNgLaZQKtQWtfXC7HJI3vqoXUe3kSa0tepsdfQ69tqzzQHdsM094Xf/Aw==,195,5,97.50,117.0,1154,117
5-7-7-11-184404038,200053,37,15,40.54,DcE5AYMAEATAe3bvo4uqWEFMhMQHPS0WaDEAzOC7nJ/jv2/3T1TM1N3hJAIEyYzwYCiqB/Vij5uWSaZW92iWBMU6a3KmTWS9Hg==,199,1,99.50,72.0,468,72
7-6-9-10-960595097,100088,37,18,48.65,Dcg5AYBAEAPA7JPsHjIQQUmNILwghRZPFLTclJPHwu991vvcMJlHOpJJWhploCNImJVK7Qx2jKHOUZDQqoHO9phbLhVw7T8=,196,4,98.00,72.0,1431,72
9-4-6-24-1754075368,100061,37,5,13.51,Dcq3EQIxEADAM5Je/k6WDskIKYGQJoiYoR0I6AY2XnM+3d+Xz+txewISASOTsQzu8CEmjDGXDPXIoq1TH75o6jX8z1xYlgOnzulm2VshOH8II1RCTnYMak1lMkxCQbCyDBPC9fsD,81,119,40.50,102.0,819,102
8-6-4-14-1866807496,200010,37,16,43.24,Dca5EYAwDATAk3z+JJt+HEBGTJFUQ0QNlEEEDnZmOZb9Xc/7+S4IdAqgzpExMZeACi1ibq31zOJBBDWraWeMqdeWHMf2Aw==,155,45,77.50,57.0,148,57
5-5-4-14-2123627567,200015,37,10,27.03,BcHBDYAwCAVQ+gsFWnCNJiZejSfPjuMwDuIwDuR7vC/zer773FYqQAVLUzET7zK49THCPZWkK0QrwRIaUdASpSqD3uMH,174,26,87.00,54.0,166,54
7-3-1-18-1807924903,100007,37,32,86.49,FcZLFYQwEETRTldVks5n7KCAPW6whREs4AAPZBbvncv9F7qP7bweS8nc/1tagWCSaTHDWWo182jowpgimkabJSqdmt1zLyOyvfgA,194,6,97.00,69.0,247,69
1-7-2-19-1260905438,100078,37,8,21.62,BcG5FcIwFATAXUn7D12uhE5I/JxTBSk10BQJNZEw087j+Xs9rtv7DgKlltoIkrLiVkONwSQU6mMKydXgLsExmb4TacvDNCyxIjo0rXPvQXw/fw==,158,42,79.00,81.0,962,81
2-3-2-12-2003794828,200004,37,11,29.73,BcG5AUBAFAXA96/9F5KtQa4CzYkVpgSJWszosXz7Ou/r3UBgUZARDZdIL2b3ThlN1BhqDlQUEKluwPn8,198,2,99.00,48.0,117,48
9-7-8-17-700656341,100051,37,1,2.7,BcFLEUIxDADA/Nokzad9WrgxgyA8YAAuWEAqu/K8vv353R7yBkBiGTJJJxgaD1fTuSKdhg1dVatW496Rx1b4BBlq5wRw7V7Ilb1TSUBockVM6j59AMfOg+65BZwB7q8/,35,165,17.50,105.0,901,105
3-7-2-21-1016133840,400013,37,5,13.51,Dcu5EQIxDABASdbjRzp/BLRBSic0QMBQCsWQ09yx+fL7cv8+b7/yeQBSYhQktVwqNwVXN4lwsEiknrnUpmLYauHsdKSIfzImcFRQYDDrceiQjuY0cawNRxcZ23DN5SJE4lM3vK4n,35,165,17.50,108.0,3977,108
9-7-1-20-108319232,100036,37,12,32.43,DcipAcJAFAXAf+/7e1IfDeCpICqGSpAodMpJF8nIsefj+/6cx/bfiVnU3IXDOIrBBYhkSb4ToUpZW0Kt9T6CdEYldeYlQjMrnMqYK7p5RK4GsYEicKbf6wI=,193,7,96.50,90.0,672,90
5-1-9-20-755779060,100097,37,6,16.22,FcTBFQIhDAXAD58QICGxELvRBraEvWmHlmEBPmvwOYdp98v38bmer+ONUtmk6xDFXKaVU+Hb4IzYlh5gUoSrWiNEirGkZTp6D987xvhvtoyAzmyK2/MH,184,16,92.00,84.0,435,84
3-1-3-19-251355652,100021,37,10,27.03,DcrJDYAwDAVRG+dncWKHAxIFUAQt0AMSbVEkogBu5DhPE455X6/3We6TeJIARE6CHArySK21mXrxXjXJlKEGZkFRG0yte4zejVzHliDMUNq+Hw==,200,0,100.00,72.0,328,72
8-5-6-14-1544052034,400014,37,17,45.95,DYq5jQJAEMDm/4eqqAYRE1EGZVEKNHDJsXJky3K/3D5/r//38woASMQEAsyEB5LThIBVjzKb+AlheS5MjNIeWQ9N0QoazkHFLs0O810b9Rq3be7IWnMvn/ZVeHx/,200,0,100.00,108.0,3621,108
2-8-5-14-1010038930,100016,37,16,43.24,DcFBAYAwDAPAdO3SbisaUIAEPjwQgAlU4AdjKMAA3Nk2Le9xzeezQopaJR3uLoqQ1rVzkMhkzSiGX4aKxFDpbagTLekMK5EV9/4B,199,1,99.50,66.0,275,66
1-9-3-13-1814968741,100037,37,24,64.86,DcdBDYBADATA7navdy0GEMMLCXggwQ4JDyTgDBswv9E6PfP57st9GehqjS0gmMEDlFN9SFklQBE1qjLJEQiHg/TqnZD/s2P7AA==,195,5,97.50,66.0,540,66
2-9-7-21-621258912,100036,37,16,43.24,DcuxFYMwDAVAgWTJX7Zlsx5jMAEVDXNQZILUGScjpIvbe+9k317H/f2c74toWVk4CauosWYTeHESpHWhUtvUgLuZR0doDpRZEtXM0keHMw14C+bqwIzRhoky0e/5Aw==,120,80,60.00,90.0,877,90
5-7-3-9-2010000762,200007,37,19,51.35,DcExFYBQDAPANE1+y4AIRgzwHjbww4Q2FoSgA+60T+fxXO+63YgAM0XKDppwepSTbhA/KqIlj05Xd3ZBHIFl/gA=,199,1,99.50,57.0,282,57
8-4-9-23-861015432,100089,37,8,21.62,DczJEcIwDABAWZEt29GR+GIohaEC2qEJfnRKAfxgC1h6Xh7f1/12fX8g4EYUMXEuDLXEXdT8AEJXYpPC8axQSiPC3kfEmEuuY1pTxWmbGkwf7DLjZgamIfg/kHNPh8hci6Uvn+2Q/XRR1wTKPw==,122,78,61.00,114.0,1909,114
7-4-4-14-317513225,400013,37,8,21.62,Dck3AcIAEADA7/3xkhUnGMgUKRHDjjky3XByvd7f8/jl/QEkZEIRfSBSIzRnRFL0IEgPgdRnCZNTLJzBC7tjkmZIYNOUA2pqdZqZN0y9x1q3qqlrtmcWG+L+Aw==,56,144,28.00,108.0,5794,108
8-6-6-12-865156249,100083,37,18,48.65,DcdLDQIBDAXA13/7ih1ccCQhQQ3JylhJmEAGR5jb+PNyXt/H/fZ9QURhHilQC6lOnYz6RyuM7bulyRIwWtJVzNxschLZw2RQ0Ku70BFz0DnbRTw+Pw==,190,10,95.00,90.0,905,90
7-5-5-19-1473739626,100064,37,3,8.11,Dcy5AcIwDABAvbYlyy9b0LIGKyWDsAaswjYUpLzm5Ly9j/l6fu4/QEQAQiJmEdCUsRg5CFKNC9q696olEYw5J+HarWNOqVottTWPNfbO0PZaA9uKImwp1HqPPVexjLLdmYEywhC+lhFGRWtXh8f3Dw==,99,101,49.50,126.0,2301,126
6-2-3-17-1364202125,100066,37,2,5.41,Dca5FQIxDAVAHV+yLfnanmiAt/EWQUZVlEBJRBQAEw2u4/Z8n5/v40XMolBlMoeRaKlg/qe5qVsQJUPdJbz1HH3KVK1rTyuNY4wAopAtcAbVJMC2Zq7O24Tu9AM=,63,137,31.50,93.0,2388,93
8-7-2-21-110772490,100061,37,3,8.11,Dcq5DQJBDABA//Z6/yuSjDIIqYCMCIl2oBsCLh2NXI775/p9P28vQGIUJSFAMTcJVvGSDhCJIZmVm3OxU8yAPPEsjF3UB6pGpdQ50sJ8Ul/bsFeibGNtlF1otmUOv8cf,168,32,84.00,102.0,1130,102
6-3-7-10-780194046,100010,37,4,10.81,DcixDYAwDATAd/L22wyExCD0zJGWColJqJmGaUh5x3U5tvt8n/0CYK2T9FAEs3sqZ6pUIRYag1Z0L3j3mJYVxvcD,200,0,100.00,54.0,252,54
7-3-6-14-243347233,100094,37,9,24.32,Hci5DQJBEAXR39dMn8SwBi42AZEEmWARCnGQDitUek7p4/L+Hq/r8zYgYsJJlE0A/rdAdp7NDiUieKRXT+i0EyDaM9mVnTUh3uFFLLt6WXdaTalVlK3k2Pjcfw==,38,162,19.00,99.0,602,99
7-4-5-11-2138676846,100047,37,10,27.03,DcpLDYBADEXR9vVfPCAAAWiYhAUiWGEHH/hCBrO7J7k6lv17ru09VmIQIGBRmyUewWpZAtcmM3ZUZXNZaET2RPa8wOomaJBnE5Tu8wc=,119,81,59.50,72.0,963,72
7-8-4-13-1350486190,100085,37,15,40.54,DcqrFcJQEAXAu3v3m304ThyKZlJAakFgaJNSkESNGTtv+/d3f74eb4gAUBGawFRUKXQ4VC3SpCKTvTmyWBOGxUV2y/iyJKNiZi6v491Z2xQ+xx8=,200,0,100.00,84.0,562,84
9-5-8-11-300648484,200007,37,16,43.24,BcFJEYBADATAZDLZHCjBAFXYWDP74oU2PghBB908t2u+97cfjyiMDqjbCGAwHcksd3YVtErNTC2SoswM764Bgaz1Aw==,193,7,96.50,57.0,197,57
1-6-4-16-486393124,100059,37,7,18.92,DcixDcMwDATAl0i+npS8ggsDbryM4SkzRJbJFKmTK8+f7f5cL57HjtYN3mEejRymgKml6T/ONEI9E2I5PN0yFRYVSWJWVYiDw3Ou5aW5hPf3Bw==,69,131,34.50,81.0,665,81
3-8-6-12-1165098201,100010,37,17,45.95,YzHjTrDsad6yKrSTgZGJmZGFkZmVkZGRjY2NGchhZmNmYWFhZ2Nn42Dg5GJkBQpzMgElmDiYWThY2bm4GDgZ5HsB,200,0,100.00,54.0,192,54
5-9-2-10-1846609357,100002,36,18,50,Y1HntDrKMfF9W+RuBkYGJmYWVjZWZnZ2VgZGDhCflYOdhYGRjZmViYGFjYORgZWRgcH4BAA=,200,0,100.00,39.0,70,39
9-4-3-19-1129445632,100058,36,8,22.22,DcW5DYAwDABAf3GcP0GIMZgGsRwTIBrmYRM60BUn23TM77nu9wNICMTi1P170xDZmUgyycVCtRaRmDjEPsB6bypjQCJG+JHH3LSWkkRzVfQMQATX8gE=,53,147,26.50,84.0,828,84
5-9-5-12-233642972,100020,36,8,22.22,DclBEYAwDATA5C7XNimqGBRgAk+44IMPUAT73ViX7Xjf+9Jj5mCIaN5hgEIjIos0mHvXzDaCqmw1Z3c3/JcVI1kJCnbuHw==,191,9,95.50,66.0,208,66
9-6-4-23-1141131179,100064,36,5,13.89,DchHAQIxEADArenJpaMBtKAALyAEG4c8HjDPkdflfNb3/XP7AhKjKIOAASVrBZ1nCkrioxW10QlgMEopO+c0u1RsVD0MspTauu/t8AfH4XviubYw0gRFn1ZNxFzm2HP8L7VaiqW854oRpAQAhOvjBw==,62,138,31.00,126.0,1625,126
9-4-9-9-1145315869,200003,36,19,52.78,Y9HiNDo2L70p+KILAyMTMwsDkGRhZGVjZ2JnZWNlZ2dk5WBlZGHiYGNmZGdjY2ViY2bnYGKw1gMA,200,0,100.00,42.0,92,42
3-2-8-11-1845173820,200004,36,8,22.22,DcipEYBAEATA2Xd2qQJDDPjLEU0yZIPBkgYn2rSP5T3W/TqfDaLmgYQD1AKqWI3WyQVprCDnB9uyBff3Aw==,200,0,100.00,48.0,164,48
8-4-6-14-124351807,200053,36,5,13.89,DcmxAYAgDATAz0MCgWDhVE7gVg7iHva2dtZOoV57eZme+drP490gICVltUKpDlO03jw4wHBBdFVog7inXJJKNSOLje7Z6v8SFMbAvX4=,43,157,21.50,72.0,331,72
3-9-7-9-1007326848,100035,36,12,33.33,BcFBEYBADAPAJpemZfCDRR5oOAengQ8qMIAOdnVs53zmvb9XgMSAgIRJJ13OpuToTBFqdKqGmlQH5FGxvh8=,190,10,95.00,54.0,202,54
9-3-7-16-1802987658,100057,36,6,16.67,Dci7AUBAEATQndvb2fsrhFARMo2RqUeiLAkvfHGb1nOf72O5BIIgGo30BM2ZhZXWvLOCHpWhmPdhLCHD3UQGFDKStJ6aoEKj/vs+Hw==,25,175,12.50,72.0,491,72
3-2-2-20-170187332,500001,36,5,13.89,Dcq5EcJADAVQ7aWvvbQXiVMndEMBdEN3zDDjguzEvPj51+P3/l7bfpxkrPOBAWZBTLlUIWRV4VI5eBdQxbsItK7/ErPYocn01npJxhJj6Jw6wGvNRZ/nDQ==,198,2,99.00,78.0,309,78
4-7-7-20-151472887,100094,36,6,16.67,DcbLFQIxCADAfAgBQoBsLMCDV6uyCUuwA09WYEG24765DDwun9/1fXveZ8qlQivYCyJRRmiNASt0JGEEEZbUZSjzNA8imx0TZgsPM11yDOtnttYJI7Tb9uXhtFfocWLX9H39AQ==,119,81,59.50,99.0,652,99
2-5-7-12-776040775,100026,36,6,16.67,YzHjlshXea937WM1AyMTMwsrExsjOxMjKzsTOwhwcHJwcXFxMrGzMjEwMLKwsXNxMXNysDFycAIpDk4WRi6GNkUA,200,0,100.00,54.0,181,54
6-1-3-24-1826962225,100051,36,1,2.78,Dca5AQIxDATA1WNLlu/8XifEFEQpkNAC/dEETDT6uN7t9bnd9QkiJgBCmjgzGRlDIWwJKUsicqinrEWFlQJUqx35PKlJH8P5/7lSawvZUaPvAz5HbLESvVjsGYudGF/+AQ==,171,29,85.50,105.0,1093,105
1-1-2-25-716225519,100094,36,20,55.56,Dcq5EQIxDABA2+f/kyX5IyMgpSdmaOI6ISKkJtqBjVc/L+/v9XU770VIocShjZVOOeV9OHQ0Kctooy3F+RrCYRJAQ0IAKky1p5w1jkkEvPYehNwAe+0A/G9rYtuj4VxEjRlBfB4/,199,1,99.50,99.0,703,99
2-3-1-12-842380112,100041,36,6,16.67,Dcq7DYBADARRr+313ocyaAQiYuqjS0TOaaInTV7bEzi/dz8M7gFLVqRWVJHuWi7KIlqlmaoTNaZEwGYLd2ZTIUfvOcd6bvw=,199,1,99.50,72.0,377,72
9-9-1-14-79453323,200015,36,2,5.56,DcqxDYAwDATA//htJ2YHWiQkWkpqxmEYRmMMhoCrT/u0nPdzHdsKkI0mj+yew6RMbypZCW6gxQDTieo2uv87knjnDw==,188,12,94.00,54.0,209,54
6-4-2-19-903166238,100083,36,15,41.67,DclJEYNQEAXANwszf1/wgguOOUVDRKQKGUjCBSpyDNdufa/ndh2v/fcFgViUF5CZm6uRMyyQGh6PIflTqrlUxcIkkuCtD1cR+LBg7GPmWHqrNZce25xOlkhxf/4=,187,13,93.50,90.0,916,90
3-8-6-14-970008977,400015,36,13,36.11,DcKxEQIxDATAk6yTLVlihojGiKjgi/hK6ICGCKmEAGbXHpfn9/N63+4nRHX8mZIg4JiiK9J0DKVQdoHesbZmubmR3As5RWbBq7vNY4zwYjIrHeHWzcBx/QE=,200,0,100.00,90.0,902,90
7-4-7-12-1281550581,100034,36,25,69.44,FcJJEYBADATAHDO7mwRhfJCFDhxQPDDDDwVoAKob83Tv1zav5yJqpv4XV/uouyqI1gchbiaG6EhGSRRjjMzKFhVkUrLYOgvyHC8=,200,0,100.00,72.0,317,72
8-6-1-17-812988118,100087,36,16,44.44,Dcm7EQIxDEXRJ+sv2WRbGE0QbbgZCYVQxzZGA3juzEmuvB7H83Ofv/sLGiw6eCemqiDyYRDZKu+pQWQJqlKjtHCIGQtrOXVOIGbBR0usWszqK0Iq2zHSZrd7tuB6/wE=,190,10,95.00,102.0,1322,102
2-1-4-11-609383589,100037,36,26,72.22,DcixDYBADARB39v8+44GKAYS2iCmICQCSqAz2sDJajWxz+9yfef63AageYupj+592AjzspZwp2CTkkBCKdYlqSJnSoYqw47tBw==,196,4,98.00,66.0,451,66
1-5-8-17-17221174,400015,36,20,55.56,Dcq7EYNQDERRSavP+yBSKqIDR67FlbgD+qAGQiohQDO7yZ2j3/X/3Me1fX7ELFDzcCZp5NSHYASmRtcglYW4xk0QGVYyNRtxpT7hRd3M6iUzgVR4VNNJ5/4C,128,72,64.00,90.0,1099,90
7-3-3-14-1663789729,100093,36,2,5.56,Dcy7EQIxDAVAPenpbH1MJ9cT1EBHZMzQACEphVAHTjdYXi+f831/fR83gYoCamJKkBBSAGwHRbeamYq4H+NwxRzjCJ+R1V3ZEXOtcIHH6qy0ZDdTaWVatYPf8w8=,122,78,61.00,96.0,19184,96
5-8-6-14-2054223066,100071,36,15,41.67,FcvJEUBQEAXAebP+bUSjxCAGGQlFODJR5eSGvreu03EuWz77TAAxRM2DDUWlRnOEx4/VLDrce691kIwUhjqbaQ4RykZc8C1qdN0v,195,5,97.50,72.0,369,72
7-4-6-14-1663096340,100096,36,6,16.67,DcU3AcIAEADA7/0Z44CNOUKigBE5aEMRueXk/TjO4/V7Xh9AAALGe7wXUWMhFmAPgyQv6lF2m96dUhhsjIzJQcURCFdzyN2uqm3NiZGuMEJLX5DvHw==,185,15,92.50,96.0,1450,96
4-4-1-24-429689364,100061,36,4,11.11,BcG5EQIxDABAPZZsyfL5o0YyyiCkAyIiZmgH6jl20/Xy+N5+n9f9DQjESMAJGEVUlSlDLqjm1SKEpQkHlJoY0R2ytxLH0cfENdtEVTdRQGayrRJp7bUH2LDoIod6r0TwPP8=,175,25,87.50,102.0,926,102
7-2-1-15-521750425,100090,36,14,38.89,Fco5DUJBAAXAd+29lFSIwAIWkEeCDaQQhGCATzPV5H56Xd+X5/n2AChY+UMLBBwwByFLrTYJliYpPoYC10Kza2T0uRrmjjxa33Ovhc/3Bw==,180,20,90.00,81.0,953,81
1-8-4-17-1429981938,100075,36,16,44.44,DYnLDYQwDAX9SZ4dx6EwBDdEE1y40QINbGXbEJHmMKMpx3L91/N3bw8xiXKpBQboLK2FZCprtblIDCzqzYwAYg7uLEg4NGNYH6OFhmfrkT5xJO3vBw==,172,28,86.00,84.0,3475,84
3-3-9-12-1794793171,100038,36,28,77.78,YzHjOazBdndnBMdaBkYmZhZWNnYOTi52FhYGBgZ2dhZuBhZuFiAN4jEwsbMC5ViY2bgZ2RiZuTg5WNmZWBgSTgAA,199,1,99.50,54.0,155,54
2-7-5-23-1934633852,400017,35,3,8.57,BcE5AQJBDADAfHv7JvujgAoTiMACFT01JnBzDlDFjLwv5+tze36vP0BCYnEHeAoxCQggC1J2JIEJhZmxAKtxwJrJRX9IaSqQEbplyz03Uz68Vk3RuipqA+mjzbXm3mv0omS9mllqjWCODffHHw==,172,28,86.00,117.0,1078,117
5-1-6-13-1682700404,100080,35,23,65.71,DcpBEYAwDATAS3qXNkULMpipnVpABWJQwhcJGKD7Xh7beT3fPceAOYqbGyFSwapoqd7ImlYZkhLZ2aysuqJHlnXV4RmOMDje/Qc=,199,1,99.50,69.0,847,69
3-3-5-13-766439031,100020,35,16,45.71,DcnJDYAwDAXRHzteE5pC9EI9lMKFMy2QirD0DiNN37fjXOu55QMaMXEXNXWLyBBmSfdAqAI8ZqNOpc3JptBanpFlVA3H9f4=,116,84,58.00,66.0,191,66
3-6-5-16-1477569200,100004,35,12,34.29,Dcq7DYAwDAVAx/nYL7HNQgxBwzwMhlgCUVMwCSlPurIuz7fdxxs7JaZcamNRgfZhsERdFVJVReBZkJkKt8FRwz0m5hhoRuf1Aw==,150,50,75.00,60.0,130,60
9-8-3-15-1940095688,100067,35,8,22.86,Dco5FYAwEADRva8kCEQABR5QAjrQQI0QNJAp531Zl/t69zi/A5AYGQQIVYVNncLTc+ZV1qy31CKYTtjLfAzv6aSCOB8KUzOIZOsjJmDNYhIEgO35AQ==,187,13,93.50,90.0,1834,90
8-4-4-18-829877747,400017,35,15,42.86,BcG5AQIxDARAafX5bMvP1UBEXUTkxDRBN8QktEEjzOjjfN+f19vr8iVisBBBzQQKZg8TjSjkftRGpLCm0jkcVktD4QZuteeQtGEKyan1cGsSdSXvGHkM6Z1Md6L3MTeW6FpcB/lcWPT7/AE=,158,42,79.00,117.0,760,117
1-4-5-19-1309573802,100058,35,11,31.43,BcFJEcMwEARAaTWaPXT5ERzBYQAukzMC/4wnBIIhv3Tj2K7X736fzydlKShJaiaS0uBRGCrNuw8NY3ZIdQSHBef01mxUJwSiAqf15TNCda2OCKFJ2r9/,198,2,99.00,84.0,1765,84
7-5-4-14-1651955829,100087,35,8,22.86,DYu5EUJBDMWez/WxJqMwmiBgKIJCqOM3RgNsolEg6fN2f3yu9+/6AiAwC0hIBMpgNbcVmeXVSiR7y+QM7XXEmKHwNsJaO/3gDF3Bod5V8LSZcIlKZyGPRp/29Qc=,176,24,88.00,102.0,1724,102
1-5-4-24-99032498,100096,35,9,25.71,BcG5EQIxDABAW9ZnyfJ3M9cBGfEVcjEBIbVRDhWxi+/jvM7n73F/UoaSMOdEUJCpkKAKVLPq6k1DgkO9dgses3mn3khGAPgUEFNGEwBcTip7bsS9hiDFIgI25PR9/QE=,185,15,92.50,96.0,2524,96
6-2-2-17-1192023236,100071,35,16,45.71,DcbLFUBAEATAHj1tP/YjGE8MInCQkVCE4yIXN+pUvs3XvR71PRfYADo1huigJeVJQc5cVM0cIBWcBiXZMI0ltt5b63/BlEWvFSUC+/MB,110,90,55.00,72.0,407,72
7-5-6-16-317243987,100004,35,5,14.29,DcHJFYAgDAXAhIQlwA8UZBF6sB6t0efZg5XojC7zftfreHynHwdh0Zg4U6ZUrNbW4ehNvaWIYVkk2AAKMBBQukisrrSdHw==,196,4,98.00,60.0,159,60
7-6-2-17-822058577,100051,35,1,2.86,DYu5EQIxEMD2877+rhZChgIohVIgoQVKxYkCjSSv6zs/v9tD3oCARIfMAtSIkFAbq7k1tqMkmrqhRrpKszpxmvVUzNFnuYSvqjynKcSehbxjriGWI1Rpr87ghXB//gE=,194,6,97.00,105.0,1388,105
5-5-1-13-410382060,100016,35,29,82.86,Y3Hi1v0cVCuf/tSWgZGJmYmBiZmFgYGVhY2dlY2Dk4OTix3IYmZnZQTJMDCysrMxMbOxc7GxsnNysAJJoDwzCysbUJaJgYFhXj8A,200,0,100.00,66.0,432,66
9-9-8-7-1112473577,200003,35,22,62.86,BcFJEYQAEAPAHJPghScacIAIfKyQlUPxo3BE96zLdv3P3/HuICF4ZDlG0zaoAQoYJg3HEnE/Hw==,200,0,100.00,42.0,123,42
3-3-1-21-1239076765,100095,35,15,42.86,Fci7FQIxDATAXXlln+Xzjw6ohBaIieiOnojIaIPHhKPH5fO9ve79XUGClsyg5JnlqKHaSlPgFOiNUFeMmGvnVX2FpidjIbrhMDt9ewyFz+E5emj7f0Fcnz8=,162,38,81.00,90.0,485,90
2-4-2-9-1894761848,200015,35,6,17.14,DcmxDYBADATBO/vsN5UgIZESEj6UQzGURkFYm83qWNb7/Z5z30ADXVLkKAW7jGBJg5ToLUAOY6asEujruOYP,199,1,99.50,54.0,413,54
9-8-6-17-1133946181,400011,35,25,71.43,BcE7FQIwDADA/Js2aVIU4IkRU8wYQQQLG3J43Mn9cpXP7/343gCQmESNeAAquirMOXCFaJqE7LQoygr3zixET4Ty06cr+DQz4lwke4vZahtdFK7A8Hr+AQ==,189,11,94.50,90.0,517,90
4-4-8-22-859912609,100070,35,7,20,Dcu7AQIhDADQAOH4JTkSwFoH0MJ57J3AwW4Mx3ATr3zFw8/l+bs+bq/7Ac4Hh3HDlAFSqZtrsTQqnHLdcnTSYvB7VyVjo+BZsI4xqZ80lp1FGqjqxDXHUh1qMg17nxMwDhFy7eyDbUmPjpitAXzffw==,63,137,31.50,117.0,1260,117
7-9-8-17-207637232,100007,35,11,31.43,Fcq5AYAwCABAIEAgf6ZxAnu3cS0XsbN2ERu1uO54nS7ntuzHDQhIGH7EotFU3TRlBCpOubbWyavqMC8teJbEFr9TS+9mOoZwTPBcLw==,146,54,73.00,69.0,239,69
7-2-1-15-326601220,100090,35,9,25.71,Fci7EUFBAAXQ+9v/CkWvCC0ICZVnRhtK0Q/mZCeP0/vyOV7n6xOUSMgOfiIpAhRSRKn+H1IYggZpG0Wt91ZHG52ac61su46dNTfuty8=,146,54,73.00,81.0,1282,81
2-7-9-19-511668835,100050,35,11,31.43,BcG5AcIwEATAlVYn7en00AJNkJISkTlwb/RDDe7GM+X7OF7P/9neP6RMohBWG7JJTHJ56WFRMUhnKz5lSTILNF+zZyxwD5opNPdG1Fh9uOH63A==,178,22,89.00,78.0,828,78
7-5-5-13-232187360,100063,35,5,14.29,DcipEQIBEATA/WZ/IiCiU0gcRRXZ4EgORTCc7LbX5fc9bvfn503EQqRsLArxMEWKkQpzVSe6Chx9ujM7BD4zbTsISC4bwkFeZ9DWUnd1+Wwp4BlCxnR9/AE=,191,9,95.50,99.0,1335,99
2-1-7-16-407412054,100020,35,18,51.43,DcLBDYAwDAPAtHbaxGEqxC5MxgB82AMk9oHTcV22/Xmu029r3UAAPmZrdAumSnQBc3RWACEiKPz7mEqhSsmMqKy04/0A,191,9,95.50,66.0,288,66
9-9-4-12-2038298874,200004,35,12,34.29,DcipDYBAFAXA9++DgKGG9fSIpj0SBNTCZtzosXxj3a/z2UBgEiUjmMMjjbnaSzBnkja1zIJGg4Lw3j8=,200,0,100.00,48.0,124,48
5-8-4-18-222453048,100076,35,7,20,BcG5AYMwDABAPbYlS/4ENSswAZPQUmWNjJgBmCV36d7eY39/5+cBRCJOkIuoCDNXc3VtWfpgTslMxc1FqUzuuFZEOFYXoIIwA2QuYWpjBIc7VVez3BsgfK8/,90,110,45.00,90.0,398,90
1-4-2-24-728577385,100067,35,8,22.86,DcpHAcJAFAXALe+37QVpnCIhHqIEdCAEIWggcx4cj8/7e+rrdzkfooMP5AMDTjiqWSRNmbQUKVVaHzIITCp92spp8a6sBQS6j1qdaHtM1ix7WbLeoFTgjucf,176,24,88.00,90.0,1944,90
2-3-6-10-1382696563,100074,35,22,62.86,BcExAYBADAPAfpsmLYLQwIYWnLwMVgwwoAYNTNxhXZ7r/Lb3njY8kE65o7oJtINkV4Ml2ShGpQhCnj1CBbNj/wE=,199,1,99.50,54.0,187,54
6-5-4-13-143913882,100072,35,12,34.29,DcJBEYAwDATAa3Jp0rQwgyLUIAEFaEAAEniiAFswu1yn7brf/ZwXFBElDdVpYdHcIeKe2SxZM7trHyY9DAgNSkP5RQ4OVBzPBw==,125,75,62.50,63.0,289,63
6-7-2-13-204986873,100090,35,8,22.86,Dci7EcJQDATAO0kn6X0IHVEELdACnTn1DG1QCv3Ahhuv2+fxvb+P5wUQMPdAGINSltLoMmMb/p2RKNDQqqZKtNEl6zl8tHNNYKem71prJ47zBw==,137,63,68.50,81.0,814,81
6-3-5-10-24650027,100057,34,18,52.94,Dcq7DYRAEATR7pmez5IKmBfCGXgkBh7xkABJsVJZT6V9+V3H+pzbDYIGukKR6WVRiaZjQNEtmZPBnHEurRZUAYwqWdpwk9fE//sB,199,1,99.50,72.0,676,72
2-7-3-18-2070020123,100041,34,12,35.29,Dce5EYAwDARA2fKd5A9TBI1ARBc0RoWkDDnebNO53hqO7912CVETAJJqcKVOgOdCs5oTHS5SGmy2e/OwDPQUIzW3MtO5cFSV5/oB,137,63,68.50,72.0,236,72
1-1-1-12-855767370,100058,34,1,2.94,Dcg7FcJQFATAffez90eJDtTkxFwU0KGFEglxkI5MObY9juf1fu2fH25rCRS2YOpgwPIeNZawA+OKMLLKuukqw5xcIQrVmXZ2MdKrVDpzPPA9/w==,200,0,100.00,84.0,989,84
1-6-3-25-2102689413,100096,34,0,0,Dcq5EQIxDABAW5b12fJ7cx1cRkwL5FRASDf0RkWw8eLrOO/n7Xs93yFCwkwsUS0lKGpRCCSHSqiI5sCMuRVppTuTBfDeTBRLbT60Tobp6x/y4j0cch9iE6iVBZt0h8/jBw==,22,178,11.00,96.0,1021,96
9-8-6-17-649914237,400011,34,9,26.47,BcG7FcIwDABAfW1ZtmQxATtR0mag7EVDxwpskZc7eT+e8r0+5+8FSCzEoMSNO4nBIEeh6YtVp64WuTaXoZuEFUMmiXqUWwWEQRd2pDH21AzEVpuzqCf8jxs=,189,11,94.50,90.0,501,90
4-6-3-19-1254176995,100089,34,2,5.88,Dcu5EQIxDABAyXqsx+8REVAIQwW0QxNkdEoBZNzmy6/L8/d+3K+fLwAWLERcCIswMGtVRXMjDXeJmtIyGnhtrmHpYRqpjjX6yDLH6i32stVx2Tg6Q6ejjyGyYk9ta+s5J0sZfmQlgLz9AQ==,176,24,88.00,114.0,1148,114
6-7-7-18-738606209,400013,34,8,23.53,DcS7AQIxCABQSAiE45fcJrZu4gJWjuIw9jbWTqWvePQ4r6/75a3PG2DrjQYLTVE9piE4ybDuwIES1Dj1QEApxb44oPYaZRBt+Aybo3LUPJY0Y6ZuSX3t0v2f2/TNudlXRrrC5/sD,88,112,44.00,108.0,3498,108
8-3-2-13-1163893428,100007,34,8,23.53,FclJAYAwEAPATTY9ti16UMCfB16whREsYAATlO+MtiXSva/n9ZiBcEEELWWoiJVJZmGt+J+cnRUN7BqjVAQjvCP7tJ6qhh3vBw==,62,138,31.00,69.0,278,69
5-3-1-16-1009368223,100076,34,10,29.41,DcupAYNAFAXA9+9jd2PQtEAHaSQ2Ku1SAG1ggxo1+nld+3adx+8LYlEoCYt5JNSqHUh5LGbwGKMliYK7VCxIYoomnkPsCV8rXGtOTTehqLbmRcq4338=,199,1,99.50,90.0,690,90
2-8-3-10-1102713742,100010,34,9,26.47,DcrLCYBADAXAvLxsPhYkWIjgcXvxJFiJZ5uyCwNzHFuXud3n++yXQJU0DGdkKEiUarC5C4c7TYGKfhllia4i3/ED,200,0,100.00,54.0,218,54
8-8-6-13-224093094,100030,34,7,20.59,DcoxAYAwDATA9JPm07SMbAwIYcIFNhCAICSgjBFuPtun51yu+d1WKVAzsapwMpqnqTH7AJIoTeAqLuypf4lkl4Zi4aAPZh2U4/4A,65,135,32.50,66.0,172,66
9-8-7-20-116114749,100089,34,11,32.35,HcixFUIhDADAQCCQkEAAG0fxOYHruISdlZ0zOoCd/1lcc+l+un0f18v5+YEQAVOmElJlJOYgsTUt1mMdf627ymzLY1Nz8V672myUXIbiyGVJ2VbXJlGfAQLzQEgMVGzEsnfdlI9MCLbx+PfrBw==,187,13,93.50,114.0,1114,114
8-6-8-16-691516637,100096,34,4,11.76,Dcg5AQJBDADAfJdn8yzVOaCjRggKKNGELOzQwJQjz8t5P2+f6+MFSCyHoqE4BwGslUVJ3ge4RglZMGSoYI2zbeveuVW5aipym/T0HGj/bXThIqiozPHRlfD+/gA=,83,117,41.50,96.0,1321,96
8-9-8-15-1203394551,100063,34,3,8.82,Dcy5DQJBDABAr9f/d3URESIRIdENARLNEVEMV8AMPY/f93K9PT4vWIiACzaxqLnbDl5Zxa3hQXvPSpOqFJ3pFkHEimLUUio2SmpLH4C2OBvHxtJTmY0HW5LA+/4H,188,12,94.00,99.0,1116,99
8-1-8-16-394112336,100060,34,10,29.41,DcixDcMwDATAJymR/5Lcew93duUdDATIDtksQyZXXnu2735+ruN1wxxh8Na7pRWhMB8zOppEeZbRHWMyE8uUq9IVKlaNYjCb/msFJr0cMxb0/gE=,124,76,62.00,84.0,760,84
9-1-7-12-851593981,100072,34,19,55.88,DcZBEYAwEAPAXC7NlQ8z6EAEOhBQCUhBABJQgS26r9WxjOf9rnvdgACTmWpBW8KsK0phwM2FXqheyqSbOhnMmJdM4Nx/,200,0,100.00,63.0,613,63
5-3-1-15-1377228655,100005,34,9,26.47,Dcm7DYAwEATRu93z+kcx1ICroAY6IyagJSJyIhyM9KSJbTnu8b3XeprDnQjOIkm5lNpkpBnmMdGVclLEFDsMnVUtSu5N1R2w/fkB,60,140,30.00,66.0,231,66
1-7-4-19-389242898,100051,34,5,14.71,DctLEUIxDADANmmS5v+8cEYIEpACFywgDxn0ujO7nten3t/bfb3GBMQ1ECYQC61FUwQZhBi2AtI23B6g6bUZ9/ER7B2O3aHmTNZqjecUIZWYZlamtmW4QNVZITIevz8=,139,61,69.50,105.0,1720,105
7-6-9-13-1695208595,100067,34,4,11.76,BcEHAYMAEASw+z0xiAQ8oKTVUSEVggYSPY/f93/l57kBAkNYSdRM1AOmCHACVeCijqHMyIZsTBJbmq6se5Z3k5Zxt4949O7MbKE7E32/,48,152,24.00,90.0,1809,90
5-6-3-14-1434780852,100034,34,14,41.18,BcExAYAwDATAT/Jp2qZFFwsycMGKDhwwYYYNKdxxXb77vdbz2SBqdCsgKK7hEkWtto4k0rQM8YycOWOyAwOupBhrQx2tR4YJ1XHsPw==,78,122,39.00,72.0,226,72
7-1-3-16-1346641206,200024,34,14,41.18,DcG5DYNQFATA3Xf8/RcpBTlyTIpEAVRCBRRGP0j2THyX63je7XPeAGik/XlEEmEEgp6FcpWagBsjWunuVS1zjFllJlC9T82RTcK+/gA=,191,9,95.50,72.0,228,72
5-4-9-10-104921834,100072,34,15,44.12,Fcs7EYBQDATAfO8SCmZQhAVMvIYeKQhAAiqwBZRbbKzTuO7nOOdF1MwjQzThZEKhhCsqWwLVDIIslFpmf/b4hzW74LJvLw==,200,0,100.00,63.0,467,63
3-4-8-22-1388751293,100097,34,11,32.35,DcpJFcIwEADQLJM9s2SSauCCHAwggRsSkVEBfdVAzv/D67i/1/Pze5/GOg8hplyqN8241H1ERCImodFJWVQ0ak/O1jZLxrW2AoqEwUP2CrIURHky5zJbteZx/AE=,200,0,100.00,84.0,349,84
2-5-7-13-1851722368,100037,34,12,35.29,BcFBEYRADATAbCY7s8meAMTwwgEiEEQVDyTwQxY2rju237Oc37HelzUHPDqFGBBp7EMS0AEpyahU1swZNYt0sXkUMkd4NTd79z8=,163,37,81.50,66.0,236,66
4-3-2-15-621315393,400015,34,17,50,FcS7EYNADAXAJ51+d9JBSGNE1EIl7sCRYzfi0JUQYM/srBzr4/o+P9t+grhRA36xMDOUzDk6jcE9yAUJYUK2mr78zS5JpNIUVhLpcyw+o1gLYaZpWlFpeL9u,159,41,79.50,90.0,726,90
7-8-1-19-1445390367,100084,34,3,8.82,DYy5EQIxDAD1S5ZsX0hCXVfCkVMFXZAzlEFhKNmZ3WDlOr6f++/5eL0BiVmaykbECOqqGNZppJVpUAcOzDJPt+KY1u6VtSjVAcMtAmIDoSSA9GW6jFqDSfayPR3O2x8=,40,160,20.00,102.0,3374,102
8-7-2-20-1253089590,100050,34,6,17.65,BcFJAQIwEAPATdpus72RgAj44oAfD2TgBz/YYiY/L6/79feuj6+BBGEpMefirFVmZChSSCqtj3Bgmk+AWaOFa6lsVu8LsHb8aM891ulhn9sf,109,91,54.50,78.0,776,78
1-1-1-19-1542236411,100070,34,6,17.65,Fce7FUIhDABQ8giQkB/EBXQALeycw9Y1HMyR3MTj7S6+T/fv+XZ5XT+lwFERsZXa4Th6wTagdeJK9M8c2GDOykNEoBbSSWoDnMOXeKetdfpaKu5ha9ne6T7DtpI0y9Qc7Ctyxx7cKSyZyvPxAw==,116,84,58.00,117.0,1508,117
9-4-9-13-2029051964,100034,34,10,29.41,DcmxAYAgDATA5AnwIbgXDbM4hZVDuIGVy9g5irR3Nrbvfq9xPFMUSKaSS8oCq4YCKN1biQhBTWrGFksYzkap6pS80nvvdLqGAbKfPw==,164,36,82.00,72.0,417,72
8-3-7-14-1410686904,100067,34,3,8.82,FYnJFcIwEMVm+bPYnqFAjhzpgUqgjhSSQlJDzHu6SMLzcfzOd36vDzELyYY3ogQ28i0absqUA8nmORfXgC10tGBaBTqh0+Fq1FqVUfJv7fsFxiJ53Q==,51,149,25.50,90.0,1699,90
9-3-1-7-1221672971,200012,34,21,61.76,DYpLDYBAEMXeb1CwAlCxVvCBDxRww8iawAkGmEOTNmnmNt77vPZvASQoU4DihlB1kQ6plFt7gQMgJbrX5/gB,200,0,100.00,54.0,1455,54
4-7-2-20-1292375942,400012,34,11,32.35,BcFbEQIxDADApk3TPK8vPhCADBDEDFIYJGALH6eAXXxdHvfr+/e8fRLkBCVjpdyoVKiYcmvIlElYxZRVjaUQi2V2DPVD+xGD3WxqF3WbRGxOY8nRBy2Zsl04bK8dFg0RNKA1SOf3Dw==,200,0,100.00,108.0,1754,108
7-6-9-19-275710547,100061,34,4,11.76,DcrBEQIxCABAIIQQAkcSe/RnGT5twpcztqNV2IS37+Xr5fG5fd/P+wuQCgMXJEKs0rQWKASli1HX0QzEG8WhwMYoyd2DZcw12h7tDHqEHbV4YIiHps3cc9lYO9IsPT3CQH9/,183,17,91.50,102.0,1663,102
9-6-5-11-563373739,100058,33,2,6.06,FYm7DYMAEMXe/T+0mYNpUAbIGozCBHTMwyZ0XApLlq3bcnyec/1eN0AMEVLWMTPzkByl1Crv8EwRB0WFzouW2W5NgADM0ZzdZUQVzMM/778X,165,35,82.50,84.0,2671,84
1-8-8-24-370257244,100083,33,9,27.27,DcxJEcMwDABAW5J1Wb7KpSzyzCtoMlMYpREWIdRnA2CXjtf3fX/27XemDAmpcBJQI85eI7CxqWllYZLspbsPqOEoYEMsBgWFK2J073POAmvhYtAWpg9p7sHPeP0B,182,18,91.00,90.0,846,90
5-2-3-20-1618965219,400015,33,9,27.27,Fcm7FYMwDABASf5Jsi1/4D0qtqLKLJkkG2ShlOmzQwqguuL8Y339v+/PdjwBCZwPISYmEGEUQSdRKRd0EcL9VQSIk7fSrKtPKCiACH3UblNLbs104VF5GZdqM08j2H8n,192,8,96.00,90.0,582,90
1-7-2-23-1046974437,100083,33,15,45.45,Dci7EQIhFAVQuJfH+8HCFmMXhkZW44xlmNiPDRnqCU+7n6/L53m7fh+lFoCFZEMlqnTVfzRzMlJ8hGNMQPRoKUl3S861UzQyA0mqr2N1m6F793GIwSwShe8f,158,42,79.00,90.0,972,90
4-1-1-15-1646441945,100094,33,23,69.7,HYrJDcJAEAS7Z3qPmfXaKSDkr6MiCTLhRVyEwpcVUj1KpdLjeH9ur/N5TdBcEszhJnKp/5OZ3LUaIKJUtt46PdZoIKx4Vclo0RkRRtEwRtaRmVtuc1+IPnfg/v0B,200,0,100.00,99.0,990,99
6-4-5-17-497182006,100058,33,0,0,BcG7EQIxDAXAJ8mWJUv+3Ax1UM3NNUdMQEYX9EAnZOyW83jcfq/79f6CQCyQAiYSFK6sJKU2NPMeFhlDibrbXMpreQ7z9NqbMiQjLPeekwZ8U1qoQPF5/gE=,195,5,97.50,84.0,666,84
9-6-5-13-208907979,100023,33,16,48.48,YzHjDfu/9PKha3k3GBgYGBmZmFmYWFjZ2Dk4mBgYGZg5uVgYGNi4uJiBHG5OJnYebhYmDqA0KyMjCycPCxM3D4PEcQA=,199,1,99.50,54.0,156,54
2-9-8-17-1040266033,100020,33,4,12.12,DcjJEYAgEATAYQ9muQzFICxyMT4/5iERyaur2q5j3mu9j39AEoUpXASZHpRSS9DZRHpC7V1jqETZEGlvyxasOkAaMzDPHw==,135,65,67.50,66.0,180,66
3-1-2-14-1454570218,100026,33,6,18.18,YzHjlchXea937WM1AyMTEzMDCysLMxsLOwMHOysjIwcLCxsnOzsXJwMnCzc7FwMPMzdQDQ8HFzszExM3Kw8DMxvDbAsA,200,0,100.00,54.0,149,54
6-4-1-14-1716564079,100033,33,21,63.64,Dcc7FYAwEATA3bvbfJGEANSkjR1qBCCFEh90pJo3sW/nHPf3vAdohIPuSwtCXIkEIdGVvSirmFSqZaVWa5P13gKdGNcP,199,1,99.50,60.0,330,60
7-8-8-16-2092787645,100078,33,18,54.55,Jci7EYAwCABQIJBAyMdF3MTGs3cKW2dwDGdxJhtz573u8Tod77lv87UAIhFCIAhAAVg4JjVDNoHsmTJxKlpNkcUcmzcZHQetqs7JxPufXkrtHe7nAw==,194,6,97.00,81.0,1191,81
5-4-2-21-1002922497,100086,33,12,36.36,Dcg5AcJAEADA/e/d3IsAaKHGGWYwgiJ8JM0UI5/bfz/fj+/rBwjEoheqyCQWYso5lhRzKRWTuUezHGuufq1bOnIr1VIhhl5ZfMyl2uZ00rqFAAgpNASVtYcyHn0cyLw7KOAKwoRwlxM=,104,96,52.00,117.0,3850,117
8-9-6-12-1415618242,100034,33,8,24.24,Fcq9FYAgDEbRLz8kIbiXNIzlHJZ2Vi5j5yhC8Zp7nvbtu9+zH88AsSgVczcXLmbOWEBRs8GN2WHkFJkxk3kahyhQtNWa2kIX4tp/,195,5,97.50,72.0,261,72
5-6-9-20-1874063832,100092,33,19,57.58,BcE5AcMwEATAPf3P6jcAFWZjPqYTJEGQKpXpeMZch332/d2fE6K0seJ8iCkTpQKkIYNEI66RtY+R4TFKnykt36INtLWJxppK6PrUBSov4P97AQ==,132,68,66.00,75.0,161,75
8-9-4-10-2090048612,200004,33,15,45.45,DcmhEYBADATAu+TySZgBQw14ekRTHgJDHUhYu9qnZ5vX87gXEEZzCoqBLDrQZkKVwB7Jv2jmYvSIxPV+,199,1,99.50,48.0,218,48
5-9-6-16-1638211042,100031,33,10,30.3,Dci7DYAwDAVA+8WOE+dHj0TJCjTMh7IKAzEJC8CVJ+fyrtdzb3MSIwg0IiKoJcvOKF5b6oPDnzSssiCX3JKxd+utMESrDaL9+AA=,198,2,99.00,60.0,153,60
7-3-3-15-1590397164,100079,33,25,75.76,DcjBEYAgDATAuwRIgIBvbcl+HIvwb1lWYg+6z037cr/rcx0aoFCJlIWlFAGseG0msNpFK13+dYsMzW04OxToJIePmaakaeEaTcWwnR8=,195,5,97.50,75.0,532,75
1-2-8-17-346134271,100016,33,16,48.48,DckxAYAwDAXRpO1v8xM8oAAJXZDAzI4EJuSiAANkvHttX7bveNbrnaKl1oaOoWrKhgx3CyeCELUymNKDETBVpDqZA8AopMh9/g==,200,0,100.00,66.0,638,66
8-7-9-20-863755005,400017,33,4,12.12,BcGxAQIhDADA5AkECAmEOIKVEzmAlb21tb3buMFP5R29Lr/n+/b4Xk9APBLlTIW5ptIq9NarNMFjoCDlXnQYt5kA+nJturwfqZNuaOGw2OpKsbfuGhoxTXUnQXPJhWly9TJ9abG5tkQeeZLB5/4H,167,33,83.50,117.0,888,117
7-6-5-20-237427231,100070,33,2,6.06,DcLRFUIhCABQFFTwAaI2QA1QH83TGv23UiO1yevcS+/L83d93F73L6ScESARpAKlIFRqkIkFWk1/3AmhdzmammhNZjV3dhoac80ofXChsbznaVtaLNZphx++GHHpkIayw2NPizmy62qjgH9O,184,16,92.00,117.0,1205,117
8-8-4-13-1690045375,100026,33,9,27.27,DcQxFYAwDAXAn/40adKyI4C5I7YQgD8kYIOHA7jhdF/WY3vm/Z6QQiWrOVrAjal/yFY7HOFFpA0WNw2SOWrvwwzX/AA=,200,0,100.00,54.0,125,54
8-5-7-12-1112632697,200004,33,5,15.15,DcmxAYAwCARASB54iNo4g707WjuL89jYuYdee9inZ5vX87gX0dYVBpdgkl1pLADMLPfgv2xQHTaKMkLe6wM=,193,7,96.50,48.0,118,48
5-5-1-14-170471254,100058,33,8,24.24,Dcu7FYMwEATA++9pJTLqcDV+bs4VkBFSC504M/lMvLfv/jten/MWFTWXSC0Lz0KPZDOC7MlaAyX9oMrVmGtkJgE3FRfTpxKJWUB0hpJirhLXHw==,73,127,36.50,84.0,1273,84
9-5-7-15-792181840,100016,33,27,81.82,Y3Hi1/0cVCuf/tSWgZGJmZmBiYGFmYWVjZ2Dk5WdCwS4udh5mDjZGYEyzJxsvECSh52Dm5mXj5ePiZuDj4eZGaiahZmBgYGRQdYGAA==,195,5,97.50,66.0,238,66
9-4-8-24-963698296,400017,33,3,9.09,BcE7AQIxDADQNE36T6/pDwNM6EECEzszJs4KEw5QxXv0unyf79vjvP7AAFoCYkZiBAsGmZ0lRB8gJp9LkCpyNPWQVB2hZdJe6uhHEKldJE4d2bIpDYlW4jw2H7Kj9jn6WK01mKoNHNLoVmUv+Nz/,7,193,3.50,117.0,406,117
9-9-4-17-1916176673,100061,33,1,3.03,BcG5EQIxDABAvdZnnX1NklEGITE5ETO0Aym1sCuX8/65ft/P2wsQiRlFCViGeZhapmVkuc+ereNwLKiRKDxKaYb46rWNYx3BZu05JBkQ0gI499GDsI22olYRC8Lj9wc=,176,24,88.00,102.0,969,102
6-7-4-19-631341432,100052,33,6,18.18,Dcy5EQIxDABAfbZkSf7uArqgIgohoRRiGqAm6uDynZXnKeP2fn0/P0AkloIoVbkWsCLcvICoVyzqyEjhJi3sQjUSEThdAJmoj9kzdeXaQU3XokNpzhHQaM2x08mr9R7N/Jjd2nGtu6+pCvfHHw==,200,0,100.00,120.0,956,120
6-2-1-16-1908931753,100007,33,9,27.27,Dcg7FYBADATA7GZz/8MONQU9DzPYwggW0AJTjvalxnOs1/0aCNBFhRgJ8n9csFyiNiekSPTSe0Mto5qY+zT6HDM0WkJYtu38AA==,200,0,100.00,69.0,321,69
9-1-3-15-1268277649,100041,33,13,39.39,FcrBDYAwDATBu7OdxAll0Ai8KJIO6IC2EH+CtK/R+rGcxv191g3UjDKC7iLCSoSqN5Y0ASUB9VYH0Dsm/a9I2MhQ5EjVFsR9fQ==,181,19,90.50,72.0,537,72
2-9-9-14-2092347442,100028,33,9,27.27,DcpJAYAwDATA3TZJc2AAI6AORbwxgAYE4AT6npFtOdfveo79BVsHIWoy1NxUw4kYkRYlxNRUwsIrZwCj0Btu+wE=,199,1,99.50,54.0,226,54
3-4-2-10-1273698812,100059,33,12,36.36,FYu7DcNQEMN00n0zRIoAabyM4QXdegdPk1HyXJIE/Xjtv+3K7+cNGCGXmRj0SCc8XCGaBINpkTGlJ4ay1tI1pHXPNJdMTHVH1UzhPv8=,185,15,92.50,81.0,968,81
4-7-2-19-2134081383,100060,33,3,9.09,Dcu5EcMwDARAkAAPD19n7kOZFKkHzagK9+QCVKS9+cr1et7759jukyhlFuEsXKBqHhGSwaRuoqgNFkquYO6jOE1by2M1hSQMkM7aLf3XDGiU3qwOer4/,119,81,59.50,84.0,493,84
9-2-9-23-1108310874,100095,33,9,27.27,Dci7FcMgDAVQIQnQE2A+HigrpM402SY7pXLnwkvY3T1XP/txvn7v9gdRYFFilZiyAclzseqWMgd6vpqJt81968NmAx4XQyQmVQlM0Q0Ffc3ha3UM+KxCpkLX9wY=,172,28,86.00,90.0,508,90
1-8-4-19-658290476,100081,33,21,63.64,BcG5EcMwDATAA+8AEvycuhulStSURk24MLfj8a7O1/v3va/jMVghKHMiCilUU2N2CGUMasbygJb73JtVYpurJ/ZQRPYMb5nwis/zBw==,157,43,78.50,72.0,815,72
7-4-4-14-442573708,100066,33,10,30.3,FchLEYAwDEXR/JqkaYoqHLBGBDu0IAIJSGKGGQRQ3uqeJ+s079dyv9sJSEBjyCRMgEgM8qMMKFtRhxo1mql6ems9qlhGZ1cYdA4rCIXGKcR/omY2C+4Jx/MB,161,39,80.50,93.0,3055,93
1-7-5-14-981923674,100088,33,10,30.3,Dco7AYNAEATQu9mZ/V1UIAINCEIBFhBDG08p0iavfjxe+n7e23PuY0wYhyYmQQ9lSa02VmilzK29cnU5SZiQWBH5D3BEqdLRjHHdPw==,152,48,76.00,72.0,1469,72
8-6-7-15-2122610212,100046,33,19,57.58,Y7Hk9/H2b5ewn3CRgZGJmZGFlYWNnZWDk42Ri5uHl5eXhZ0FKMbIysbGzcHOyMzGycXNwMTDxMfMxcrCysnHwMHHxsPwTBcA,186,14,93.00,57.0,112,57
8-4-3-18-6121966,400014,33,7,21.21,DcxJFQIxEAXA31uSTmcdExjhghUeEpCBLKSggAvMrU6lj+P++b5+7+cVBBaFGeEEKwMqlLLBoGykRSHmNbgZS7ecSIdONFt7M0skde8eIBp7FYk216gplxzdU2s5yM+uziaCy+0P,163,37,81.50,108.0,2348,108
3-4-1-16-223612184,100094,33,9,27.27,DYs5FQJADAVzJz97YIGCFg2IwQROqGgwhR22mWLejD0vn9/1fXvdF7Eos5IYm6g5e1AkW0WGVXGBUKkNOabcijPghzhtj87ZjMA5CEJonWvFGnPn3kMt2oUe3z8=,165,35,82.50,99.0,1198,99
6-1-7-21-2128149978,400014,33,1,3.03,DcxLFQIxDADA/NomaZoUT6jZtxI4IAJZOAEFXIARMHJejvfn8X3eroBEwMLcGlIfCuY0OWAZm0tI1uxB1HKlabAMSE42dSqLXJ7hLmOmZ3FUqcPGMFBUAlXbff/LQBLHgtf9Bw==,63,137,31.50,108.0,3693,108
9-6-5-11-65614671,100058,33,0,0,Dcs5DYAAEAXRv/dB6NCBGoI5FNChByd0bDeZ5OmxXNt37+fzgghMAmWb8JB01zBxtQi16gwGCYVlZVapohM2YhiTSw/qaqCaKQIzseoP,194,6,97.00,84.0,1350,84
8-8-4-13-23944751,100047,32,3,9.38,HcZBEYUwDAXAJH15TdNiAQEI4MyRGWTgCB84QsCX8Qf2tNin9Xedy33MoipWrIjim793CIkadITDlVYajdGCTHRUR/YcfTBHRo1skGf7Aw==,179,21,89.50,72.0,1066,72
1-3-2-15-136113483,100059,32,23,71.88,BcG5EQIwEANA+yTL95kSCJghoRmGKumCMogphV2+Ls/f46377TrGnAYj1tDc5gFxZcnTUJvLtmdHilV0M0MGIFcZ2B0uBlg60S32OTk+3z8=,173,27,86.50,81.0,834,81
2-9-5-8-544581660,100010,32,13,40.63,DcixDYBADANAO04cBkJIjMAA9OzyFRKTUDMg350ut+Xan/G95w2GxATEMtzVRJVbmgBhIbtCbCPMLGkujvUH,200,0,100.00,54.0,273,54
9-2-6-24-1835489411,100070,32,5,15.63,BcG3AQIxDABAJcvxHSTTwwBQMA9rMBUVy3zPJtzJ+/L8XR+31/0LSIQsgTWCBuEIKRfCmmttR295zChH67OsYXKoZQ/J1+Y9R19mxc0Tg+VNitN7H9MHEs6eI0OUQIERFGkoAyFwDAIEn/MP,177,23,88.50,117.0,2541,117
6-3-3-14-1139294860,100021,32,6,18.75,BcGxDcMwDARAvv5FUZTkyoA7r+EVvEOArJUhgyyQyne6t+t4/77752UACmmqEr05Q94lZUAOtgEYe5ixKlvGdFuRo8xcrCOjTy8glp3/Bw==,200,0,100.00,72.0,360,72
6-9-4-18-676971509,100051,32,11,34.38,Dcu5EcJADABASdbpv88z1EFATEGUAgktUCrONll+nd/x+T2e/Aakgxszk0DTwxA8kC+JSUtTo4CsLtir3ClIVSJhTLfW59oRsqeaiiuGu1ZeY6wSYV9jm2WlYzSA++0P,76,124,38.00,105.0,1725,105
8-7-5-16-398529525,100080,32,12,37.5,DcRRFYAwCABAYAzGxoalfG91rGAKG/hpAZNYwwJ6H8frsh/Pe29zAhKkP4acBLWAcFZLpBWtuXDPRl0GREOUEFPzUb31QsWjkvtQNbjODw==,69,131,34.50,69.0,280,69
9-6-6-11-730503420,100046,32,19,59.38,Y7Hk9vH2b5ewn3CRgYGRiZmBkYWFlYGNnZGBhYGFhYWDlZONAwSYmZi4OBk5gEJAZeysHFycTExsTBxczECVDPW9AA==,195,5,97.50,57.0,258,57
9-8-4-10-1237108814,100040,32,9,28.13,BcFBAYAwDAPANGnXdmr44IA/CiYDZTzxggFMcOfbfI/9/K57AQbKQ0PGRElyG4MsttpMqiYyDI5IAM/8AQ==,169,31,84.50,48.0,304,48
6-8-3-25-1567105120,100089,32,2,6.25,BcHJEcIwDABAXbakxIpj54IqeDNUQAMUkib40SkF8GNXzsvz937cr58vILEkyGo+ZBnZKKOwUirhPISLjz5FENYZTZv3ZZEp9UqqjWhB6kWLriCc3WYYkarlbd8HVNx2CN2OObOvRzscpjBc4fb6Aw==,149,51,74.50,114.0,909,114
1-1-2-15-650594440,100067,32,9,28.13,FcnBFcJACAVAYBf4bAD7swSvnr3YRlJHCkkh1qDe5r2Z99t5XA/snxcxsYxBk4faFPVJCmGhWMJbKsi8sn7eMrw81AooX+lh/7JGaDQK3YVAtnesKKfn+ws=,200,0,100.00,90.0,1618,90
8-5-8-23-535797495,400014,32,4,12.5,LcbJFQIhEADRhoEBGuiFzVw8G43PEAzDsCYUI/Cic7D+pdzjcn9/Xt/jeQNjN+esh323//UGTIgmbskhZFt8JbOzEHNMjlDxTFvgPoYknEjp5AWgr6VUyxxZULX1xDypqSeRvEoNcFx/,56,144,28.00,108.0,1865,108
4-5-2-7-781335235,200015,32,20,62.5,DcaxDYBADANAO7bDKEhIVEiU1NQ/CcMwGgPxV53PZb3f77n2DROJEp2I0nzRbbfgAlqCZDChomIpwDh+,200,0,100.00,54.0,402,54
5-4-1-20-348031433,100084,32,5,15.63,Dcy7FcIwDEBR/WVJdhx6SmYjfaZgC3oOY2SwuLnnVU/ej//veZ3H5wtILLo09carI9PdyhDEwqPCs7upVvSR2/CWs7sQZO1m2z5NlqNUAhDYG8G6IAMyKhHDLEKE17gB,106,94,53.00,102.0,5328,102
6-6-7-14-420654772,100057,32,8,25,BcE7AYAwDAXA/F6apg1GYEQEG8ZgQw96kMGdHct+n+t7bQ+xsIqBvAU6uTckp1NotjGrYpqAey8WiRwzRrkjlAoogapRQjlp/X4=,81,119,40.50,72.0,347,72
8-4-4-14-1243677061,100067,32,21,65.63,DYdXAcJADECzL+tQhgIk1EOVtDrAB0LQQH7ekNfjfX8Pv34nABIQDXCKYH7MAqSCwmzLgUJVkZPRzKvBS2yF7dzBoS2VVe2+uqUzrVwzYsPz8wc=,195,5,97.50,90.0,1238,90
4-6-3-19-1530039486,100089,32,6,18.75,BcFJEQJBDADAZHJnzh1eSKFQgBqqMMEPJVhDAL/t5tfl8X/fb9fPD7AQYoGCzExCBKrmHJECbmC1RfFsFSyrRlg29ahhLn1MXZzt6NtGH3WzzT6GUGSvc+GWEofb3s2P5VKwDde+CZ7fEw==,189,11,94.50,114.0,1247,114
7-9-8-17-932401969,100007,32,10,31.25,DclJFYAwDAXANE3S/C60qEEBd9zgiocRLOABB3SuI/sKfY7tvF8KHCYOzFHUkrgBngtzbYboi6VIqfsC6l1LEW252hDMqTK8ZQyh7/oB,200,0,100.00,69.0,259,69
7-4-2-19-1810225224,100051,32,2,6.25,BcHJAQIxCABAzkCAXPu3Ct8WZA82oB9bsFRn5Hl95+d3f8gbkAiYUIAFiRGRlaWpeRMCakqdPVLSyhuhiyCU5ZipMXWu4r60RyEDLZDYJb7HORmWZzRrtgO4HOB1+wM=,175,25,87.50,105.0,1572,105
9-4-1-17-1526713669,100013,32,18,56.25,Dcs5AYAwEATAe/Y2P0YoY4IWTwhCDTao6Mn0g2N757PzPi9RczXEQvUAIBpCBUVTLvBUm3kv2WyUIZAI1BHwlqw35u5E5Vrz+wE=,198,2,99.00,72.0,316,72
5-4-2-21-1735921077,400012,32,9,28.13,DcbJDcIwEADA9V5Ze33HSBRAGVAQEj+qQEJpj3bIZzT8ujzu1+/veTsgILEobYYYU+KgwK4nGjhbsFLdpdVYg0RloFwCcazYq/mYe5Pa+hrRytqyMccOqDuOlNbccJ5FcldISYTg/fkD,188,12,94.00,108.0,885,108
7-8-4-10-1802631612,100071,32,22,68.75,FYpBDYBADATb7ba9kuCGoAENpwQLSEECMpDDj7tN5jOzPJb73fv6XZsoVFRkYDpnYgQdBkZGy6imKK8hQtMCwSRq/B1weracWZ7zBw==,200,0,100.00,72.0,574,72
7-6-4-16-236841173,100063,32,10,31.25,Dcq3DQJBFADR7926C2mJ6MJLkeiGjOaI6IEW2GyeNPI8vp/7eT3eL0AiJhYWBUMPJTNATS6zFgSxGaRiRR3HdCfL7LAmS42uqJRrP9VGz9Zm2Njlq6r7aOmCwnD7/QE=,166,34,83.00,99.0,994,99
7-6-3-16-968023700,100066,32,8,25,Dcc5AQIxEADA/b9sEkThgBoR150qJCCJih5uupHn7X6+H5/v8QIkJiEFZSAlVGFSZDAXdZPwjLBLefroaxjFbl7oNjuzuVZQkcBce4N0F+2x5mi0hB//AQ==,156,44,78.00,93.0,1381,93
3-9-9-16-415496718,100013,32,15,46.88,BcHBEcIwDARA6STb57NFIzxpIt/0lJm0Qy08aIMW2M3j8Xt9n/19XuZAZOvugxlOzkjJIjsDWkMbS7UKGCpLdk662FCVe4dKjYBP+9x/,196,4,98.00,72.0,279,72
7-7-3-19-1116537016,100096,32,1,3.13,BcG5EQIxDABAfZZkWT4/N3MdkBFTCBUQklAAbVIRu/I6r8d1/92eb0AkJsHCSmCmYupOzGhSg1pKZ29J6RmHZEoZlhB1ylGTyxRNVwHvvixixF67zQP72IAKvhy+nz8=,61,139,30.50,96.0,1405,96
1-7-2-16-97841839,100080,32,14,43.75,DctLFYAwDATAdLNJ0w9iENH3esYJFlCBGJRgAwP0NKfh2K77/Z5zTkkCVQWJJQAxZ8r0IMO01BxWU+sWWtQAeo9WEN7Uc6++Gk2O/Qc=,190,10,95.00,69.0,604,69
8-8-9-16-514338418,100087,32,20,62.5,BcFJAQJACABAluWGBT8Gs4QvQ9jBr9awmAWcofvlent+H7/vGxYgbALavIQJFjJtta1C7IGSbLvi7NMu3AUrXfnwnDaGpeOA5rL0TIVlTnQ1zVQHIJ5y0cwweH3+,175,25,87.50,102.0,1113,102
3-5-2-10-480038597,100028,32,22,68.75,DcoxAYBADAPAtkm+LQ5wgAJQhyJmfDAgACfAzcd1Oub3vPftMfcIEAIpCRA5mGLCy5pAdLn1iOoY7d75d1uuDw==,200,0,100.00,54.0,299,54
7-8-5-18-1296561587,200053,32,5,15.63,Fcg5AYAwEATAy23eyx9VtAhDCD7oaWkQgAogU45exjOu/TzejSbF0AZsHTlPAcYK4j8p61Izo0ChNSeWVPK5dkHvLNRSiVxDEI5e6F4/,31,169,15.50,72.0,188,72
4-3-3-16-232424304,100069,32,10,31.25,Dcy5DQIxEADA/R/bu4aQQpCugGuDFgiohrqoiItHGvncztf9m+/HDxAJiIAFldTARIA8wlFyIKIFX+4TdVUztk1fcySVdubG7pyxUGKXI5spkFzJiFXGPnb2nnvWWLkzB9dSgOP5Bw==,185,15,92.50,114.0,1790,114
2-6-7-10-395842120,100038,32,26,81.25,DYqxEYAwDMTe9sdvNmECVoElGSANDXNkl7hQIZ14Hf+Zaz71wjwYhhiWJACiTQ0kkh4jqGJZyqp79um4vw0=,200,0,100.00,54.0,253,54
8-6-3-18-1834439622,100065,32,8,25,DcZJEQJBDADA3DNJ5lwv6wonFEaQwg8bFAJ4sv1quR3v7+d1Pu4/QGIUUGW5xoR2BbgAVtLCZFhdAUFqiBJ5lJrm2noTDy4jIY10rhJWt9c1BVn7cJCyVwjp7pBps0UOeB5/,176,24,88.00,108.0,957,108
6-3-1-24-198702226,100095,32,5,15.63,Dcy5AQIxDATA1WPJj/xeQbRATIP0dBEZbcAUMPq6Pt/H+9nvAmIhTeZIGS5MSbho5WzNo1kT0d7BfXCZS0sAa5OCqqdDFKi2Rux5kv2XYRtxIgu5T/j9Aw==,195,5,97.50,90.0,379,90
1-7-7-18-231692737,100085,32,17,53.13,DcixEQIxDATAs3zSWbJNxJAR0dLPfCcENAqlEMKGy+Ny+3yvj+f9hWa9twbAOowOkiEMOM2SJtVURiL0H5pnhSrCKpNTHiu0cof2WOW5K+fA+/wB,200,0,100.00,84.0,824,84
5-4-2-21-225212929,400012,32,16,50,DclZDUJBDADAbo+37R7dkwQByAAlKCBBARoI9rAD8zv8PN2u5/f3cflAQARiOaKKJYbAokFBFSLnUEo1N2rFKXME/kfHCjmk5rGM2Yv7WHuUaDVEh4ZdkJdsOuY80palKGQizEYKr/sP,196,4,98.00,108.0,1028,108
8-5-8-15-714445742,100094,32,13,40.63,Dce5EQJBDATAkVbv6qRLAQOXqEiCTLCoIitMUoH2Wu7n63N5Xh+3BvEChElteSxBim6yZLMCVh7RWpbe+f+MuJb7NkER6Swuxxrpzqkd4XagjLgZ6uhjyiPwff8A,104,96,52.00,99.0,732,99
9-2-4-16-1289836984,100041,32,16,50,Dcu5EYAwDATAOz2WX6pwIyaiLfqgS4YcBxuuXcejPL93LpBCqIm6p3Az5FIpOWXV6sJqQUe0nsge0EK46F4ovQltxNgacK8f,179,21,89.50,72.0,351,72
7-6-8-13-1823747322,200013,31,18,58.06,FcRBEYAwDATAS5Mm16a8sNMZVGAFTPDBA5bww7CPtW25Y1/ncb2AFBVVgaBARE2rh7H99QxnMt2RWlgbjebksN5yZK8Dz/kB,200,0,100.00,63.0,218,63
3-2-9-22-1120454893,400015,31,21,67.74,BcG5AQIxDARA+3blV7akS8ipiYhaqIQOaIiAgEoImOH9fP6+r/fl9kj5AEEprA09gW2MPpUsCpXV627kceRZISpSCouNmdPae8EcCLUS4koYGO5BD3NDpOvnDw==,115,85,57.50,90.0,627,90
4-2-3-20-428483732,100052,31,5,16.13,BcHLEUIxCABAIJCEfAgkb8ZWvXi2Cs8WoDVZh7t8v9hur8f3/QOkxJwEGDBloFyEAKtWSiU3oa4DqFXNyH3aSuSxK+ZcRZl1+6qAa8X2JNssDmMPOw1x2JzRCeaZ5l14+o41GLqu7YXg+fkD,139,61,69.50,120.0,965,120
9-5-9-15-1061011569,500002,31,7,22.58,Dcy7FYAgDEDRfEhIAsFJPC5hbek0juc2TGAn1WvueeXa7i+O+ewnIHERrSZuq+4aRVxrs6pdgBpmhngnADZm5CSkhRM8RLK528BcExjaB8z3Bw==,196,4,98.00,78.0,341,78
7-4-5-11-392388565,100047,31,15,48.39,DcZJEYBAEASwnvvAAwIQgIat4oUGHOEAAfhCBvtKdCz7d1/be6wgMENAak48LyHBlgHX6rJ2m2RXK5MiTTILbkwU6i3glJnA+fw=,197,3,98.50,72.0,969,72
6-2-2-17-1771253425,100071,31,9,29.03,Dca5FYQwDAVAWV+SD1k2xfCogRroiCJIyChny9kMJhrZl+e3HfE/V0oMUUMutTmD3NQVZNTjKzMcYxqpuxBSy72MmCN6bqm4OCvXCaug634B,166,34,83.00,72.0,393,72
7-3-4-23-778314061,100094,31,14,45.16,Fcm5EcJADEBRSas9tffl1AEpVdEEnRBRF+1gR//NfH4d39/5ebyfCZAQARSjRoVGw2WtFZM2xArvXts6H8REUUYSg8lUapLWfRwSZ0viS0ViW1wPea2x5txj7xxad9XCOf4=,193,7,96.50,99.0,446,99
4-8-9-15-1437097447,100071,31,20,64.52,BcHBEYAgDARAAiF3hIBv+3CswRp824ylWI7l+HNXj+V593N895YkF625GtjUq/csJkINNBuzuUcMpxHoQaSiY9pUMlIR6QCDCoel9foB,199,1,99.50,72.0,599,72
1-2-2-22-258575020,100070,31,4,12.9,BcHLFQIhDABAWL6BQEISPOvFg+/pwXpsw8K2JDtxJn4v79/1dfs8T+ePEJNzOZRUA8SWcvc5VYzHOCDBLG2mQVw782izztXnEmzYVRC5d1uDwLT4MYQ3C25RoaI22QqjNYJKSFuRKmgz4kLucf8D,176,24,88.00,117.0,2922,117
6-9-8-11-2058476263,100080,31,22,70.97,BcEHDYAAEAPAH+0vdJFgBwMkoAIxKMEGBrjDulz3+z37tomKOUwpjFRUpgS7I9oGRM14hXd0Ii2pdJkxLx2nVgtoLDmPHw==,130,70,65.00,69.0,606,69
8-6-8-20-928280088,100078,31,18,58.06,DcexEYAgDABA0IQQCBDANdzExrN3CltncA6ncwAb7f5hnY733Lf5WowdRkAEdOQH83v8A+Sc90RsOEThhBFzUarSSmpcIaAUsZaaak4iyrkHrtpjRzX38wE=,140,60,70.00,81.0,515,81
4-4-2-16-476712861,100058,31,14,45.16,DcaxFcIwDAXAL+nLluQ4pmABFmCavDSMxgR0zMMmdHDV8bg8r9/X/Xx/AFGDCdVb605GeoY3D6vBbe7cunYXRv27Vrnt05JQhAHpJTlXpcgYqlFwArfHDw==,199,1,99.50,84.0,890,84
8-7-2-15-200020277,200024,31,13,41.94,BcFJEcNADATA0WhW0h7mYgx++W0ABmAiCYIAC59UpVvn9r6/v+t4PjDQKRhNLYTmjqwsqsqiMSV49oLFmFNj0rWoCFrPwOrpBY6F1/4H,155,45,77.50,72.0,189,72
8-2-6-12-270659277,100081,31,15,48.39,FcSxDYAwDATAtz9+x2EBtqGlYSlEwYI0DIMAnXRtnebn2rflMJjTSLcfCWPDlxP0kCK7wYUarjQB8kyVqiqyjZ4R0Ws04bxf,189,11,94.50,72.0,1377,72
4-8-7-21-278667157,100078,31,14,45.16,Dci5FcIwEAVAfV1rS1+rizbcgwtw4kdOFU5dAy3RFwlMOP58XN/79dzehwGs88FGI7AwiywrUpYoLJ5K0X84ZAlBKoprpQ9lW7V6zZLiICYre9NBTqQ+zWf/AQ==,84,116,42.00,81.0,838,81
9-8-2-11-943332011,100060,31,16,51.61,FcvBEQIxDANASZbtJBQAffCDFz0wc1VcZ8zQIuG/6/flc3ucz/vxAgURDKecle4shMkeU72q0zlUw7FJQKJX1yoIpSBAT2DPP5xE7Yrr9wc=,200,0,100.00,84.0,1154,84
6-3-7-10-1483051510,100010,31,2,6.45,DcGxDYBADANAx3GSDwMhMQg9u1AhMQkdErNRw53maVvO/bnWA0a6BEYmKkhUIcBBRf3oGYNp3cNKXfJIJd77Aw==,200,0,100.00,54.0,265,54
3-4-2-16-1205427337,100051,31,2,6.45,BcFJAQIxDADA3FfTdL3w5oUaDOABPlhAKjPyvL7z+d3u8gYkBhQVNUYnBwuLZJNwZs0SSJbVprEHHYpIUgv3IreeaXdfR8pEEAL8dBrW3lNIs8+oZXfABoTX4w8=,145,55,72.50,105.0,1975,105
7-1-2-11-148760829,100090,31,17,54.84,DYrJDYBADAPtOJs9ePOiBaRtgRaogpqQaINS6IfI85iR7Ofyzm971uMGQLMkRelEjsqkEXCjBMpJU7byqCJFjWjGPvqoxa2o9hGhFg379QM=,196,4,98.00,81.0,1063,81
4-1-2-17-193231986,100076,31,11,35.48,BcGxEQIxDATAk3SybEt+/wwxDRBQECkR7VLAl0AN7PJ1Xvfb9X1+3hBVg1GoQpi4013V0aK3bsIxpsBJi6zkarRjWNWcpqKRkcc+VgEdsrdW1soIgwoevz8=,200,0,100.00,90.0,764,90
9-8-8-7-732612498,100009,31,7,22.58,DcY5AYAwEATAvdsHA9AgAT9USMAcXWTEEplqdG1jPvM47xdV3QQltddJQI2ky4llBzSjwv79,188,12,94.00,42.0,115,42
5-5-3-15-389671305,200010,31,6,19.35,DcnBEYAgDATACwQSDrAfZvRpSzZkNb6swTJ8KftdHcv+buf9fBcgghA1ZfNSSIVGq409tVxMWedCZrPTvSO2qhIEwLH+,112,88,56.00,57.0,184,57
1-2-1-19-1012890974,100087,31,7,22.58,DchLFQIxDADAZNuk+bRJWx7CMMEJEQhBxxrhgBAMwByn3i/X2/N8fM8XACIcR6lA3LgdWERNvFsb6G5FoUay9uk+lmEGGUmVziIrF/PIUKYtSgSmOplo50yziHBC/t8WgffnBw==,112,88,56.00,102.0,2689,102
7-6-4-12-1377539693,100066,31,3,9.68,FYjLDcJQDATX9voXp6x0kDNFcKOalEAJlMSJAniRRjPS8LEfr8/5/T3fAET0ZlUUUFuokaIewvRQ+jJZvXlMBJEZru62zoDTloKpMtSwEtt0d0g4rusP,179,21,89.50,93.0,2196,93
7-3-2-10-1333855330,100088,31,13,41.94,Fcg5AYRAEATAfubZRQYi0IAZsvN2KZ4ISIEKK/Yl7+tc/78NL0KUYSvMjK8ARbKCbJnMVFcNZQ9rzG5jThgRlS2WC9vxAA==,87,113,43.50,72.0,1556,72
7-2-8-17-1641523585,100062,31,4,12.9,DcK7EYQwDAXAJ0t6tuUPRdDMRZdefOXQGyFDTgH0ADtrn+Xe1+t7/P6AJDUXF5BCU0MWwOGJzEotudRo3dHVGquWEdFdJu09Up0RgTawnQ8=,79,121,39.50,72.0,347,72
7-9-8-12-1642821329,100040,31,4,12.9,YzHguedi6v+6dHMsAyMTAzMLCwMDCyMrEyMbOzsHOycrOxcXBxMbNzsnCycHFzcLNws7CzMDKwsLMxsDw35NAA==,188,12,94.00,48.0,272,48
3-8-6-14-1108846833,400015,31,12,38.71,DcE7AUJBDATATbLJ3cuHFmNUaKHFBA4wRAdKKGCG19Pj+3m+zpcbRE3/SJACcZjFknANDWzacRCSfuySbg4btbPE1rIO8an08dEsoruqUjJKB4P7+wc=,187,13,93.50,90.0,1181,90
3-9-5-16-1609873132,200013,31,12,38.71,Fcq5EYAwDATAsyWfbPkhoB1mqIKYLqiChFqohX4Yx7u6L48d63bdH0IUTQRomQIBkYuXVFsftZbRPcUWJmmQSHNnH43uNq/iPX8=,191,9,95.50,63.0,192,63
1-7-2-16-923250111,100080,31,18,58.06,DcNLDYAwEATQdmdmtz9kkdQOFrhggTM6UIINDMBLHtdlP5/33uZMKScDmCkSMmR3sygui391UzTr6qQRgDBi9CijFrXGGnAxHdcH,200,0,100.00,69.0,680,69
2-1-1-16-2095793983,100086,30,10,33.33,Fcw5FUIxEEDRWZPMlqFAAS3UOMMMRvBBhQF88GneudWTx+l7vt4vz9sLkFgESQCIVZGV/hYiZR0wpi5ey+YcPnUst+UzbJqb8soauCtCZFs1erbzsUHYMY5kVwBk9xbJrAaM2spI8Hn/AA==,175,25,87.50,117.0,3228,117
3-4-6-19-2001154263,100089,30,1,3.33,DcrBEQIhDADAJJAAuUACvizF0QZsxyb82Y5VWYC/47uz+XV5/t/32/XzA6SUMouUCk3lYLQ+ajEPJZ8Fw4Yun4G+hkXE9Nm9j7Aqq1dS2D5tDwKqMXpU4aOXlAhaZnRDtaWcG2yzcrDA93EC,80,120,40.00,114.0,1054,114
4-3-9-12-1804634360,100071,30,22,73.33,FYnBDYAwDMRyzaVJWtgGdQZmYBx+jMI4jMOPIkuWJXNf7mcc63ttgqK0qvBILdqMvZARjmn/meFw0jrFFAEggmqCbq0m5szaJM8P,191,9,95.50,72.0,741,72
9-6-7-11-1477264162,100008,30,20,66.67,Y9Hill5it/it5dZKBkZGBiZmZgYWVjZ2Jg52ZmYODk4udkZWTjZGFmYuNkYGTiYuFgZGZlYGhjVBAA==,200,0,100.00,42.0,70,42
4-7-2-20-1564055293,400012,30,9,30,BcFJEQJBDADAJHPknJ2LBwKQAYKoQgrFH2WYWBF059flcb++f8/bB5BSTgClYGWulKgiIIpkVvPKLuHGUZRNiJWkHRZ9TF+uKt5Chm21mMuPwUeLWB7c1cRj9202SSGrQMUK5/cP,75,125,37.50,108.0,1198,108
4-6-7-17-1194500138,100085,30,7,23.33,BcG7EcMgDABQIfQBIQl853Pnyit5FhfZI/NkjYySMu/RvR3f33495wugIFZiFFJppQgrMDWqCN1s4PDQGJboHWpatJyRKwzckpRZbWYXM188Q8R9kcLn/Qc=,172,28,86.00,84.0,407,84
6-5-3-14-1701659860,100051,30,1,3.33,Dck5AUJBDAXAlzubAzPUXwgSkAINFpAK044+b5/b+3u/9AViQJhFSBQAwVTJPNIhmp5yqLqMq1vSDpOdVJlB5OwOWe2wn//AsXFsOLYrWb03qK0yJAm4Hj8=,165,35,82.50,105.0,1443,105
5-6-8-10-1400430130,200015,30,14,46.67,BcGxDYBADANAO3GSD4sgIdFSfs04DMAYjMY+cKdjWc/nvea+gQZzKihmZGUiwkQVY1SpIq2dRI8hJN2sGri/Hw==,200,0,100.00,54.0,205,54
2-9-8-11-192266006,100023,30,17,56.67,DchLDYBAEATR+XbPIogbNpCBq5XBBQskBDcwl8pLxbrs37yv53hFzTzcLUG0VaNIiGgR/Zk2WMMc6FoWoAXZzh8=,188,12,94.00,54.0,210,54
5-7-8-12-392126607,100060,30,16,53.33,Fcq7EcJQDARAPf1OOlEAfZBBRA/MUAKRM5flIm1m0/XP7bg/t9fj+5al5qJukWmGKMtLZQEZTRRySCMpMrPimqxIutbqkHQA1EF3z7T+n8tvPwE=,181,19,90.50,84.0,812,84
8-6-4-14-1003140515,200010,30,16,53.33,Dce5AYAgEATAXVieO8B6NDC0UqsxsgbLMPGZbLRM273u5/UeAEmEKKacSan8ARNKNdLVTK12ILQeE4b58DxqUcczfw==,159,41,79.50,57.0,155,57
8-5-5-17-428939213,100061,30,3,10,Dci5EQIxDABAfbYe27KuSTLKIIQiiJiBcqAfLthk5XLcv9ff+3l7ARIxCLJgY6KuRuBhzVH4jKFxcsC5Em0n7MKM4kEiNQBqBGrb3DU9BOZib1g0uoNZranZki3g8/gD,182,18,91.00,102.0,637,102
5-4-9-18-753653058,400011,30,12,40,Dcq7FYMwDABAWZYtf/QzC7ATJUsxEBvQpErGyUuuPjq3nV7f5/ockDBTqdwAcx+TM0wcUlnNSzI3BTePFioKxVy66cCpSpIaEwKyeF9qIbY8wpdbVBH+9/f9Aw==,142,58,71.00,90.0,615,90
3-3-1-17-173091856,100092,30,10,33.33,DchLAYAgEAVA2M9jdxEwAgfvBrGPdUxiDhuYQ+c4cqz6zPOe15YysbCiiBJgbhF1qc2TpG7N+9AYxl1hS4AITENqFjiI469SvLkpa5b07h8=,189,11,94.50,75.0,197,75
8-7-1-20-1952541913,100069,30,3,10,Dck5FQIwEADRvbNXEijxgw0sUGACC0iiRhHp5v2R1+X+uH7iefsBEhMzCNIJQSWx4SGKiRymVM7qBpZdBZCKMdIjhzkQGDZPstGufrhEQyNG84o+c+1qiJq409JlJq+t8P7+AQ==,199,1,99.50,114.0,2451,114
3-3-4-16-88370836,200053,30,1,3.33,Dce7DYAwDAVA58WOE+djxFRIzMYg7EFPywpMAalOx9vyrs95X99BAUBkSaKiOREXs5lAlZtJ1ICWs4JrNEuCyuhjygpJWoZ36+6jNNr9Bw==,101,99,50.50,72.0,262,72
6-1-1-19-179605210,100058,30,1,3.33,Dcm5EYNAEATAmf3uPxziIBqVklME8ogHmyDAA6uNts/yW+//9t0PkBAFjPoqdAkywgIiSXMJuL7nGVGbe5XezLr5yIOUqpyDZSZJKFMbtIPAeT0=,198,2,99.00,84.0,1166,84
2-7-9-19-478527889,100050,30,15,50,Dci5DcMwEATA5ZI87vF1C27CqTtQpsC9uR+1I0ANSNEAk7bX/nkfv/L9A4GIiSnDwCJDMDePZFVtRKvq0a1akB4yx+QqzEDzpOdVvI8lrT7HxHnd,199,1,99.50,78.0,791,78
7-5-5-21-1458608410,100076,30,10,33.33,DcG5AcIwDABASZblR5Z/yqyQkmFoqdiOWRggs4Q7fj2uY12/8/MGJEDAP8deAkBMHJCz12JaXWiuGwEQgliPY65W18yxKGfyOIRVrbREe1Odm1NXsyGyQOD5vQE=,149,51,74.50,90.0,331,90
9-7-4-15-164016410,100055,30,19,63.33,Dcm7EYMwEAXAd3+dpBNlMQwppXhclFNX5swhbLp6be/fd//jPEBMDBI1D26hZiKa6gG05OxjFpcvL/GpkhnewEQo6xEYZkuIe+kazDSzgCdfnxs=,166,34,83.00,84.0,619,84
3-4-6-12-419305570,100031,30,18,60,DcVJEYBADATAXJvJgQOqULL6qP2jAkEowQD0p21u734+97EWsagNdyZXASIGJ0Qiqoc6sRfQxinVgcpGtQTbH5wufA==,199,1,99.50,60.0,191,60
4-3-9-17-1605583653,100030,30,22,73.33,BcG7EYQwDAVA2ZY/70m2ScgIKISIhpgh5wq7ygjZ1XP539tvfY9dQkyaSw2iJacGBJp3UlLW0gxwH3NOczM21B4JOm0MOsDYK+S5Pg==,200,0,100.00,66.0,290,66
5-2-3-25-425864613,100070,30,1,3.33,Dcy3AQIxDABAyeGdsxzoYAAomOdLVmAwhmEANsHNlSfel+fv+rid9w8gMsaZAHlwUNpwtM4LE2JKweVQcsnpsLH61oiMUFSY6DTU7LGuFY9J0zGkxqU2bY0WR49Se94ILewXN2iAKoFBxgHFBr6vPw==,27,173,13.50,117.0,2512,117
7-7-9-13-988025985,100014,30,14,46.67,Dcc5EYAwEADAe3MvDQYygwBKdCKFCgUII9utXNsR5z33+QDgQiysOoxJTD18KGBKerpgjbIMl17JLtIOhe/9AQ==,199,1,99.50,54.0,186,54
7-3-2-10-1841359378,100088,30,19,63.33,FYqxEYRADMR27bV9RxkU8TV8SgcUQW+k9ERAihklGo30X+K5r/U8fgBo+PBG4RFuZHtIWRiVpGV6TdqwLrOgnIN0g9S/lRPY9hc=,195,5,97.50,72.0,1653,72
4-4-9-18-3730833,400011,30,15,50,Dcq7EUIxDAVRfyTZvpJs6zVAK9RASFP0RUJGOQyejc7M0vO60ef3fn0fKZdKlaVxZxk1ZZYyoM1crU1bSgrfFMd7L0OBZUkRk0dX7jLFzOFYcXIPKBbUz57u/Q8=,131,69,65.50,90.0,754,90
6-9-8-20-250025255,100097,30,18,60,DcpNGcMgDADQEAKEvyRAZVRODVRCb5M4ETtMwL5paN/50bH9X7/9ep9fAHDoCUNMzJkclQqti6rX0kM1FOsjQmT/zMlMs7WpiJJWSCJqirJsZbORR6XCjgA+9QY=,183,17,91.50,84.0,276,84
7-5-8-13-684543825,200053,30,17,56.67,BcE7AYAwDATQfJrcpS0LqjCHDAZ8sLNiARXwXtuWd33O+/p2UTE38xZuoulwiMCIcDVtBQKFItlVGIOJQVZFS42eNUfOmT1kPX4=,200,0,100.00,72.0,401,72
8-6-7-14-459435605,100087,30,13,43.33,Dco7AQJBDAXAl2z+ydIhAUGYoEIEQtBxxjDAdlOMvG735+d6/64vAGKiRSJMuhQsBMUhLXO28CS3RPWsVQ4L0z0h2iHgTnTthHHW9Gy3nSZdOmdF1HZo5pz1+AM=,196,4,98.00,102.0,1526,102
1-2-6-14-876880469,100072,30,15,50,DclRDYAwDAXAt67da1dCgqKpQQIfCEEAElCBEnywv0tOx7Lfz3tc64YiVas1OqNnBehgtt6DCEGmN8LDmabGuSyAEhKJmD6/Hw==,196,4,98.00,63.0,348,63
1-6-3-22-1984343330,100051,30,5,16.67,Dcy7FUIhEABRWNgvCwu8UoztxsQW7EATW7BUORPdZOrz+o7P73av75Sh1ILEKWcBLVgTKbDiSVEqi2FzBsKuo0koswjQ7ELN1nJGWdMPFMCaxR5BzXcMIA8Lnt1tnz2k1+MP,181,19,90.50,105.0,1488,105
8-2-4-17-1727346972,100079,30,10,33.33,Dco5AYBADATA3ST35h5aNOGGAhX0lEhCCR5g6rFtud71OQ9toFBNgkBIQmKMQkHKoBWt5q31QYXB/2Gjq3sNnmqZasgjN5nFe9Iwce8f,189,11,94.50,75.0,347,75
9-8-4-10-1535162648,100040,30,12,40,BcFBEYBADAPAtEl7LWr44IA/Ck4Gwhj8YIAXDtjVujz7drznPWFupIsKkJbk8NAoGrukVCeA4Rbm3ihc3w8=,194,6,97.00,48.0,234,48
6-4-2-19-115458948,100083,30,8,26.67,FcrJDcJAEAXRXn5Pz744F7Lg6JNTIAkkwkAiIRLiiH0svcKxvW/f137/PYmZRCHGogQOpuKRz4ASpVyiuwZ2T7XCKJFc1Hp3nL+BBWpxzLF6K2XOVdtYRjkH0OPzBw==,167,33,83.50,90.0,829,90
5-5-4-20-79904548,400013,30,16,53.33,FYq7EUIxDATlL5JlW5JN9qp4KZ3QABGlUAw5TVAS4m5mg9vLz+vt/Tg/9LpDiDHlUmMKKdSS6x9Q6iV6Eahll9w84I+MiDFAR4YEbfAkYqAuUFhVyGgMMZ7acQ2dpibbl722mOmC7/ED,199,1,99.50,108.0,2453,108
8-2-4-17-1898916511,100083,30,16,53.33,BcGxEQIxDATAk3SSLdl+fzME9EBIREwhzFAGJdEQIbt8nJ/L932//V4QFSPdjQoNNkUYu5tLT2RWlcqI2R0wcw4FlgpHiVnVbLni2JLGTdUDsuWIlTEbntc/,185,15,92.50,90.0,542,90
6-5-5-15-1329917311,100061,30,4,13.33,Fcu5DUJBDABRe33ba9MlGWUQ0gQREgHNQD3wCUdPw+fT7X35PO/XByDiwkUMwkSKgOZh6sF/yKSs3VYpfqQWt/dMTk+FNU16E/JeIaDgAiG8a3Yu26oZftxu4vB9/QA=,196,4,98.00,102.0,1029,102
3-5-8-24-536888389,400013,30,2,6.67,DcnJAQIhDADAsIQbEhIOG7AA/dqJDfiyFIvxb3PufAffl8f3df+lzxMMHGDR+QA2plyccQYt1oYAuSFRqDEV7r2XFKsT1JYPESKnojw4sJuT9PBCa+iYunmLql8kMs+XSTTP4L0Ybtc/,167,33,83.50,108.0,5102,108
8-4-4-10-1758475824,200003,30,23,76.67,Y9HiMjo2L70p+KILAyMjEzMzCysjAwMbOwcHIyMjGysjBycnJwMDJzsLExMjMysjCzsnG5AvvA0A,168,32,84.00,42.0,88,42
8-5-1-22-480274331,100036,30,6,20,DcepAYNAEADA/Z877qGz6JRBBaiYVBIViaYcugA3I+/1t32vcz8+gERMgmro+MQVQCIFM8MxibRgqYsaQxMRJ3wc4UnBDkvlPkaZ06x7b7PV4cxp5KHwf90=,187,13,93.50,90.0,488,90
1-4-5-20-1432343743,100055,30,3,10,Fcq5DcMwDABASqRE8ZWMDBUYbjNLFguQvdy5NHz10Wf7nr/3BccOpZaCBK1XYKYhatVdgxKRKdREvOkUHSFh1pMYe6b5CmeMuZ7qMs1xeCyP5Aav/w0=,195,5,97.50,84.0,681,84
3-3-1-20-1662883350,100063,30,3,10,Dcy5EQIxDABA/bZk6/xQFREhKTN0Q0ZzRJRATAxbwMr99H6dL9fb8wEISEAsSmrFtKKasBtBcCtq2tmzRrFjJJpLm2KK7rqCGPCAgc4T4lh1xM6JbSf1XLFFLaX/f/h8fw==,80,120,40.00,99.0,904,99
1-3-3-18-1409009773,100096,30,2,6.67,Dci5AcIwDABAP5L1S6bJBnSpMwgTUDIvNcOQKw/ej+M6zu/z9Wl9TOgdx2yzrYXEMlQXi4krhpuBsjhRirkmB7llFEDlLifbCKHF6Zh8B6Jb3WmbQjZgNP79AQ==,178,22,89.00,96.0,2394,96
